Question,Answer
"CRM چیست و هدف اصلی آن در کسب‌وکارها چیست؟","CRM مخفف مدیریت ارتباط با مشتری (Customer Relationship Management) است؛ سیستمی برای مدیریت ساختاریافته، متمرکز و قابل پیگیری تعاملات با مشتریان بالقوه و بالفعل. هدف اصلی آن ایجاد یک رابطه‌ی بلندمدت، سودآور و مؤثر با مشتریان است."
"چرا CRM تنها یک نرم‌افزار نیست و به عنوان یک ""رویکرد جامع"" شناخته می‌شود؟","زیرا علاوه بر ابزارها و نرم‌افزار، شامل فرآیندها، استراتژی‌ها و فرهنگ سازمانی برای مدیریت مشتری نیز می‌شود."
"یک فرآیند جامع CRM شامل چه مراحلی است؟","یک فرآیند جامع CRM شامل هشت مرحله است: ۱. برگزاری کمپین، ۲. جذب سرنخ، ۳. ارزیابی و کیفیت‌سنجی سرنخ‌ها، ۴. تبدیل سرنخ به فرصت فروش، ۵. مدیریت فرآیند فروش، ۶. تبدیل به مشتری، ۷. خدمات پس از فروش و پشتیبانی، و ۸. وفادارسازی و توسعه مشتری."
"در فرآیند CRM، ""سرنخ"" (Lead) به چه کسی گفته می‌شود و چگونه ایجاد می‌شود؟","افرادی که به یک کمپین بازاریابی پاسخ می‌دهند یا به هر شکلی با برند تماس برقرار می‌کنند، به «سرنخ» تبدیل می‌شوند. یک سرنخ می‌تواند حاصل یک تماس تلفنی، یک فرم پرشده در وب‌سایت یا یک دایرکت در شبکه‌های اجتماعی باشد."
"ابزار ارزیابی BANT در کدام مرحله از فرآیند CRM و برای چه منظوری به کار می‌رود؟","مدل BANT که مخفف بودجه، اختیار تصمیم، نیاز و زمان است، در مرحله ""ارزیابی و کیفیت‌سنجی سرنخ‌ها"" (Lead Qualification) استفاده می‌شود تا مشخص شود آیا یک سرنخ ارزش پیگیری توسط تیم فروش را دارد یا خیر."
"تفاوت کلیدی بین ""سرنخ"" (Lead) و ""فرصت فروش"" (Opportunity) در چیست؟","اگر یک سرنخ پس از ارزیابی، ارزشمند و دارای پتانسیل خرید تشخیص داده شود، به مرحله بعد منتقل شده و به عنوان یک «فرصت فروش» در نظر گرفته می‌شود. در این مرحله، نماینده فروش برای پیشبرد فرآیند، تعامل مستقیم و عمیق‌تری را با او آغاز می‌کند."
"پس از اینکه یک فرصت فروش به مشتری واقعی تبدیل شد، چرخه مدیریت ارتباط با مشتری چگونه ادامه می‌یابد؟","وقتی معامله نهایی می‌شود، مشتری وارد چرخه نگهداری و توسعه می‌شود که شامل مراحل خدمات پس از فروش و پشتیبانی، و همچنین وفادارسازی و توسعه مشتری (از طریق فروش مکمل و برنامه‌های وفاداری) برای افزایش ارزش طول عمر مشتری (CLV) است."
"آیا سازمان‌ها ملزم به اجرای تمام مراحل چرخه CRM هستند؟","خیر، سازمان‌ها بسته به بلوغ، صنعت یا نیازهایشان می‌توانند فقط روی بخش خاصی از این چرخه تمرکز کنند. برای مثال، یک شرکت ممکن است از CRM صرفاً برای گزارش‌گیری عملکرد تیم فروش خود استفاده کند."
"این تصور که CRM کار فروش را لزوماً راحت‌تر می‌کند، چرا دقیق نیست؟","این تصور دقیق نیست زیرا CRM فرآیند فروش را خودکار نمی‌کند و جایگزین مهارت‌های انسانی فروشنده مانند مذاکره و تعامل نمی‌شود. فروش همچنان یک فرآیند مبتنی بر مهارت‌های نرم است."
"CRM به جای ""راحت‌تر کردن"" فروش، چه کمک مشخصی به فرآیند فروش و مدیریت آن می‌کند؟","کاری که CRM انجام می‌دهد، فراهم کردن داده‌های دقیق، ساختاریافته و قابل گزارش‌گیری است. این داده‌ها به مدیران کمک می‌کنند تا تصمیم‌گیری‌های خود را به جای حدس و گمان، بر اساس واقعیت‌های میدانی و اطلاعات دقیق انجام دهند."
"گزارش‌گیری در سیستم CRM به مدیران امکان پاسخ به چه سوالات کلیدی‌ای را می‌دهد؟ (حداقل سه مورد)","مدیران می‌توانند پاسخ سوالاتی از این قبیل را بیابند: نرخ تبدیل سرنخ به مشتری چقدر است؟ کدام فروشنده بیشترین تعداد قرارداد را بسته است؟ کدام کمپین بازاریابی بیشترین بازدهی را داشته است؟ میانگین زمان لازم برای بستن یک فرصت فروش چقدر است؟"
"بر اساس متن، مهم‌ترین پیامد استفاده از گزارش‌های CRM برای تصمیم‌گیری‌های مدیریتی چیست؟","مهم‌ترین پیامد این است که تصمیم‌گیری‌ها به جای اتکا به حدس و گمان، بر اساس داده‌های واقعی و حقایق میدانی انجام می‌شود که منجر به مدیریت هوشمندانه‌تر و کارآمدتر می‌شود."
"بر اساس تعریف ارائه شده، ""بازاریابی"" شامل چه فعالیت‌هایی می‌شود؟","بازاریابی به مجموعه فعالیت‌ها و فرایندهایی اطلاق می‌شود که با هدف شناسایی، جذب و علاقه‌مند کردن مشتریان بالقوه قبل از نهایی شدن فروش انجام می‌گیرد."
"هدف اصلی فعالیت‌های بازاریابی در یک سازمان چیست؟","کمک به سازمان‌ها برای مدیریت دقیق و ساختاریافته مسیر حرکت مخاطبان از مرحله آشنایی اولیه."
"یک ""کمپین بازاریابی"" در سیستم مدیریت ارتباط با مشتریان (CRM) چه تعریفی دارد؟","مجموعه‌ای از اقدامات برنامه‌ریزی‌شده که با هدفی مشخص، مانند معرفی یک محصول، جذب مشتریان جدید، یا ارتقای آگاهی از برند، طراحی و اجرا می‌شود."
"یک کمپین بازاریابی می‌تواند شامل چه نوع روش‌های ارتباطی‌ای باشد؟","یک کمپین می‌تواند شامل فعالیت‌هایی نظیر ارسال ایمیل، تماس تلفنی، تبلیغات دیجیتال، رویدادها یا سایر روش‌های ارتباطی باشد."
"مدیریت متمرکز کمپین‌ها در CRM چه مزایایی را برای یک کسب‌وکار به همراه دارد؟","این کار امکان ارزیابی اثربخشی کمپین‌ها، تحلیل نتایج آن‌ها و اندازه‌گیری نرخ تبدیل سرنخ‌ها به فرصت‌های فروش را فراهم می‌سازد."
"ابزار ""کمپین"" در سیستم مدیریت ارتباط با مشتریان (CRM) با چه هدفی طراحی شده است؟","این ابزار به منظور برنامه‌ریزی، اجرا و ارزیابی فعالیت‌های بازاریابی و تبلیغاتی طراحی شده و به شرکت‌ها کمک می‌کند تا مخاطبان هدف خود را بهتر شناسایی کرده و بازدهی فعالیت‌هایشان را افزایش دهند."
"ویژگی‌های کلیدی کمپین در یک سیستم مدیریت ارتباط با مشتریان شامل چه مواردی است؟","ویژگی‌های کلیدی عبارتند از: برنامه‌ریزی دقیق با تعیین زمان‌بندی و بودجه، امکان تفکیک مخاطبان برای ارسال پیام‌های شخصی‌سازی‌شده، و قابلیت اندازه‌گیری نرخ بازگشت سرمایه (ROI) و تحلیل عملکرد."
"برای تعریف یک کمپین جدید در فرم مربوطه، چه اطلاعاتی باید در ابتدا وارد شود؟","در فرم تعریف کمپین، ابتدا باید عنوان، نوع کمپین (مانند ایمیلی، پیامکی، تلفنی، رویداد حضوری)، و تاریخ شروع و پایان آن وارد شود."
"پس از وارد کردن اطلاعات اولیه مانند عنوان و تاریخ، چه جزئیات دیگری برای تکمیل فرم کمپین باید مشخص گردد؟","پس از تکمیل اطلاعات اولیه، می‌توان بودجه کمپین و مخاطبان هدف را مشخص نمود."
"بر اساس مثال شرکت ارائه‌دهنده خدمات اینترنتی، هدف از تعریف یک کمپین پیامکی چه بود؟","هدف، ارائه طرح ویژه‌ای برای مشترکین جدید در منطقه غرب تهران و جذب حداقل ۵۰۰ مشتری جدید طی ۱۰ روز بود."
"پس از اتمام یک کمپین، چگونه می‌توان میزان موفقیت آن را ارزیابی کرد؟","پس از اتمام کمپین، گزارش‌هایی از معیارهایی مانند نرخ باز شدن پیام‌ها، تماس‌های ورودی، و ثبت‌نام‌های جدید تهیه می‌شود تا میزان موفقیت کمپین در دستیابی به اهدافش ارزیابی شود."
"در فرم ایجاد کمپین، تکمیل کدام فیلدها اجباری است؟","فیلدهای اجباری عبارتند از: نام کمپین، نوع، تاریخ شروع و پایان، و کاربر پیگیری کننده."
"فیلد ""نوع کمپین"" چه کاربردی دارد و چه مقادیری را می‌تواند شامل شود؟","این فیلد برای گزارش‌گیری‌های سیستمی در مورد اثربخشی کمپین‌ها استفاده می‌شود و می‌تواند شامل مقادیری مانند تلفنی، نمایشگاه و غیره باشد."
"منظور از ""کاربر پیگیری کننده"" در یک کمپین چیست؟","کاربر پیگیری کننده، کاربر سیستمی است که به عنوان مسئول پاسخگویی روی نتایج کمپین تعیین می‌شود."
"در فرم کمپین، چه تفاوتی بین فیلدهای ""بودجه""، ""هزینه واقعی"" و ""درآمد مورد انتظار"" وجود دارد؟","""بودجه"" مبلغ تخصیص داده شده برای کمپین است، ""درآمد مورد انتظار"" تخمینی از درآمد حاصل از آن است، و ""هزینه واقعی"" مبلغی است که پس از پایان کمپین عملاً خرج شده است."
"فیلد اختیاری ""مرحله"" در یک کمپین چه وضعیت‌هایی را نشان می‌دهد؟","این فیلد وضعیت کمپین را مشخص می‌کند و شامل مقادیر ""برنامه ریزی شده"" (برای آینده)، ""در حال اجرا"" (برای کمپین‌های جاری) و ""پایان یافته"" است."
"فیلد ""کمپین مادر"" چه زمانی و برای چه هدفی مورد استفاده قرار می‌گیرد؟","در صورتی که نیاز به ایجاد دسته‌بندی روی کمپین‌ها وجود داشته باشد، از فیلد کمپین مادر استفاده می‌شود."
"درج ""تاریخ شروع و پایان"" برای یک کمپین چه هدفی را دنبال می‌کند؟","مدت زمان برگزاری کمپین در این فیلدها وارد می‌شود و هدف آن استفاده برای اعلانات تیمی است."
"در صفحه مشاهده کمپین، چه امکانات اصلی در اختیار کاربر قرار می‌گیرد؟","امکانات اصلی عبارتند از: مشاهده‌ی اعضای کمپین به صورت یکجا، مشاهده‌ی فعالیت‌های انجام‌شده، مشاهده‌ی خلاصه‌ای از اطلاعات اصلی، و مدیریت مرحله کمپین."
"بخش ""مشاهده‌ی اعضای کمپین"" چه اطلاعاتی را نمایش می‌دهد و چه قابلیت‌هایی دارد؟","این بخش کمپین‌های زیرمجموعه، سرنخ‌ها، افراد و مشتریان شرکت‌کننده در کمپین را نمایش می‌دهد و به کاربر اجازه می‌دهد اعضای جدیدی را از رکوردهای موجود اضافه کرده یا یک مورد جدید ایجاد نماید."
"در صفحه مشاهده کمپین، چه تفاوتی بین ""فعالیت‌های باز"" و ""تاریخچه فعالیت‌ها"" وجود دارد؟","""فعالیت‌های باز"" شامل فعالیت‌هایی (تماس، جلسه، وظیفه، یادداشت) با وضعیت ""برنامه‌ریزی شده"" هستند که نیاز به اقدام دارند. فعالیت‌هایی که در وضعیتی غیر از این باشند، به عنوان فعالیت بسته شده در ""تاریخچه فعالیت‌ها"" قرار می‌گیرند."
"چرا خلاصه‌ای از اطلاعات اصلی کمپین در بالای صفحه مشاهده نمایش داده می‌شود؟","این اطلاعات برای دسترسی سریع‌تر در بالای صفحه قرار گرفته‌اند، زیرا کاربران در اکثر موارد برای مشاهده و بررسی همین اطلاعات اصلی به این فرم مراجعه می‌کنند."
"برای تغییر مرحله یک کمپین در صفحه مشاهده آن، چند روش وجود دارد و آن‌ها چه هستند؟","دو روش وجود دارد: اول، کلیک بر روی مراحل نمایش داده شده در نوار بصری و تایید تغییر. دوم، استفاده از فیلد چند گزینه‌ای مراحل که در بالای همین نوار قرار دارد."
"چه انواعی از فعالیت‌ها را می‌توان در یک کمپین ثبت و پیگیری کرد؟","چهار نوع فعالیت قابل ثبت است: تماس، جلسه، وظیفه و یادداشت."
"هدف از نمایش مراحل کمپین به صورت یک نوار بصری در صفحه مشاهده چیست؟","هدف از این کار، دادن یک حس کلی و سریع به کاربر از مرحله فعلی کمپین و همچنین فراهم کردن دسترسی ساده برای تغییر و بروزرسانی آن است."
"در بخش ""فهرست کمپین""، کاربر چه اطلاعاتی را می‌تواند مشاهده کند؟","در این قسمت، کاربر می‌تواند فهرستی از تمام کمپین‌هایی که به آن‌ها دسترسی دارد را مشاهده نماید."
"چگونه یک کاربر می‌تواند نمای ""فهرست کمپین"" را برای خود شخصی‌سازی کند؟","هر کاربر این امکان را دارد که ستون‌های نمایشی را به صورت مجزا برای خود تنظیم کند تا بتواند با یک نگاه کلی، اطلاعات لازم از کمپین‌ها را مشاهده نماید."
"قابلیت فیلترهای پیشرفته در فهرست کمپین چه امکاناتی را ارائه می‌دهد؟","این قابلیت به کاربر اجازه می‌دهد تا کمپین‌های مورد نظر خود را با اعمال فیلترهای دقیق مشاهده کرده و همچنین فهرست فیلتر شده را برای کاربران دیگر سیستم ارسال کند."
"فرآیند ""پیش از فروش"" در چرخه فروش از چه مرحله‌ای آغاز و به چه مرحله‌ای ختم می‌شود؟","فرآیند پیش از فروش پس از جذب سرنخ (Lead) آغاز شده و تا مرحله صدور پیش‌فاکتور ادامه پیدا می‌کند."
"فعالیت‌های اصلی و تمرکز اصلی در فرآیند پیش از فروش چیست؟","تمرکز اصلی بر ارزیابی نیازهای مشتری، ارائه مشاوره تخصصی، پاسخ‌گویی دقیق به سوالات و ایجاد ارتباط مؤثر برای اعتمادسازی است."
"فرآیند پیش از فروش چه نقشی در آماده‌سازی مشتری برای خرید دارد؟","این فرآیند نقش کلیدی در آماده‌سازی مشتری برای تصمیم‌گیری نهایی و تسهیل روند فروش ایفا می‌کند."
"در یک ماژول مدیریت ارتباط با مشتریان، بخش ""فرآیند پیش از فروش"" شامل چه اجزایی است؟","این بخش شامل موارد زیر است: سرنخ ها، افراد، مشتری ها، فرصت ها و پیش فاکتورها."
"در حوزه بازاریابی و فروش، ""سرنخ"" (Lead) به چه معناست؟","سرنخ به فرد یا سازمانی اطلاق می‌شود که به یک محصول یا خدمت علاقه‌مند شده و پتانسیل تبدیل شدن به مشتری را دارد. این اطلاعات در ابتدا به عنوان داده خام در نظر گرفته می‌شوند."
"هدف اصلی از فرآیند جمع‌آوری و مدیریت سرنخ‌ها چیست؟","هدف اصلی، شناسایی و جذب مشتریان بالقوه و هدایت آن‌ها به سمت خرید یا استفاده از خدمات است."
"سرنخ‌ها معمولاً از چه کانال‌ها و روش‌هایی به دست می‌آیند؟","سرنخ‌ها از طریق روش‌های مختلفی مانند فرم‌های وبسایت، کمپین‌های بازاریابی، رویدادها، معرفی‌ها، نمایشگاه‌های تجاری، سمینارها و تبلیغات جمع‌آوری می‌شوند."
"فرآیند رسیدگی به یک سرنخ از زمان جمع‌آوری تا تبدیل شدن آن شامل چه مراحلی است؟","ابتدا اطلاعات خام سرنخ جمع‌آوری می‌شود. سپس نمایندگان فروش آن را پیگیری می‌کنند و در صورتی که سرنخ واجد شرایط تشخیص داده شود، به یک حساب، فرد یا فرصت فروش تبدیل می‌شود."
"چرا نحوه مدیریت سرنخ‌ها توسط بخش فروش برای یک سازمان حیاتی است؟","زیرا رویکرد بخش فروش در مدیریت و پیگیری سرنخ‌ها تا زمانی که برای تبدیل شدن به مشتریان احتمالی واجد شرایط شوند، می‌تواند به طور قابل توجهی بر موفقیت یک سازمان تأثیر بگذارد."
"یک سرنخ پس از طی کردن فرآیند پیگیری توسط نماینده فروش و تایید صلاحیت، به چه مواردی می‌تواند تبدیل شود؟","یک سرنخ واجد شرایط، در صورت نیاز می‌تواند به یک حساب (Account)، فرد (Contact) و یا یک فرصت (Opportunity) تبدیل شود."
"بر اساس مثال ارائه شده، چگونه اطلاعات بازدیدکنندگان یک غرفه نمایشگاهی به سرنخ‌های قابل پیگیری تبدیل می‌شوند؟","با ثبت نام و شماره همراه افرادی که از غرفه بازدید کرده‌اند و وارد کردن این اطلاعات در فرم سرنخ پس از نمایشگاه، این داده‌ها برای پیگیری‌های جدی‌تر آماده می‌شوند."
"فرآیند ""ایجاد سرنخ"" در سیستم مدیریت ارتباط با مشتریان (CRM) چه نقشی دارد؟","این فرآیند یکی از بخش‌های بنیادین CRM است که با شناسایی و جذب افراد یا سازمان‌های علاقه‌مند به محصولات، نقش کلیدی در آغاز مسیر فروش و پایه‌گذاری تعاملات بعدی با مشتریان بالقوه ایفا می‌کند."
"تمرکز اصلی در فرآیند ایجاد سرنخ بر روی چیست؟","تمرکز اصلی بر جمع‌آوری اطلاعات ارزشمند از مخاطبان و انتقال آن‌ها به مراحل بعدی چرخه فروش است."
"ویژگی‌های کلیدی فرآیند ایجاد سرنخ در یک سیستم CRM شامل چه مواردی است؟","این ویژگی‌ها شامل: شناسایی منابع جذب سرنخ (مانند وب‌سایت، رویدادها)، ثبت و ذخیره‌سازی اطلاعات کلیدی مخاطبان، و تخصیص سرنخ‌ها به کارشناسان فروش است."
"چرا تخصیص سرنخ‌ها به کارشناسان فروش یک ویژگی مهم در فرآیند مدیریت سرنخ محسوب می‌شود؟","زیرا این کار به پیگیری هدفمند سرنخ‌ها و در نتیجه، افزایش نرخ تبدیل آن‌ها به مشتری منجر می‌شود."
"اطلاعات کلیدی که از مخاطبان در مرحله ایجاد سرنخ ثبت و ذخیره می‌شود، چه کاربردی در آینده دارد؟","این اطلاعات برای استفاده در مراحل بعدی فرآیند پیش از فروش نگهداری می‌شوند."
"برای ایجاد یک رکورد سرنخ جدید، تکمیل کدام فیلدها اجباری است؟","فیلدهای اجباری عبارتند از: نوع (حقیقی یا حقوقی)، پیشوند (عنوان و جنسیت مانند جناب آقای/سرکار خانم)، و نام و نام خانوادگی."
"فیلد ""نوع"" سرنخ چگونه بر فرآیند فروش و ایجاد مشتری تأثیر می‌گذارد؟","این فیلد مشخص می‌کند که آیا سرنخ یک شخص حقیقی است یا یک شرکت (حقوقی). این اطلاعات به تعیین استراتژی ارتباط کمک کرده و در زمان تبدیل، نوع مشتری (حقیقی یا حقوقی) را برای ایجاد در سیستم مشخص می‌کند."
"فیلد ""پیشوند"" (Salutation) چه کاربردهایی در شخصی‌سازی تعاملات دارد؟","این فیلد با مشخص کردن عنوان و جنسیت سرنخ، امکان شروع بهتر مکالمات، ارسال پیام‌های شخصی‌سازی‌شده (مانند ایمیل) و هدف‌گذاری کمپین‌های بازاریابی بر اساس جنسیت را فراهم می‌کند."
"تفاوت کلیدی بین فیلدهای ""کد ملی"" و ""شناسه ملی"" در فرم سرنخ چیست؟","""کد ملی"" یک کد ۱۰ رقمی برای شناسایی منحصربه‌فرد اشخاص حقیقی (افراد) است، در حالی که ""شناسه ملی"" یک کد ۱۱ رقمی برای شناسایی منحصربه‌فرد اشخاص حقوقی (شرکت‌ها و سازمان‌ها) به کار می‌رود."
"فیلد ""حساب"" (Company) به طور خاص در چه نوع بازاریابی‌ای اهمیت دارد و چرا؟","این فیلد در بازاریابی B2B (شرکت به شرکت) بسیار مفید است، زیرا در این مدل، تصمیم‌گیرنده اصلی خود شرکت است و این فیلد به شناسایی هویت سازمانی سرنخ کمک می‌کند."
"چگونه سه فیلد ""منبع سرنخ""، ""توضیحات منبع"" و ""کمپین"" به صورت یکپارچه به تحلیل دقیق بازاریابی کمک می‌کنند؟","""منبع سرنخ"" کانال کلی جذب را نشان می‌دهد (مثلاً اینستاگرام). ""کمپین"" برنامه بازاریابی خاصی که در آن کانال اجرا شده را مشخص می‌کند (مثلاً تخفیف یلدا). ""توضیحات منبع"" جزئیات بیشتری مانند نام معرف یا لینک دقیق را ثبت می‌کند. ترکیب این سه، تصویری کامل از عملکرد هر فعالیت بازاریابی ارائه می‌دهد."
"مراحل مختلف چرخه عمر یک سرنخ که در فیلد ""وضعیت سرنخ"" (Lead Status) ثبت می‌شود، کدامند؟","این مراحل عبارتند از: جدید (سرنخ تازه وارد شده)، اختصاص یافته (سرنخ به یک کارشناس متصل شده)، در جریان (کارشناس در حال بررسی سرنخ است)، تبدیل شده (سرنخ به مشتری تبدیل شده) و از دست رفته (فرآیند تبدیل ناموفق بوده است)."
"بر اساس توضیحات متن، فرآیند تغییر وضعیت یک سرنخ از ""جدید"" به ""در جریان"" چگونه است؟","ابتدا سرنخ در وضعیت ""جدید"" است. وقتی به یک کارشناس متصل شد، وضعیت به ""اختصاص یافته"" تغییر می‌کند. زمانی که آن کارشناس شروع به بررسی و تعامل با سرنخ می‌کند، وضعیت را به ""در جریان"" تغییر می‌دهد."
"فیلد ""کاربر"" (User) در فرم سرنخ چه اطلاعاتی را در خود جای داده است؟","این فیلد مشخص می‌کند که کدام کاربر یا کارشناس فروش، مسئولیت پیگیری و مدیریت آن سرنخ خاص را بر عهده دارد."
"فیلد ""میزان جذابیت"" (Rating) چگونه به اولویت‌بندی و اتوماسیون فرآیند فروش کمک می‌کند؟","این فیلد پتانسیل سرنخ برای تبدیل شدن به مشتری را نشان می‌دهد، که باعث می‌شود سرنخ‌های با امتیاز بالاتر برای پیگیری در اولویت قرار گیرند. همچنین سیستم می‌تواند بر اساس این امتیاز، اقدامات خودکاری مانند ارسال ایمیل انجام دهد."
"استفاده از فیلد ""صنعت"" برای دسته‌بندی سرنخ‌ها چه مزایایی دارد؟","این کار به تخصیص سرنخ‌ها به کارشناسان متخصص در آن صنعت، ارائه پیشنهادات هدفمند و تحلیل رفتار مشتریان بر اساس هر صنعت کمک می‌کند."
"فیلد ""محصول یا خدمات مورد علاقه"" چه کمکی به کارشناس فروش می‌کند؟","این فیلد به فروشنده کمک می‌کند تا مکالمه را مستقیماً روی محصول یا خدمت مورد علاقه سرنخ متمرکز کند و از ارائه اطلاعات غیرمرتبط که باعث اتلاف وقت می‌شود، جلوگیری نماید."
"ثبت ""دلیل از دست رفتن"" یک سرنخ چه اهمیت استراتژیکی برای یک سازمان دارد؟","تحلیل این دلایل به شرکت کمک می‌کند تا نقاط ضعف فرآیند فروش خود را شناسایی کرده، موانع خرید را درک کند و با برطرف کردن آن‌ها، نرخ تبدیل سرنخ‌های آینده را افزایش دهد."
"در صورت اتصال سیستم تلفنی (VoIP) به CRM، وجود شماره تلفن سرنخ چه مزیتی ایجاد می‌کند؟","این اتصال به سیستم کمک می‌کند تا در هنگام تماس ورودی، فرد تماس گیرنده را به سرعت از روی شماره تلفن شناسایی کند."
"فیلد ""داخلی"" در اطلاعات تماس سرنخ چه کاربردی دارد؟","اگر شماره تماس ثبت شده مربوط به یک شرکت باشد، با استفاده از فیلد داخلی می‌توان به صورت مستقیم با فرد مورد نظر در آن سازمان ارتباط برقرار کرد."
"فیلد ""نوع"" در سیستم CRM چه چیزی را مشخص می‌کند؟","فیلد ""نوع"" به شناسایی وضعیت حقوقی سرنخ‌ها کمک می‌کند و مشخص می‌کند که آیا سرنخ مربوط به یک شخص حقیقی است یا یک شخص حقوقی."
"چگونه فیلد ""نوع"" سرنخ در فرآیند تبدیل آن به مشتری تاثیرگذار است؟","در صورتی که سرنخ یک شخص حقیقی باشد، یک مشتری حقیقی ایجاد می‌شود و در صورتی که حقوقی باشد، مشتری حقوقی ثبت می‌گردد. این کار به ذخیره‌سازی دقیق و منظم اطلاعات مشتریان کمک می‌کند."
"استفاده از فیلد ""پیشوند"" (Salutation) چه کمکی به شخصی‌سازی ارتباط با مشتریان می‌کند؟","این فیلد با مشخص کردن عناوینی مانند ""جناب آقای"" یا ""سرکار خانم""، امکان شناسایی جنسیت و استفاده از لحن مناسب در تعاملات و همچنین شخصی‌سازی پیام‌های تبلیغاتی را فراهم می‌کند."
"ثبت ""نام و نام خانوادگی"" یک سرنخ در CRM چه مزایایی دارد؟","این اطلاعات امکان شناسایی منحصربه‌فرد سرنخ‌ها، ایجاد ارتباطات دوستانه‌تر و حرفه‌ای‌تر، و کمک به تیم‌های فروش و بازاریابی برای تجزیه و تحلیل داده‌ها را فراهم می‌کند."
"فیلد ""کد ملی"" چه کاربردهای اصلی در مدیریت سرنخ‌ها دارد؟","کاربردهای اصلی آن شامل شناسایی دقیق مشتری و جلوگیری از ثبت تکراری، اعتبارسنجی خودکار هویت، و امکان جستجوی سریع سوابق و تعاملات قبلی مشتری است."
"در بازاریابی B2B، چرا فیلد ""حساب"" (Company) اهمیت زیادی دارد؟","زیرا در فروش به سازمان‌ها (B2B)، تصمیم‌گیرنده نهایی معمولاً خود شرکت است، بنابراین شناسایی هویت سازمانی سرنخ از نام شخص مهم‌تر است."
"فیلد ""شناسه ملی"" برای چه نوع موجودیتی استفاده می‌شود و معادل چیست؟","این فیلد برای شناسایی منحصربه‌فرد اشخاص حقوقی (شرکت‌ها، سازمان‌ها) استفاده می‌شود و یک کد ۱۱ رقمی است که معادل کد ملی برای اشخاص حقیقی محسوب می‌گردد."
"چگونه تحلیل فیلد ""منبع سرنخ"" (Lead Source) به بهینه‌سازی استراتژی‌های بازاریابی کمک می‌کند؟","با تحلیل این فیلد می‌توان کانال‌های بازاریابی مؤثرتر را شناسایی کرده و با تخصیص سرمایه‌گذاری بیشتر به آن‌ها، استراتژی‌های جذب سرنخ را بهینه‌سازی نمود."
"چه تفاوتی بین فیلد ""منبع سرنخ"" و فیلد ""توضیحات منبع"" وجود دارد؟","""منبع سرنخ"" کانال اصلی جذب را مشخص می‌کند (مانند وبسایت)، در حالی که ""توضیحات منبع"" جزئیات تکمیلی مانند نام کمپین خاص یا لینک دقیق تبلیغ را ثبت می‌نماید."
"چگونه فیلد ""کمپین"" به بهینه‌سازی بودجه بازاریابی کمک می‌کند؟","با مقایسه نرخ تبدیل سرنخ‌ها از کمپین‌های مختلف، می‌توان منابع مالی را به مؤثرترین استراتژی‌ها و کمپین‌ها اختصاص داد."
"مراحل مختلف چرخه عمر یک سرنخ بر اساس فیلد ""وضعیت سرنخ"" (Lead Status) کدامند؟","مراحل شامل: جدید (New)، اختصاص یافته (Assigned)، در جریان (In Progress)، تبدیل شده (Converted)، و از دست رفته (Lost) است."
"وقتی وضعیت یک سرنخ به ""در جریان"" تغییر می‌کند، این نشان‌دهنده چیست و چه اقدامی باید انجام شود؟","این وضعیت نشان می‌دهد که کارشناس تخصیص یافته، بررسی سرنخ را آغاز کرده است. پس از این مرحله، سرنخ یا به مشتری تبدیل می‌شود یا به وضعیت ""از دست رفته"" تغییر می‌کند."
"در صورتی که یک سرنخ به وضعیت ""از دست رفته"" تغییر یابد، ثبت چه اطلاعاتی ضروری است و چرا؟","ثبت دلیل از دست رفتن ضروری است تا با تحلیل این دلایل، نقاط ضعف فرآیند فروش شناسایی و برطرف شوند."
"فیلد ""میزان جذابیت"" چه نقشی در اولویت‌بندی فعالیت‌های فروش دارد؟","این فیلد با نشان دادن پتانسیل تبدیل سرنخ به مشتری، به تیم فروش کمک می‌کند تا سرنخ‌های با امتیاز بالاتر را برای پیگیری فوری در اولویت قرار دهند."
"فیلد ""محصول یا خدمات مورد علاقه"" چگونه به فروشنده در تعامل با سرنخ کمک می‌کند؟","این فیلد به فروشنده اجازه می‌دهد تا به جای مرور کل کاتالوگ، مستقیماً روی محصول یا خدمت مورد علاقه سرنخ تمرکز کرده و پیشنهادات هدفمند و شخصی‌سازی شده ارائه دهد."
"تحلیل فیلد ""دلیل از دست رفتن"" چه فایده‌ای برای یک سازمان دارد؟","تحلیل دلایل ثبت شده به سازمان کمک می‌کند تا نقاط ضعف فرآیند فروش خود را شناسایی کرده و با تهیه گزارش از رایج‌ترین دلایل، برای برطرف کردن آن‌ها اقدام کند."
"از اطلاعات فیلد ""آدرس"" در سیستم CRM چه استفاده‌های استراتژیکی می‌توان کرد؟","می‌توان از آن برای مکانیابی روی نقشه جهت برنامه‌ریزی مراجعات حضوری، تحلیل منطقه‌ای برای شناسایی مناطق پرپتانسیل بازاریابی، و تخصیص سرنخ‌ها به کارشناسان بر اساس منطقه جغرافیایی استفاده کرد."
"در چه شرایطی از فیلد ""داخلی"" در اطلاعات تماس سرنخ استفاده می‌شود؟","در صورتی که شماره تماس ثبت شده برای سرنخ، شماره تلفن یک شرکت یا سازمان باشد، از فیلد ""داخلی"" برای وارد کردن شماره مستقیم فرد مورد نظر استفاده می‌شود."
"چگونه فیلد ""صنعت و زیر صنعت"" به تخصیص بهینه سرنخ‌ها به کارشناسان فروش کمک می‌کند؟","اگر یک کارشناس تخصص بیشتری در یک صنعت خاص داشته باشد، می‌توان تمام سرنخ‌های مرتبط با آن صنعت را به او اختصاص داد تا فرآیند فروش با کیفیت بالاتری انجام شود."
"چه استنباطی می‌توان از اهمیت اتصال سیستم تلفنی (VoIP) به CRM بر اساس توضیحات فیلد ""شماره تلفن"" داشت؟","اتصال این دو سیستم به شناسایی سریع‌تر هویت فرد تماس گیرنده کمک می‌کند و کارایی فرآیند پاسخگویی و مدیریت ارتباطات را افزایش می‌دهد."
"پس از ذخیره‌سازی یا کلیک بر روی نام سرنخ، کاربر به کدام صفحه هدایت می‌شود؟","پس از ذخیره‌سازی یک رکورد سرنخ یا کلیک بر روی نام یک سرنخ، کاربر به صفحه‌ی مشاهده‌ی آن سرنخ هدایت‌می‌شود."
"قسمت مشاهده فعالیت‌های انجام شده در فرم سرنخ شامل چه بخش‌هایی است و چه نوع فعالیت‌هایی را در بر می‌گیرد؟","قسمت مشاهده فعالیت‌های انجام شده شامل دو بخش فعالیت های باز و تاریخچه فعالیت ها میباشد. فعالیت شامل تماس، جلسه، وظیفه و یادداشت میباشد."
"فعالیت‌های باز در بخش مشاهده فعالیت‌ها، کدام وضعیت را شامل می‌شوند؟","فعالیت‌های باز شامل تمام 4 مورد (تماس، جلسه، وظیفه، یادداشت) در وضعیت "برنامه ریزی شده" می‌باشد."
"اگر فعالیتی در وضعیتی غیر از ""برنامه ریزی شده"" باشد، در کدام بخش از مشاهده فعالیت‌ها قرار می‌گیرد؟","اگر فعالیتی در وضعیتی جز برنامه ریزی شده باشد، در بخش تاریخچه فعالیت ها به عنوان فعالیت های بسته شده قرار می‌گیرد."
"چرا اطلاعات فعالیت‌ها در فرم مشاهده سرنخ بخش اصلی صفحه را به خود اختصاص داده است؟","به علت اهمیت زیاد فعالیت ها بر روی فرم سرنخ، در فرم مشاهده سرنخ تمام صفحه اصلی به اطلاعات فعالیت ها تخصیص داده شده است."
"هدف از قرار دادن خلاصه‌ای از اطلاعات اصلی سرنخ در بالای صفحه مشاهده سرنخ چیست؟","برخی از اطلاعات اصلی سرنخ که در اکثر موارد برای مشاهده و بررسی کردن این اطلاعات به فرم مشاهده سرنخ مراجعه میشود، جهت دسترسی سریع تر در بالای صفحه قرار گرفته است."
"مدیریت مرحله سرنخ به چه صورت در فرم مشاهده سرنخ نمایش داده می‌شود و چگونه می‌توان آن را بروزرسانی کرد؟","مدیریت مرحله سرنخ به صورت نوار نمایش داده شده است و با کلیک بر روی این مراحل و تایید تغییر وضعیت می‌توان مرحله سرنخ را بروزرسانی نمود."
"چه راه دیگری برای بروزرسانی مرحله سرنخ علاوه بر کلیک بر روی نوار مراحل وجود دارد؟","فیلد چند گزینه‌ای این مراحل نیز در بالای نوار مراحل وجود دارد که در صورت نیاز از مسیر گزینه‌های این فیلد می‌توان مرحله را بروزرسانی کرد."
"در قسمت ""رکورد های مرتبط"" چه نوع اطلاعاتی نمایش داده می‌شود؟","در قسمت ""رکورد های مرتبط"" فرم‌هایی که با سرنخ رابطه یک به چند دارند نمایش داده می‌شود."
"میز کار چیست و کاربر در چه زمانی آن را مشاهده می‌کند؟","میز کار یک صفحه‌ی مرکزی است که کاربر پس از ورود به سیستم، اولین چیزی است که مشاهده می‌کند و از طریق آن به اطلاعات و عملکردهای مهم خود دسترسی سریع دارد."
"منظور از دشلت (Widget) در میز کار چیست؟","دشلت‌ها، اجزای کوچکی هستند که اطلاعات یا ابزار خاصی را نمایش می‌دهają، مانند لیست وظایف باز، نمودار فروش یا یادداشت‌های اخیر."
"سه مورد از ویژگی‌های کلیدی میز کار را نام ببرید.","شخصی‌سازی کامل، استفاده از دشلت‌ها (Widgets)، و قابلیت تنظیم اندازه و موقعیت دشلت‌ها."
"کاربر چگونه می‌تواند چیدمان میز کار خود را تغییر دهد؟","کاربر می‌تواند اندازه هر دشلت را کوچک یا بزرگ کند، آن‌ها را جابه‌جا کند و چیدمان را کاملاً مطابق با نیاز خود تغییر دهد."
"قابلیت فیلتر در دشلت‌ها چه امکانی را فراهم می‌کند؟","این قابلیت به کاربر اجازه می‌دهد تا اطلاعات نمایش داده شده در یک دشلت را محدود کند، برای مثال فقط وظایف با اولویت بالا یا فعالیت‌های مربوط به امروز را مشاهده نماید."
"میز کار چگونه به طور همزمان کاربرد عملیاتی و تحلیلی دارد؟","میز کار هم برای انجام سریع فعالیت‌های روزمره (کاربرد عملیاتی) و هم برای نظارت و تحلیل داده‌ها مانند بررسی نرخ تبدیل سرنخ‌ها (کاربرد تحلیلی) استفاده می‌شود."
"هدف اصلی از طراحی میز کار در یک سیستم CRM چیست؟","افزایش بهره‌وری کاربران، کمک به تمرکز روی کارهای ضروری، حذف نیاز به جست‌وجوهای زیاد و فراهم کردن تجربه‌ی شخصی‌سازی‌شده برای هر نقش سازمانی."
"چگونه میز کار به افزایش بهره‌وری کاربران کمک می‌کند؟","با فراهم کردن دسترسی سریع به اطلاعات مهم و عملکردهای کلیدی، نیاز به جستجو در ماژول‌های مختلف را کاهش داده و به کاربر اجازه می‌دهد روی کارهای ضروری تمرکز کند."
"دشلت «سرنخ‌های باز من» چه اطلاعاتی را و برای چه کسانی نمایش می‌دهد؟","این دشلت فهرستی خلاصه از تمام سرنخ‌هایی که هنوز به مرحله بعدی نرفته‌اند و متعلق به کاربر فعلی هستند را به کاربران واحد فروش یا بازاریابی نمایش می‌دهد."
"یک «سرنخ باز» طبق تعریف ارائه شده، چه ویژگی‌هایی دارد؟","سرنخی است که هنوز در حال پیگیری است، به مشتری یا فرصت فروش تبدیل نشده، و مسئولیت آن با کاربر پیگیری‌کننده فعلی است."
"سه مورد از اطلاعاتی که به عنوان مثال در دشلت «سرنخ‌های باز من» نمایش داده می‌شود را نام ببرید.","نام سرنخ، تاریخ ایجاد، و وضعیت فعلی."
"استفاده از دشلت «سرنخ‌های باز من» چه مزایای کلیدی برای کاربر دارد؟","دسترسی سریع به سرنخ‌های فعال، افزایش تمرکز در پیگیری، مدیریت بهینه زمان برای تماس‌ها و وظایف، و امکان پایش عملکرد فردی."
"چگونه دشلت «سرنخ‌های باز من» به مدیریت زمان و اولویت‌بندی کارها کمک می‌کند؟","با نگاه به این دشلت، کاربر می‌تواند به سادگی تصمیم بگیرد که در روز جاری، پیگیری کدام یک از سرنخ‌ها در اولویت قرار دارد."
"استفاده از دشلت «سرنخ‌های باز من» چگونه به جلوگیری از فراموشی یا دوباره‌کاری کمک می‌کند؟","این دشلت باعث می‌شود تمرکز کاربر فقط روی سرنخ‌های خودش معطوف شود، که این امر به جلوگیری از فراموشی یا انجام کارهای تکراری کمک می‌کند."
"دشلت «سرنخ‌های باز من» در چه دو سناریویی بیشترین ارزش و کارایی را برای یک تیم فروش دارد؟","زمانی که تیم فروش تعداد زیادی سرنخ دارد و نیاز است هر کاربر روی سرنخ‌های خود متمرکز شود، و زمانی که پیگیری دقیق و مستمر برای افزایش نرخ تبدیل فروش اهمیت زیادی دارد."
"از دشلت «سرنخ‌های باز من» چگونه می‌توان برای ارزیابی و پایش عملکرد فردی استفاده کرد؟","کاربر یا مدیر او می‌تواند با مشاهده تعداد سرنخ‌های باز باقی‌مانده و روند پیگیری‌ها، عملکرد فردی را ارزیابی کند."
"دشلت «فرصت‌های باز من» چه اطلاعاتی را در اختیار کاربر فروش قرار می‌دهد؟","این دشلت، نمایی متمرکز از فرصت‌های فروش فعالی که در اختیار کاربر فعلی هستند و هنوز نهایی نشده‌اند (نه برنده شده، نه از دست رفته) را نمایش می‌دهد."
"یک «فرصت باز» در سیستم CRM چه تعریفی دارد؟","یک فرصت فروش است که در حال پیگیری است و هنوز به قرارداد نهایی یا فروش موفق منجر نشده و بسته نشده است."
"چهار کاربرد اصلی دشلت «فرصت‌های باز من» چیست؟","نمایش خلاصه‌ای از فروش‌های احتمالی فعال، مدیریت موثر چرخه فروش، اولویت‌بندی فرصت‌ها، و جلوگیری از رها شدن یا فراموش شدن فرصت‌ها."
"کاربران چگونه می‌توانند با استفاده از دشلت «فرصت‌های باز من» فرصت‌ها را اولویت‌بندی کنند؟","کاربران می‌توانند فرصت‌ها را بر اساس مبلغ، احتمال موفقیت یا زمان باقی‌مانده شناسایی کرده و موارد مهم‌تر را سریع‌تر پیگیری کنند."
"چه اطلاعات کلیدی در دشلت «فرصت‌های باز من» نمایش داده می‌شود؟","نام فرصت، مشتری مربوطه، مبلغ فرصت، و مرحله فعلی فروش."
"دشلت «فرصت‌های باز من» چگونه از فراموش شدن پیگیری فرصت‌ها جلوگیری می‌کند؟","با نمایش دادن همه فرصت‌های باز در یک نگاه، احتمال از دست رفتن زمان پیگیری یا فراموشی آن‌ها کاهش می‌یابد."
"استفاده از دشلت «فرصت‌های باز من» در چه سه موقعیتی بیشترین ارزش را دارد؟","زمانی که کاربر با چندین فرصت فعال به‌طور هم‌زمان درگیر است، زمانی که نیاز به مدیریت لحظه‌ای و پایش چرخه فروش وجود دارد، و برای تیم‌هایی که بر اساس نرخ تبدیل و تارگت‌های فصلی کار می‌کنند."
"چگونه دشلت «فرصت‌های باز من» به مدیریت موثر چرخه فروش کمک می‌کند؟","از طریق این دشلت می‌توان برنامه‌ریزی کرد که چه زمانی و چه اقدامی باید برای هر فرصت انجام شود تا از توقف یا شکست آن در چرخه فروش جلوگیری شود."
"تقویم در یک سیستم CRM چه چیزی را نمایش می‌دهد؟","تقویم در سیستم CRM، نمایی یکپارچه از فعالیت‌های زمان‌بندی‌شده کاربر مانند تماس‌ها، جلسات و وظایف را نمایش می‌دهد."
"استفاده از تقویم در CRM چه مزایایی برای کاربران دارد؟","این ابزار به کاربران کمک می‌کند تا برنامه‌های خود را مدیریت کنند، از تداخل یا فراموشی فعالیت‌ها جلوگیری نمایند و اولویت‌بندی زمانی بهتری داشته باشند."
"چه نماهایی برای مشاهده فعالیت‌ها در تقویم CRM وجود دارد؟","در تقویم CRM امکان مشاهده فعالیت‌ها به صورت روزانه، هفتگی و ماهانه فراهم است."
"آیا کاربران می‌توانند فعالیت جدیدی را مستقیماً در تقویم CRM ثبت کنند؟","بله، امکان ثبت مستقیم فعالیت‌ها در تقویم وجود دارد."
"شاخص «نرخ تبدیل سرنخ و فرصت» چه چیزی را نشان می‌دهد؟","این شاخص نشان‌دهنده درصدی از سرنخ‌ها یا فرصت‌هایی است که به مراحل بعدی فروش مانند تبدیل شدن به مشتری یا صدور پیش‌فاکتور، رسیده‌اند."
"ارزیابی «نرخ تبدیل سرنخ و فرصت» به تحلیل چه مواردی کمک می‌کند؟","این شاخص به ارزیابی اثربخشی تیم فروش و کیفیت سرنخ‌ها کمک می‌کند."
"بالا بودن نرخ تبدیل سرنخ و فرصت چه مفهومی دارد؟","نرخ تبدیل بالاتر، نشان‌دهنده عملکرد بهتر یک تیم یا فرد در تبدیل کردن مخاطبان بالقوه به خریداران واقعی است."
"قیف فروش چیست؟","قیف فروش، نمایی تصویری از مسیر حرکت مشتری از مرحله آشنایی اولیه تا خرید نهایی است."
"ابزار قیف فروش چه کمکی به فرآیند فروش می‌کند؟","این ابزار به تحلیل و مدیریت مراحل مختلف فروش کمک می‌کند."
"پیش‌فاکتور در یک سیستم CRM از چه دو مسیر اصلی قابل ایجاد است؟","ایجاد مستقیم پیش‌فاکتور بدون وابستگی به فرصت فروش و ایجاد پیش‌فاکتور از درون فرصت فروش فعال دو مسیر اصلی ایجاد پیش‌فاکتور در سیستم CRM هستند."
"در چه شرایطی کارشناس فروش مستقیماً پیش‌فاکتور ایجاد می‌کند؟","زمانی که مشتری به‌طور مستقیم درخواست قیمت رسمی (غیرالزام‌آور) داشته باشد و فرآیند فروش هنوز وارد مرحله فرصت نشده باشد، کارشناس فروش مستقیماً پیش‌فاکتور ایجاد می‌کند. مثلاً زمانی که مشتری فقط برای استعلام قیمت تماس گرفته یا قصد دارد چند گزینه مختلف را با هم مقایسه کند."
"رایج‌ترین روش صدور پیش‌فاکتور در سیستم CRM چیست؟","رایج‌ترین روش، تولید پیش‌فاکتور از داخل یک فرصت فروش فعال است."
"در چه مرحله‌ای از فرصت فروش معمولاً پیش‌فاکتور صادر می‌شود؟","پیش‌فاکتور معمولاً زمانی صادر می‌شود که فرصت فروش به مراحل نهایی مانند مذاکره یا تأیید داخلی توسط مشتری نزدیک شده باشد."
"چه اطلاعاتی باید حتماً در یک پیش‌فاکتور درج شود؟","اطلاعات دقیق مشتری، شرح اقلام یا خدمات به‌همراه جزئیات، قیمت واحد، تخفیف‌ها و قیمت نهایی، شرایط پرداخت و زمان تحویل، مدت اعتبار پیش‌فاکتور و شماره فرصت یا ارجاع داخلی (در صورت وجود) باید در پیش‌فاکتور درج شود."
"چرا مشتریان در سازمان‌ها نیاز به دریافت پیش‌فاکتور دارند؟","زیرا تصمیم‌گیری خرید در بسیاری از سازمان‌ها بدون داشتن یک سند رسمی امکان‌پذیر نیست و مشتری ممکن است برای ارائه به مدیران یا تیم مالی به پیش‌فاکتور نیاز داشته باشد."
"صدور پیش‌فاکتور در مراحل پایانی فروش چه مزیتی دارد؟","صدور پیش‌فاکتور در مراحل جدی‌تر فروش مانند مذاکره نهایی، تأیید داخلی یا ارزیابی رقبا باعث شفافیت بیشتر در پیشنهاد فروش می‌شود."
"چه نیازی باعث می‌شود مشتریان در پروژه‌های سازمانی پیش‌فاکتور دریافت کنند؟","در تعاملات رسمی یا پروژه‌های سازمانی، مشتریان برای دریافت اطلاعات دقیق و ساختارمند از پیشنهاد فروش، تمایل به دریافت پیش‌فاکتور دارند."
"چه مواردی در پیش‌فاکتور باعث رسمی بودن سند می‌شود؟","اطلاعات دقیق مشتری و شماره فرصت یا ارجاع داخلی (در صورت وجود) باعث رسمی بودن سند پیش‌فاکتور می‌شوند."
"مدت اعتبار پیش‌فاکتور چه نقشی در فرآیند فروش دارد؟","مدت اعتبار پیش‌فاکتور مشخص می‌کند که پیشنهاد ارائه‌شده تا چه زمانی معتبر است و مشتری تا چه زمانی فرصت تصمیم‌گیری دارد."
"عنوان پیش‌فاکتور چه نقشی در مدیریت پیش‌فاکتورها دارد و چگونه تعیین می‌شود؟","عنوان پیش‌فاکتور برای شناسایی آن به کار می‌رود و در صورت ایجاد از روی فرصت فروش، به‌صورت خودکار از نام فرصت یا مشتری استخراج می‌شود. در ساخت مستقیم، عنوان به‌صورت دستی وارد می‌شود. استفاده از عناوین مشخص و قابل تشخیص، جستجو و دسته‌بندی پیش‌فاکتورها را تسهیل می‌کند."
"فیلد نوع عطف در پیش‌فاکتور به چه معناست و چه کاربردی دارد؟","نوع عطف نوع سندی است که پیش‌فاکتور بر اساس آن ایجاد شده (مثلاً فرصت فروش یا مستقل بودن آن). این فیلد در تعیین خودکار برخی اطلاعات نقش دارد و در گزارش‌گیری از مسیرهای فروش قابل تحلیل است."
"وجود فیلد عطف در پیش‌فاکتور چه اهمیتی دارد؟","فیلد عطف ارجاع به سند منبع (مثلاً فرصت فروش) را مشخص می‌کند و وجود این ارتباط برای ردیابی مسیر فروش و ارزیابی نرخ تبدیل فرصت‌ها به پیش‌فاکتور اهمیت دارد."
"نقش فیلد مشتری در پیش‌فاکتور چیست و چه تأثیری بر فرآیندهای مختلف دارد؟","فیلد مشتری مشخص می‌کند پیش‌فاکتور برای چه کسی صادر شده و یکی از مهم‌ترین پایه‌های گزارش‌گیری در سیستم است که بر فرآیندهای فروش، مالی و ارتباط با مشتری تأثیر می‌گذارد. اگر پیش‌فاکتور از روی فرصت ساخته شود، امکان ویرایش این فیلد وجود ندارد."
"حوزه فروش در پیش‌فاکتور چگونه تعریف می‌شود و چه نقشی دارد؟","حوزه فروش ترکیبی از سازمان فروش، کانال فروش و بخش فروش است که ساختار فروش را مشخص می‌کند و در دسته‌بندی و تحلیل‌های ساختاری فروش نقش کلیدی دارد. پیش از افزودن کالا باید تعیین شود."
"تفکیک فیلد شعبه در پیش‌فاکتور چه کاربردی دارد؟","شعبه‌ای که مسئول فروش است و پیش‌فاکتور تحت نظارت آن صادر شده، در این فیلد ثبت می‌شود. تفکیک اطلاعات فروش بر اساس شعبه برای تحلیل عملکرد منطقه‌ای کاربرد دارد."
"دفتر فروش در پیش‌فاکتور چیست و چرا اهمیت دارد؟","دفتر فروش زیرمجموعه‌ای از شعبه است که برای دقت بیشتر در مکان ثبت عملیات فروش تعیین می‌شود و امکان تحلیل موشکافانه‌تر عملکرد فروش را فراهم می‌کند."
"چرا فیلد پرداخت‌کننده در پیش‌فاکتور باید به‌درستی ثبت شود؟","پرداخت‌کننده شخص یا نهادی است که مسئول پرداخت مبلغ پیش‌فاکتور است. اگر مشتری و پرداخت‌کننده متفاوت باشند، ثبت صحیح این فیلد برای انطباق با اسناد مالی ضروری است."
"ثبت اطلاعات کاربر در پیش‌فاکتور چه نقشی دارد؟","کاربری که پیش‌فاکتور را ایجاد کرده است در این فیلد ثبت می‌شود. این اطلاعات برای ارزیابی عملکرد فروشندگان و تخصیص مسئولیت‌ها کاربرد دارد."
"فیلد دریافت‌کننده صورتحساب چه نقشی در فرایند مالی دارد؟","دریافت‌کننده صورتحساب شخص یا واحدی است که صورتحساب برای وی ارسال می‌شود و ثبت دقیق آن برای هماهنگی‌های مالی و جلوگیری از ارسال اشتباه ضروری است."
"ثبت نشانی ارسال صورتحساب چه اهمیتی دارد؟","نشانی دقیق برای ارسال صورتحساب ثبت می‌شود که در ارتباط با مشتریان حقیقی یا حقوقی، نقش مهمی در صحت فرآیند تحویل اسناد مالی ایفا می‌کند."
"چه نقشی برای شماره یکتای پیش‌فاکتور در سیستم وجود دارد؟","شماره یکتای شناسایی پیش‌فاکتور، بسته به تنظیمات، به‌صورت دستی یا خودکار اختصاص می‌یابد و در جستجو، ارجاع، و بایگانی پیش‌فاکتورها اهمیت بالایی دارد."
"فیلد تاریخ در پیش‌فاکتور چه اطلاعاتی ارائه می‌دهد؟","تاریخ ایجاد پیش‌فاکتور در این فیلد ثبت می‌شود و مبنای بررسی بازه‌های زمانی، نرخ ارز و محاسبات مالی است."
"تاریخ اعتبار پیش‌فاکتور چه کاربردی دارد؟","تاریخ اعتبار، تاریخ انقضای پیش‌فاکتور را مشخص می‌کند و در مذاکرات فروش و پیگیری‌ها به عنوان مبنای برنامه‌ریزی زمانی به کار می‌رود."
"چه اطلاعاتی می‌توان در فیلد توضیحات پیش‌فاکتور وارد کرد و هدف از آن چیست؟","فیلد توضیحات محل درج اطلاعات تکمیلی یا شرایط خاص مربوط به پیش‌فاکتور است که به شفافیت اسناد و پیشگیری از سوءتفاهم‌های احتمالی کمک می‌کند."
"نقش فیلد ارز در پیش‌فاکتور چیست؟","ارزی که مبالغ پیش‌فاکتور بر اساس آن تنظیم شده‌اند در این فیلد تعیین می‌شود. در عملیات ارزی، انتخاب صحیح ارز پایه برای صحت محاسبات و گزارش‌ها ضروری است."
"تعیین نوع نرخ ارز در پیش‌فاکتور چه اثری دارد؟","نوع نرخ ارز، نحوه تعیین نرخ تبدیل ارز (رسمی، میانگین، توافقی و...) را مشخص می‌کند و انتخاب آن در تحلیل‌های مالی و محاسبه نرخ نهایی مؤثر است."
"فیلد نرخ تبدیل ارز چه داده‌ای را ثبت می‌کند و کاربرد آن چیست؟","این فیلد عدد تبدیل ارز ثبت‌شده به ارز پایه (معمولاً ریال) را ثبت می‌کند و مستقیماً در محاسبات مالی و گزارش‌های ارزی تأثیر دارد."
"روش تسویه در پیش‌فاکتور چگونه تعریف می‌شود و چرا اهمیت دارد؟","روش تسویه نوع روش پرداختی است که برای پیش‌فاکتور در نظر گرفته شده (نقدی، چک، اعتباری و...). این فیلد در مدیریت نقدینگی و برنامه‌ریزی مالی نقش دارد."
"فیلد تحویل‌گیرنده در پیش‌فاکتور چه کاربردی دارد؟","تحویل‌گیرنده شخص یا واحدی است که کالا یا خدمات باید به او تحویل شود و در پیش‌فاکتورهای مرتبط با تحویل فیزیکی کالا، تعیین دقیق آن ضروری است."
"چه وضعیتی می‌تواند برای پیش‌فاکتور ثبت شود و کاربرد این فیلد چیست؟","وضعیت جاری پیش‌فاکتور (مانند ثبت‌شده، تأیید شده و...) در این فیلد ثبت می‌شود و برای تعیین مراحل اجرایی سند و اقدامات بعدی مورد استفاده قرار می‌گیرد."
"مرحله پیش‌فاکتور چه مفهومی دارد و چرا اهمیت دارد؟","مرحله پیش‌فاکتور نشان‌دهنده موقعیت آن در فرآیند فروش (مانند پیش‌نویس، ارسال‌شده، تأییدشده و...) است و این اطلاعات در پیگیری و مدیریت فرآیندهای فروش بسیار حائز اهمیت است."
"چه رابطه‌ای میان فیلد نوع عطف و گزارش‌گیری مسیر فروش وجود دارد؟","نوع عطف در تعیین خودکار برخی اطلاعات نقش دارد و در گزارش‌گیری از مسیرهای فروش قابل تحلیل است."
"در چه صورت عنوان پیش‌فاکتور به صورت خودکار و در چه صورت به صورت دستی ثبت می‌شود؟","اگر پیش‌فاکتور از روی فرصت فروش ایجاد شود، عنوان به صورت خودکار از نام فرصت یا مشتری استخراج می‌شود و در ساخت مستقیم، به صورت دستی وارد می‌شود."
"چرا باید پیش از افزودن کالا، حوزه فروش در پیش‌فاکتور تعیین شود؟","تعیین حوزه فروش که ساختار فروش را مشخص می‌کند، پیش از افزودن کالا لازم است زیرا این اطلاعات نقش کلیدی در دسته‌بندی و تحلیل‌های ساختاری فروش دارند."
"پس از ذخیره‌سازی یک رکورد پیش‌فاکتور یا کلیک بر روی نام آن، چه اتفاقی می‌افتد؟","پس از ذخیره‌سازی یک رکورد پیش‌فاکتور یا کلیک بر روی نام یک پیش‌فاکتور، کاربر به صفحه‌ی مشاهده‌ی آن پیش‌فاکتور هدایت می‌شود."
"چه امکاناتی در فرم مشاهده پیش‌فاکتور برای کاربر فراهم شده است؟","در فرم مشاهده پیش‌فاکتور امکاناتی مانند مشاهده‌ی فعالیت‌های انجام‌شده، مشاهده‌ی خلاصه‌ای از اطلاعات اصلی و مدیریت مرحله پیش‌فاکتور برای کاربر فراهم شده است."
"فعالیت‌های انجام‌شده در فرم مشاهده پیش‌فاکتور شامل چه مواردی هستند؟","فعالیت‌های انجام‌شده شامل تماس، جلسه، وظیفه و یادداشت می‌باشند."
"تفاوت فعالیت‌های باز و تاریخچه فعالیت‌ها در فرم مشاهده پیش‌فاکتور چیست؟","فعالیت‌های باز شامل تماس، جلسه، وظیفه و یادداشت در وضعیت‌هایی هستند که نیاز به اقدام خاصی داشته باشند و این وضعیت‌ها معادل 'برنامه‌ریزی شده' است. اگر فعالیت در وضعیتی جز برنامه‌ریزی شده باشد، در بخش تاریخچه فعالیت‌ها به عنوان فعالیت‌های بسته شده قرار می‌گیرد."
"در فرم مشاهده پیش‌فاکتور، چرا صفحه اصلی به اطلاعات فعالیت‌ها تخصیص داده شده است؟","به علت اهمیت زیاد فعالیت‌ها بر روی فرم پیش‌فاکتور، در فرم مشاهده پیش‌فاکتور تمام صفحه اصلی به اطلاعات فعالیت‌ها تخصیص داده شده است."
"چه اطلاعاتی در بالای صفحه مشاهده پیش‌فاکتور قرار می‌گیرد و هدف از آن چیست؟","برخی از اطلاعات اصلی پیش‌فاکتور که در اکثر موارد برای مشاهده و بررسی به فرم مشاهده پیش‌فاکتور مراجعه می‌شود، جهت دسترسی سریع‌تر در بالای صفحه قرار گرفته است."
"مدیریت مرحله پیش‌فاکتور در فرم مشاهده پیش‌فاکتور چگونه انجام می‌شود؟","در پایین اطلاعات اصلی، مراحل پیش‌فاکتور به صورت نوار نمایش داده شده و با کلیک بر روی این مراحل و تأیید تغییر وضعیت می‌توان مرحله پیش‌فاکتور را بروزرسانی کرد. همچنین فیلد چند گزینه‌ای این مراحل نیز در بالای نوار مراحل وجود دارد که در صورت نیاز می‌توان از طریق گزینه‌های این فیلد مرحله را بروزرسانی کرد."
"چه ابزاری برای ایجاد سریع فعالیت‌ها در فرم مشاهده پیش‌فاکتور وجود دارد؟","آیکون‌های فعالیت‌ها جهت ایجاد سریع فعالیت‌ها در فرم مشاهده پیش‌فاکتور وجود دارند."
"وضعیت 'برنامه‌ریزی شده' در فعالیت‌های فرم مشاهده پیش‌فاکتور چه مفهومی دارد؟","وضعیت 'برنامه‌ریزی شده' به وضعیتی اشاره دارد که فعالیت نیاز به اقدام خاصی دارد و به عنوان فعالیت باز در نظر گرفته می‌شود."
"چه رابطه‌ای میان مدیریت مرحله پیش‌فاکتور و دسترسی سریع به تغییر وضعیت آن وجود دارد؟","نوار مراحل پیش‌فاکتور و فیلد چند گزینه‌ای مراحل در فرم مشاهده پیش‌فاکتور برای ارائه دسترسی ساده به تغییر وضعیت و بروزرسانی مرحله پیش‌فاکتور طراحی شده‌اند."
"در بخش فهرست پیش‌فاکتور چه قابلیتی برای مشاهده پیش‌فاکتورها وجود دارد؟","در بخش فهرست پیش‌فاکتور، امکان مشاهده فهرست پیش‌فاکتورهایی که کاربر به آن‌ها دسترسی دارد وجود دارد."
"امکان تنظیم ستون‌های نمایشی در فهرست پیش‌فاکتور چه مزیتی برای کاربران دارد؟","هر کاربر می‌تواند ستون‌های نمایشی را به صورت مجزا تنظیم کند تا با یک نگاه کلی اطلاعات لازم از پیش‌فاکتورها را مشاهده نماید."
"چه امکانی برای اعمال فیلترها در فهرست پیش‌فاکتور وجود دارد و هدف از آن چیست؟","امکان اعمال فیلترهای پیشرفته برای مشاهده پیش‌فاکتورهای مورد نظر وجود دارد که هدف آن یافتن سریع و دقیق پیش‌فاکتورهای خاص است."
"چه قابلیت اشتراکی در مورد پیش‌فاکتورهای فیلترشده در این فهرست وجود دارد؟","پیش‌فاکتورهای فیلتر شده را می‌توان همراه با فیلترها برای کاربران دیگر سیستم ارسال کرد."
"تنظیم ستون‌های نمایشی و فیلترهای پیشرفته چگونه به بهبود تجربه کاربری در فهرست پیش‌فاکتور کمک می‌کند؟","امکان تنظیم ستون‌های نمایشی و اعمال فیلترهای پیشرفته باعث می‌شود کاربران بتوانند اطلاعات مورد نیاز خود را سریع‌تر و دقیق‌تر مشاهده و مدیریت کنند."
"کانبان (Kanban) چیست و چه نقشی در مدیریت جریان کار ایفا می‌کند؟","کانبان یک سیستم مدیریت بصری برای پیگیری و بهبود جریان کار است که ابتدا در صنعت خودروسازی ژاپن (تویوتا) توسعه یافت و به تیم‌ها کمک می‌کند تا بار کاری را بهتر مدیریت کرده، گلوگاه‌ها را شناسایی کنند و بهره‌وری را افزایش دهند."
"در سیستم کانبان، معمولاً چه ستون‌هایی برای نمایش وضعیت کارها استفاده می‌شود؟","در سیستم کانبان، کارها روی تابلوهایی با ستون‌هایی مانند «برای انجام»، «در حال انجام» و «انجام شده» نمایش داده می‌شوند."
"استفاده از کانبان در حوزه CRM چه مزایایی دارد؟","کانبان در CRM برای مدیریت مراحل فروش، پیگیری مشتریان و ساماندهی فعالیت‌های بازاریابی بسیار مؤثر است."
"برای مدیریت بهتر پیش‌فاکتورها در فهرست، چه امکانی در سیستم وجود دارد؟","برای مدیریت بهتر پیش‌فاکتورها می‌توان در فهرست از حالت List View به حالت Kanban View تغییر حالت داد."
"در Kanban View، رکوردهای پیش‌فاکتور چگونه نمایش داده می‌شوند و چه اطلاعاتی با یک نگاه قابل مشاهده است؟","در Kanban View، رکوردهای پیش‌فاکتور به تفکیک مرحله دسته‌بندی شده‌اند و با یک نگاه می‌توان متوجه شد که در هر مرحله چند پیش‌فاکتور وجود دارد، به چه کسی متصل است و نام آن چیست."
"چگونه می‌توان مرحله یک پیش‌فاکتور را در Kanban View به‌روزرسانی کرد؟","در Kanban View می‌توان با کلیک و کشیدن پیش‌فاکتور به مرحله مورد نظر، مرحله آن را به‌روزرسانی کرد و نیازی به باز کردن یا ویرایش پیش‌فاکتور نیست."
"چه تفاوتی بین حالت List View و Kanban View در مدیریت پیش‌فاکتورها وجود دارد؟","در حالت List View اطلاعات به صورت جدولی نمایش داده می‌شود، اما در Kanban View رکوردها به تفکیک مرحله دسته‌بندی شده و مدیریت مراحل به صورت بصری و تعاملی انجام می‌شود."
"استفاده از Kanban View در مدیریت پیش‌فاکتور چه تاثیری بر شناسایی گلوگاه‌ها و افزایش بهره‌وری دارد؟","استفاده از Kanban View باعث می‌شود بتوان با یک نگاه وضعیت هر مرحله را بررسی کرد، گلوگاه‌ها را شناسایی نمود و با بهبود جریان کار، بهره‌وری را افزایش داد."
"پس از تأیید پیش‌فاکتور از سوی مشتری، چه مرحله‌ای در فرآیند فروش انجام می‌شود؟","پس از تأیید پیش‌فاکتور از سوی مشتری، مرحله بعدی در فرآیند فروش صدور فاکتور رسمی است."
"در سیستم CRM، صدور فاکتور رسمی از روی پیش‌فاکتور چگونه انجام می‌شود؟","در سیستم CRM، صدور فاکتور رسمی از روی پیش‌فاکتور از طریق اکشن «تبدیل به فاکتور» در فرم پیش‌فاکتور انجام می‌شود."
"چه اطلاعاتی از پیش‌فاکتور به فاکتور رسمی منتقل می‌شود؟","اطلاعات کلیدی مانند مشتری، حوزه فروش و شعبه، قلم‌های کالا یا خدمت، مقادیر و قیمت‌ها، شرایط مالی و ارزی و اطلاعات طرف‌های تجاری مانند تحویل‌گیرنده یا دریافت‌کننده صورتحساب (در صورت وجود) از پیش‌فاکتور به فاکتور منتقل می‌شود."
"ارتباط خودکار میان فاکتور و پیش‌فاکتور چه مزیتی دارد؟","ارتباط خودکار میان فاکتور صادرشده و پیش‌فاکتور امکان ردیابی چرخه فروش را تسهیل می‌کند."
"چه شرطی برای تبدیل پیش‌فاکتور به فاکتور در صورت وجود کنترل‌های سیستمی برقرار است؟","در صورت فعال بودن کنترل‌های سیستمی، تنها پیش‌فاکتورهایی که در وضعیت تأیید نهایی قرار دارند، قابل تبدیل به فاکتور خواهند بود."
"پیش از نهایی کردن فاکتور، چه امکانی برای کاربر وجود دارد؟","کاربر می‌تواند پیش از نهایی کردن فاکتور، اطلاعات انتقال‌یافته را بازبینی و در صورت نیاز اصلاح کند."
"تبدیل پیش‌فاکتور به فاکتور در سیستم چه تأثیری بر شفافیت و جلوگیری از ورود مجدد اطلاعات دارد؟","این مسیر شفافیت فرآیند فروش را حفظ می‌کند و از ورود مجدد اطلاعات جلوگیری می‌کند."
"در سیستم مدیریت ارتباط با مشتری (CRM)، فعالیت‌ها چه معنایی دارند و چه اقداماتی را شامل می‌شوند؟","فعالیت‌ها در CRM نمایانگر تعاملات خرد و اقداماتی هستند که در طول چرخه ارتباط با مشتری انجام می‌شوند و می‌توانند شامل تماس‌ها، جلسات، ایمیل‌ها، یادداشت‌ها یا هرگونه اقدام پیگیری و ارتباطی باشند."
"ثبت و مدیریت فعالیت‌ها در CRM چه مزایایی برای سازمان دارد؟","ثبت و مدیریت فعالیت‌ها، دیدی دقیق و مستند از تاریخچه ارتباط با هر مشتری یا فرصت را در اختیار سازمان قرار می‌دهد و پیگیری منسجم وظایف را امکان‌پذیر می‌سازد."
"فعالیت‌ها در CRM چه نقشی در بهبود پاسخ‌گویی به مشتریان دارند؟","فعالیت‌ها با حفظ یکپارچگی داده‌ها و ایجاد هماهنگی بین تیم‌ها، نقش کلیدی در بهبود پاسخ‌گویی به مشتریان ایفا می‌کنند."
"چه مواردی معمولاً در فرم‌های فعالیت‌ها در ماژول CRM ثبت می‌شود؟","در فرم‌های فعالیت‌ها در ماژول CRM معمولاً تماس، جلسه، وظیفه و یادداشت ثبت می‌شود."
"چگونه فعالیت‌ها می‌توانند به شکل‌گیری، حفظ و توسعه رابطه با مشتری کمک کنند؟","فعالیت‌ها با پیگیری و انجام اقدامات ارتباطی و پیگیری، به شکل‌گیری، حفظ و توسعه رابطه با مشتری کمک می‌کنند."
"در سیستم CRM، تماس‌ها چه نوع فعالیتی هستند و چه کاربردهایی دارند؟","تماس یکی از انواع کلیدی فعالیت‌ها در سیستم CRM است که برای ثبت و مدیریت گفت‌وگوهای تلفنی (ورودی یا خروجی) با مخاطبین مختلف استفاده می‌شود و نقش مهمی در مستندسازی تعاملات، پیگیری مکالمات مهم و مدیریت ارتباطات غیرحضوری با مشتریان و سرنخ‌ها دارد."
"ثبت دقیق تماس‌ها در CRM چه مزایایی برای سازمان ایجاد می‌کند؟","ثبت دقیق تماس‌ها در CRM، امکان پیگیری ساختاریافته ارتباطات و تصمیم‌گیری آگاهانه‌تر در خصوص ادامه تعامل با مشتری را فراهم می‌سازد."
"چگونه اطلاعات تماس‌ها می‌تواند در تحلیل عملکرد تیم فروش و ارزیابی رضایت مشتری مورد استفاده قرار گیرد؟","اطلاعات تماس‌ها می‌تواند به عنوان شواهد مهم در تحلیل عملکرد تیم فروش، میزان پیگیری سرنخ‌ها یا ارزیابی رضایت مشتری به کار گرفته شود."
"در فرآیندهای سازمانی، تماس‌ها چه نقشی در آغاز یا ادامه تعامل با مشتری دارند؟","در فرآیندهای سازمانی، تماس‌ها معمولاً نقطه شروع یا ادامه تعامل هستند و می‌توانند مقدمه‌ای برای تعریف فرصت فروش، ایجاد جلسه یا حتی صدور پیش‌فاکتور باشند."
"ثبت و مدیریت تماس‌ها چگونه بر تصمیم‌گیری‌های آتی درباره مشتریان تأثیر می‌گذارد؟","ثبت و مدیریت تماس‌ها امکان تصمیم‌گیری آگاهانه‌تر درباره ادامه تعامل با مشتری را فراهم می‌کند."
"در سیستم CRM، هدف از ایجاد تماس چیست و این ابزار چه نقشی در پیگیری ارتباطات دارد؟","ایجاد تماس در سیستم CRM به‌منظور مستندسازی تعاملات تلفنی با مخاطبان انجام می‌شود و یکی از ابزارهای کلیدی برای پیگیری و سازماندهی ارتباطات است."
"چه انواع تماس‌هایی می‌توان در سیستم CRM ثبت کرد و چه تفاوتی میان آن‌ها وجود دارد؟","تماس‌ها ممکن است برنامه‌ریزی‌شده برای آینده باشند یا در لحظه وقوع تماس ورودی یا خروجی توسط کاربر ثبت گردند."
"در چه سناریوهایی ایجاد تماس به صورت برنامه‌ریزی‌شده یا هم‌زمان در CRM انجام می‌شود؟","ایجاد تماس برنامه‌ریزی‌شده زمانی انجام می‌شود که نیاز به هماهنگی با مشتری در زمان مشخصی وجود دارد. تماس هم‌زمان زمانی ثبت می‌شود که تماس تلفنی در لحظه با مشتری برقرار شده یا دریافتی است."
"چه مسیرهایی برای ایجاد تماس در CRM وجود دارد و هر یک چه کاربردی دارند؟","ایجاد تماس در CRM می‌تواند از مسیرهای متعددی انجام شود: 1) از طریق هر رکورد (مانند سرنخ، فرصت، مشتری یا فرد) با کلیک روی دکمه 'ایجاد تماس'، 2) از طریق تقویم (Calendar) با انتخاب زمان و نوع فعالیت 'تماس'، 3) از طریق فرم مستقیم ایجاد تماس که می‌تواند مستقل ثبت و به رکوردهای مرتبط متصل گردد."
"در هنگام ثبت تماس در سیستم CRM، چه اطلاعاتی باید وارد شود؟","در هنگام ثبت تماس، اطلاعاتی نظیر موضوع تماس، مخاطب، زمان تماس، نوع تماس (ورودی یا خروجی)، وضعیت، شرح مکالمه و ارتباط با سایر موجودیت‌ها باید وارد شود."
"مدیریت ساختاریافته تماس‌ها چه مزایایی برای سازمان‌ها فراهم می‌کند؟","مدیریت ساختاریافته تماس‌ها امکان پیگیری ارتباطات به‌صورت مستند، برنامه‌ریزی فعالیت‌های آتی و بهره‌مندی از دید کامل نسبت به تاریخچه تعاملات را برای سازمان‌ها فراهم می‌کند."
"در فیلد عنوان تماس چه اطلاعاتی باید وارد شود و این فیلد چه کاربردی دارد؟","در فیلد عنوان تماس، موضوع تماس وارد می‌شود و به عنوان شناسه اصلی تماس در لیست‌ها و گزارش‌ها نمایش می‌یابد. این مقدار می‌تواند به صورت دستی وارد شود یا مطابق با قواعد سیستمی تولید شود. در صورت عدم ورود مقدار، تماس قابل ذخیره‌سازی نیست."
"فیلد نوع تماس چه نقشی در دسته‌بندی و تحلیل تماس‌ها دارد؟","نوع تماس مشخص می‌کند که تماس برقرارشده از نوع 'ورودی' یا 'خروجی' بوده است. انتخاب این فیلد به دسته‌بندی تماس‌ها و تحلیل نوع تعاملات با مشتریان کمک می‌کند."
"سه مقدار ثابت برای مرحله تماس کدامند و هر یک به چه معناست؟","سه مقدار ثابت برای مرحله تماس عبارت‌اند از: برنامه‌ریزی‌شده (برای تماس‌هایی که در آینده قرار است انجام شوند)، انجام‌شده (برای تماس‌هایی که به صورت موفق انجام شده‌اند) و از دست رفته (برای تماس‌هایی که به هر دلیل برقرار نشده‌اند)."
"ثبت فیلد زمان شروع در تماس‌ها چه کاربردی دارد و مقدار پیش‌فرض آن چیست؟","تاریخ و زمان آغاز تماس در این فیلد ثبت می‌شود. مقدار پیش‌فرض آن، زمان جاری سیستم در هنگام ایجاد تماس است اما توسط کاربر قابل ویرایش است."
"ثبت مدت تماس چه کمکی به سازمان می‌کند و آیا الزامی است؟","مدت زمان تماس بر حسب دقیقه وارد می‌شود. ثبت این مقدار اختیاری است اما در گزارش‌های عملکرد تیم تماس و تحلیل بهره‌وری بسیار مفید است."
"فیلد نوع موجودیت چه نقشی در ارتباط تماس با داده‌های دیگر دارد و چه گزینه‌هایی دارد؟","کاربر باید مشخص کند تماس با چه نوع موجودیتی مرتبط است. فهرست موجودیت‌ها شامل سرنخ، فرد، کمپین، مشتری، فرصت و پیش‌فاکتور است. انتخاب این فیلد جهت ارتباط تماس با داده‌های دیگر در سیستم ضروری است."
"فیلد موجودیت در ثبت تماس چه کاربردی دارد و چگونه مقداردهی می‌شود؟","پس از انتخاب نوع موجودیت، لیستی از رکوردهای آن نوع به کاربر نمایش داده می‌شود و داده‌های نمایش‌یافته شامل اطلاعات کلیدی و شناسایی‌کننده هستند. این ارتباط امکان ردیابی دقیق تماس در بستر فرآیند فروش یا بازاریابی را فراهم می‌سازد."
"ثبت اطلاعات در فیلد توضیحات تماس چه مزیتی دارد و آیا الزامی است؟","در فیلد توضیحات، جزئیات محتوای تماس، نکات مهم، توافقات یا موارد پیگیری وارد می‌شود. ثبت این اطلاعات الزامی نیست، اما برای حفظ تاریخچه و شفافیت در ارتباطات ضروری است."
"کاربر پیگیری‌کننده در تماس چه کسی است و این فیلد چه اهمیتی دارد؟","کاربری که مسئول پیگیری تماس است در این فیلد تعیین می‌شود. به صورت پیش‌فرض، این فیلد با کاربر ایجادکننده تماس مقداردهی می‌شود اما قابل ویرایش است. این فیلد در مدیریت مسئولیت‌ها و پیگیری فعالیت‌ها نقش مهمی دارد."
"چه اهدافی برای تماس‌ها می‌توان انتخاب کرد و فیلد هدف تماس چه کاربردی دارد؟","فهرستی از اهداف تعریف‌شده برای تماس وجود دارد: پیگیری مشتری، معرفی محصول جدید، حل مشکل، جمع‌آوری بازخورد، تنظیم قرار ملاقات، ارائه پیشنهاد ویژه، تغییر اطلاعات مشتری. انتخاب این فیلد، امکان طبقه‌بندی و تحلیل اهداف تماس‌ها را در سطح سازمان فراهم می‌کند."
"فیلد دستور جلسه در تماس چه کاربردی دارد و چه زمانی استفاده می‌شود؟","در صورت برنامه‌ریزی تماس، می‌توان در این فیلد مواردی را که قرار است در تماس مطرح شود ثبت کرد. این فیلد به ساختاردهی تماس‌های آتی و جلوگیری از فراموشی موضوعات کمک می‌کند."
"پس از ذخیره‌سازی یک رکورد تماس یا کلیک بر روی نام تماس، کاربر به چه صفحه‌ای هدایت می‌شود و چه امکاناتی دارد؟","پس از ذخیره‌سازی یک رکورد تماس یا کلیک بر روی نام یک تماس، کاربر به صفحه‌ی مشاهده‌ی آن تماس هدایت می‌شود. در این صفحه امکاناتی مانند مشاهده‌ی خلاصه‌ای از اطلاعات اصلی تماس و مدیریت مرحله تماس در اختیار کاربر قرار می‌گیرد."
"چگونه اطلاعات اصلی تماس در فرم مشاهده تماس به کاربر نمایش داده می‌شود و هدف از این طراحی چیست؟","برخی از اطلاعات اصلی تماس که معمولاً برای مشاهده و بررسی به فرم مشاهده تماس مراجعه می‌شود، جهت دسترسی سریع‌تر در بالای صفحه قرار گرفته است."
"مدیریت مرحله تماس در فرم مشاهده تماس به چه صورت انجام می‌شود؟","در پایین اطلاعات اصلی، مراحل تماس به صورت نوار نمایش داده شده است و با کلیک بر روی این مراحل و تأیید تغییر وضعیت می‌توان مرحله تماس را بروزرسانی کرد. همچنین، فیلد چند گزینه‌ای این مراحل نیز در بالای نوار مراحل وجود دارد که در صورت نیاز از طریق آن می‌توان مرحله را بروزرسانی کرد."
"چه امکانی برای بروزرسانی مرحله تماس در فرم مشاهده تماس وجود دارد؟","امکان بروزرسانی مرحله تماس با کلیک بر روی مراحل و تأیید تغییر وضعیت، یا با استفاده از فیلد چند گزینه‌ای مراحل که در بالای نوار مراحل قرار دارد، وجود دارد."
"طراحی فرم مشاهده تماس چگونه به دسترسی سریع‌تر و مدیریت آسان‌تر کمک می‌کند؟","قرار گرفتن اطلاعات اصلی تماس در بالای صفحه و نمایش مراحل تماس به صورت نوار، موجب دسترسی سریع‌تر به اطلاعات و مدیریت آسان‌تر مرحله تماس می‌شود."
"پس از ذخیره‌سازی یک رکورد تماس یا کلیک بر روی نام تماس، چه صفحه‌ای نمایش داده می‌شود و چه امکاناتی در آن وجود دارد؟","پس از ذخیره‌سازی یک رکورد تماس یا کلیک بر روی نام یک تماس، به صفحه‌ی مشاهده‌ی آن تماس هدایت می‌شویم که امکاناتی مانند مشاهده‌ی خلاصه‌ای از اطلاعات اصلی و مدیریت مرحله تماس را در اختیار کاربر قرار می‌دهد."
"چه اطلاعاتی در بالای صفحه مشاهده تماس نمایش داده می‌شود و هدف از این کار چیست؟","برخی از اطلاعات اصلی تماس که معمولاً برای مشاهده و بررسی به فرم مشاهده تماس مراجعه می‌شود، جهت دسترسی سریع‌تر در بالای صفحه قرار گرفته است."
"مدیریت مرحله تماس در فرم مشاهده تماس چگونه انجام می‌شود؟","در پایین اطلاعات اصلی، مراحل تماس به صورت نوار نمایش داده شده است و با کلیک بر روی این مراحل و تأیید تغییر وضعیت می‌توان مرحله تماس را بروزرسانی کرد. همچنین، فیلد چند گزینه‌ای مراحل نیز در بالای نوار مراحل قرار دارد که در صورت نیاز می‌توان مرحله را از طریق آن بروزرسانی نمود."
"چه ابزاری برای تغییر مرحله تماس در فرم مشاهده تماس وجود دارد و چگونه عمل می‌کند؟","امکان تغییر مرحله تماس با کلیک بر روی مراحل در نوار و تأیید تغییر وضعیت یا با استفاده از فیلد چند گزینه‌ای مراحل که در بالای نوار مراحل قرار گرفته است، فراهم است."
"چگونه طراحی فرم مشاهده تماس به دسترسی سریع‌تر و مدیریت ساده‌تر مراحل کمک می‌کند؟","قرار دادن اطلاعات اصلی تماس در بالای صفحه و نمایش مراحل تماس به صورت نوار، موجب دسترسی سریع‌تر به اطلاعات و مدیریت ساده‌تر و سریع‌تر مراحل تماس می‌شود."
"در بخش فهرست تماس‌ها چه امکانی برای مشاهده تماس‌ها وجود دارد؟","در این بخش امکان مشاهده فهرست تماس‌هایی که کاربر به آن‌ها دسترسی دارد فراهم است."
"تنظیم ستون‌های نمایشی در فهرست تماس‌ها چه مزیتی برای کاربر ایجاد می‌کند؟","امکان تنظیم ستون‌های نمایشی برای هر کاربر به صورت مجزا وجود دارد تا کاربر بتواند با یک نگاه کلی اطلاعات لازم از تماس‌ها را مشاهده نماید."
"چه ابزاری برای یافتن تماس‌های خاص در فهرست تماس‌ها فراهم شده است؟","امکان اعمال فیلترهای پیشرفته برای مشاهده تماس‌های مورد نظر وجود دارد."
"امکان اشتراک‌گذاری نتایج فیلتر شده تماس‌ها در فهرست تماس‌ها به چه صورت است؟","امکان ارسال تماس‌های فیلتر شده همراه با فیلترها برای کاربران دیگر سیستم فراهم است."
"ترکیب امکانات تنظیم ستون و فیلترهای پیشرفته چه اثری بر مدیریت تماس‌ها دارد؟","ترکیب این امکانات به کاربران کمک می‌کند تا اطلاعات تماس‌ها را به‌صورت سفارشی و هدفمند مشاهده و به دیگر کاربران منتقل کنند."
"در چه شرایطی دکمه «بستن تماس» در فرم‌های مشاهده موجودیت‌های مختلف ظاهر می‌شود و چه کاربردی دارد؟","دکمه «بستن تماس» زمانی ظاهر می‌شود که تماس بازی با وضعیت 'برنامه‌ریزی‌شده' برای آن موجودیت ثبت شده باشد و این دکمه برای نهایی و بسته کردن تماس مورد استفاده قرار می‌گیرد."
"عملکرد دکمه «بستن تماس» هنگام کلیک کاربر چگونه است؟","با کلیک بر روی دکمه «بستن تماس»، سیستم آخرین تماس باز مرتبط با آن موجودیت را شناسایی و باز می‌کند، فیلد وضعیت تماس به‌صورت پیش‌فرض روی 'انجام‌شده' قرار می‌گیرد، فیلد توضیحات فعال می‌شود تا کاربر خروجی تماس را وارد کند و پس از تکمیل توضیحات، کاربر با کلیک بر روی «ذخیره» تماس را نهایی و بسته می‌کند."
"فعال شدن فیلد توضیحات در زمان بستن تماس چه هدفی را دنبال می‌کند؟","فعال شدن فیلد توضیحات این امکان را می‌دهد که کاربر خروجی تماس یا نکات کلیدی مطرح‌شده در تماس را وارد کند تا اطلاعات تماس به‌درستی ثبت شود."
"بستن تماس در سیستم چه مزایایی برای ثبت و پیگیری تماس‌ها دارد؟","این قابلیت باعث افزایش سرعت عملیات ثبت خروجی تماس، کاهش احتمال فراموشی یا ثبت ناقص تماس‌های انجام‌شده و اطمینان از ثبت، پیگیری و آرشیو صحیح تماس‌ها در سیستم می‌شود."
"چگونه سیستم وضعیت تماس را در فرآیند بستن تماس به‌روزرسانی می‌کند؟","در فرآیند بستن تماس، فیلد وضعیت تماس (مرحله) به صورت پیش‌فرض روی 'انجام‌شده' قرار می‌گیرد."
"جلسه در ماژول مدیریت ارتباط با مشتریان (CRM) چه نوع فعالیتی است و چه اهدافی را دنبال می‌کند؟","جلسه یکی از انواع فعالیت‌ها در ماژول مدیریت ارتباط با مشتریان است که با هدف برنامه‌ریزی، هماهنگی و ثبت اطلاعات دیدارهای حضوری یا مجازی با مشتریان، سرنخ‌ها، افراد یا سایر موجودیت‌ها تعریف می‌شود."
"چه انواع جلساتی را می‌توان در سیستم CRM تعریف و ثبت کرد؟","جلسات می‌تواند شامل جلسات فروش، ارائه محصول، مذاکرات تجاری، بررسی فنی یا جمع‌بندی پس از فروش باشد."
"چه امکاناتی در تعریف جلسه در CRM برای کاربران فراهم شده است؟","در تعریف جلسه، کاربران می‌توانند زمان، مکان و موضوع جلسه را مشخص کنند، شرکت‌کنندگان داخلی و خارجی را تعیین نمایند و نتیجه و دستاوردهای جلسه را ثبت کنند."
"ثبت دقیق جلسات در سیستم CRM چه مزایایی برای سازمان دارد؟","ثبت دقیق جلسات امکان پیگیری سوابق ارتباطات با هر مشتری یا فرصت، گزارش‌گیری، تحلیل و بهینه‌سازی فرآیندهای ارتباطی را برای مدیران و کارشناسان فراهم می‌کند."
"برنامه‌ریزی ساختاریافته جلسات آینده در CRM چه نقشی در مدیریت ارتباطات ایفا می‌کند؟","برنامه‌ریزی ساختاریافته جلسات آینده به کاربران کمک می‌کند تعاملات و پیگیری‌ها را به‌صورت مؤثر و هدفمند مدیریت کنند و مستندسازی تعاملات را تسهیل می‌نماید."
"هدف از ایجاد جلسه در سیستم CRM چیست و چه منافعی برای کارشناسان و مدیران دارد؟","ایجاد جلسه در سیستم CRM به منظور برنامه‌ریزی و مستندسازی تعاملات حضوری یا مجازی با مشتریان، سرنخ‌ها، فرصت‌ها و سایر موجودیت‌های مرتبط انجام می‌شود و به کارشناسان و مدیران کمک می‌کند جلسات را دقیق زمان‌بندی کنند، شرکت‌کنندگان را مشخص نمایند و نتیجه جلسه را در سیستم ثبت کنند."
"چه روش‌هایی برای ایجاد جلسه در سیستم CRM وجود دارد؟","جلسه می‌تواند به‌صورت مستقیم از طریق فرم فعالیت جدید، از روی رکوردهای موجود (مانند سرنخ، مشتری، فرصت، پیش‌فاکتور)، از طریق تقویم (Calendar) و از طریق ایمیل یا سیستم‌های یکپارچه دیگر (در صورت وجود) ایجاد شود."
"چه اطلاعاتی هنگام ایجاد جلسه باید توسط کاربر وارد شود؟","در زمان ایجاد جلسه، کاربر اطلاعاتی نظیر موضوع، زمان شروع و پایان، مکان برگزاری، شرکت‌کنندگان داخلی و خارجی، نوع جلسه و هدف جلسه را وارد می‌کند."
"امکان ثبت جلسه به صورت گذشته‌نگر چه کاربردی دارد؟","جلسه می‌تواند برای آینده برنامه‌ریزی شود یا جهت ثبت جلسه‌ای که انجام شده به صورت گذشته‌نگر وارد شود."
"ثبت دقیق جلسات در سیستم چه مزایایی برای سازمان به همراه دارد؟","ثبت دقیق جلسات امکان ایجاد پیوستگی اطلاعات، تحلیل روند تعاملات و بهبود هماهنگی‌های درون‌سازمانی را فراهم می‌کند و در بسیاری از گزارش‌ها و داشبوردهای مدیریتی مورد استفاده قرار می‌گیرد."
"چه اطلاعاتی باید در فیلد عنوان جلسه وارد شود و آیا پر کردن این فیلد الزامی است؟","در فیلد عنوان، عنوان جلسه طبق قواعد مشخص‌شده باید وارد شود و پر کردن این فیلد ضروری است."
"فیلد محل برگزاری جلسه چه کاربردی دارد و آیا تکمیل آن اجباری است؟","محل برگزاری جلسه در این فیلد وارد می‌شود که یک ورودی تکست باکس است و تکمیل آن اختیاری می‌باشد."
"در ثبت جلسه، بازه زمانی جلسه چه اطلاعاتی را شامل می‌شود و ضرورت آن چیست؟","بازه زمانی جلسه شامل زمان شروع و پایان جلسه است و مشخص کردن آن ضروری می‌باشد."
"چگونه اعضای جلسه تعیین می‌شوند و ثبت این فیلد چه نقشی دارد؟","اعضای جلسه به صورت لیستی از افراد، سرنخ‌ها و کاربران شرکت انتخاب می‌شوند و تکمیل آن اختیاری است."
"چه مقادیری برای فیلد مرحله جلسه قابل انتخاب است و اهمیت این فیلد در چیست؟","مرحله جلسه می‌تواند یکی از موارد برنامه‌ریزی شده (پیش‌فرض)، برگزار شده، لغو شده یا به تعویق افتاده باشد و این فیلد ضروری است."
"فیلد نوع موجودیت در ثبت جلسه چه گزینه‌هایی دارد و چگونه مقداردهی می‌شود؟","نوع موجودیتی که جلسه به آن مرتبط است باید از لیست سرنخ، فرد، کمپین، مشتری، فرصت یا پیش فاکتور انتخاب شود. اگر جلسه از روی موجودیتی خاص ایجاد شود، این فیلد به صورت خودکار پر می‌شود. تکمیل آن ضروری است."
"فیلد موجودیت چگونه مقداردهی می‌شود و چه شرایطی برای آن وجود دارد؟","بسته به نوع موجودیت انتخابی، لیستی از رکوردهای آن موجودیت نمایش داده می‌شود و اگر جلسه از روی موجودیت خاص ایجاد شود، به صورت خودکار مقداردهی می‌شود. این فیلد ضروری است."
"فیلد زمان یادآوری در جلسه چه کاربردی دارد و چه گزینه‌هایی برای آن وجود دارد؟","زمان یادآوری برای نمایش هشدار جلسه ثبت می‌شود که شامل تاریخ و ساعت است و به صورت پیش‌فرض یک ربع قبل از زمان جلسه تنظیم می‌شود. گزینه‌ها شامل: ندارد، 5 دقیقه، 15 دقیقه، 30 دقیقه، 1 ساعت، 2 ساعت، 1 روز قبل، 2 روز قبل است. این فیلد اختیاری است."
"در فیلد توضیحات جلسه چه اطلاعاتی ثبت می‌شود و آیا این فیلد الزامی است؟","در فیلد توضیحات، خروجی و موارد مهم رخ داده در جلسه ثبت می‌شود. این فیلد اختیاری است اما پر کردن آن جهت داشتن اطلاعات تمیزتر مهم است."
"فیلد کاربر پیگیری کننده در جلسه چه کاربردی دارد و وضعیت الزامی بودن آن چگونه است؟","کاربری که مسئول پیگیری و مدیریت جلسه است در این فیلد تعیین می‌شود و این فیلد اجباری است."
"پس از ذخیره‌سازی یک رکورد جلسه یا کلیک بر روی نام جلسه، کاربر به چه صفحه‌ای هدایت می‌شود و چه امکاناتی در آن قرار دارد؟","پس از ذخیره‌سازی یک رکورد جلسه یا کلیک بر روی نام یک جلسه، کاربر به صفحه‌ی مشاهده‌ی آن جلسه هدایت می‌شود که امکاناتی مانند مشاهده‌ی خلاصه‌ای از اطلاعات اصلی و مدیریت مرحله جلسه را در اختیار کاربر قرار می‌دهد."
"در صفحه مشاهده جلسه، چگونه اطلاعات اصلی جلسه به کاربر نمایش داده می‌شود و هدف از این کار چیست؟","برخی از اطلاعات اصلی جلسه که معمولاً برای مشاهده و بررسی به فرم مشاهده جلسه مراجعه می‌شود، جهت دسترسی سریع‌تر در بالای صفحه قرار گرفته است."
"مدیریت مرحله جلسه در فرم مشاهده جلسه چگونه انجام می‌شود؟","در پایین اطلاعات اصلی، مراحل جلسه به صورت نوار نمایش داده شده است و با کلیک بر روی این مراحل و تأیید تغییر وضعیت می‌توان مرحله جلسه را بروزرسانی کرد. همچنین، فیلد چند گزینه‌ای این مراحل نیز در بالای نوار مراحل وجود دارد که در صورت نیاز می‌توان مرحله را از طریق آن بروزرسانی نمود."
"چه ابزارهایی برای تغییر مرحله جلسه در فرم مشاهده جلسه وجود دارد و عملکرد آن‌ها چگونه است؟","امکان تغییر مرحله جلسه با کلیک بر روی مراحل در نوار و تأیید تغییر وضعیت، یا با استفاده از فیلد چند گزینه‌ای مراحل که در بالای نوار مراحل قرار گرفته است، فراهم است."
"طراحی فرم مشاهده جلسه چگونه به دسترسی سریع‌تر و مدیریت آسان‌تر مراحل کمک می‌کند؟","قرار دادن اطلاعات اصلی جلسه در بالای صفحه و نمایش مراحل جلسه به صورت نوار، موجب دسترسی سریع‌تر به اطلاعات و مدیریت ساده‌تر و سریع‌تر مراحل جلسه می‌شود."
"در بخش فهرست جلسه‌ها چه امکانی برای مشاهده جلسات وجود دارد؟","در این بخش می‌توانید فهرست جلسه‌هایی که به آن‌ها دسترسی دارید را مشاهده نمایید."
"امکان تنظیم ستون‌های نمایشی در فهرست جلسه‌ها چه مزیتی برای کاربر ایجاد می‌کند؟","امکان تنظیم ستون‌های نمایشی برای هر کاربر به صورت مجزا فراهم است تا کاربر بتواند با یک نگاه کلی اطلاعات لازم از جلسه‌ها را مشاهده کند."
"چه ابزاری برای یافتن جلسات خاص در فهرست جلسه‌ها فراهم شده است؟","امکان اعمال فیلترهای پیشرفته برای مشاهده جلسه‌های مورد نظر وجود دارد."
"امکان اشتراک‌گذاری نتایج فیلتر شده جلسه‌ها در فهرست جلسه‌ها به چه صورت است؟","امکان ارسال جلسه‌های فیلتر شده همراه با فیلترها برای کاربران دیگر سیستم فراهم است."
"ترکیب تنظیم ستون‌ها و فیلترهای پیشرفته چه تأثیری بر مدیریت جلسات در سیستم دارد؟","ترکیب این امکانات به کاربران کمک می‌کند تا اطلاعات جلسه‌ها را به‌صورت سفارشی و هدفمند مشاهده و به دیگر کاربران منتقل کنند."
"در چه شرایطی دکمه «بستن جلسه» در صفحه مشاهده جلسات نمایش داده می‌شود و عملکرد آن چیست؟","دکمه «بستن جلسه» زمانی نمایش داده می‌شود که جلسه باز باشد و وضعیت آن هنوز به «برگزار شده» یا «لغو شده» تغییر نکرده باشد. با کلیک بر روی این دکمه، وضعیت جلسه به «برگزار شده» تغییر می‌یابد."
"پس از کلیک روی دکمه «بستن جلسه» چه مراحلی برای کاربر اتفاق می‌افتد؟","فرم توضیحات باز می‌شود تا کاربر بتواند خلاصه یا نتایج جلسه را وارد کند و پس از نوشتن توضیحات، با زدن دکمه ذخیره، جلسه بسته شده و وضعیت آن به‌روزرسانی می‌شود."
"چه نقشی فرآیند بستن جلسه در ثبت خروجی و به‌روزرسانی وضعیت جلسه ایفا می‌کند؟","این فرآیند به ثبت دقیق خروجی جلسه و اطمینان از به‌روزرسانی وضعیت آن کمک می‌کند."
"تکمیل فرم توضیحات پس از بستن جلسه چه اهمیتی دارد؟","تکمیل فرم توضیحات پس از بستن جلسه امکان وارد کردن خلاصه یا نتایج جلسه را برای کاربر فراهم می‌کند و باعث می‌شود اطلاعات جلسه به صورت دقیق ثبت شود."
"تغییر وضعیت جلسه در هنگام بستن آن چگونه انجام می‌شود و چه نتیجه‌ای دارد؟","در هنگام بستن جلسه، وضعیت جلسه به صورت خودکار به «برگزار شده» تغییر یافته و پس از ذخیره توضیحات، جلسه بسته و وضعیت آن به‌روزرسانی می‌شود."
"فرصت در سیستم‌های مدیریت ارتباط با مشتری (CRM) به چه معنا است؟","فرصت، نمایانگر یک امکان واقعی برای انجام معامله یا فروش با یک مشتری بالقوه یا بالفعل است."
"هر فرصت در CRM شامل چه اطلاعاتی است؟","هر فرصت شامل اطلاعاتی مانند نیاز مشتری، ارزش احتمالی معامله، مرحله فروش، تاریخ بسته‌شدن پیش‌بینی‌شده و فعالیت‌های مرتبط با آن است."
"فرصت‌ها در سیستم‌های فروش به چه شیوه‌هایی ایجاد می‌شوند؟","فرصت‌ها معمولاً پس از شناسایی سرنخ‌ها یا از طریق تعاملات مستقیم با مشتریان موجود ایجاد می‌شوند."
"چرا مدیریت صحیح فرصت‌ها برای تیم فروش اهمیت دارد؟","مدیریت صحیح فرصت‌ها به تیم فروش کمک می‌کند تا منابع خود را بر روی مهم‌ترین و سودآورترین موارد متمرکز کرده، پیش‌بینی‌های دقیق‌تری از درآمد داشته باشند و نرخ تبدیل فروش را بهبود دهند."
"چه ارتباطی میان فرصت‌ها و پیش‌بینی درآمد در فرآیند فروش وجود دارد؟","مدیریت درست فرصت‌ها به تیم فروش امکان می‌دهد پیش‌بینی‌های دقیق‌تری از درآمد داشته باشد."
"تمرکز منابع تیم فروش بر مهم‌ترین فرصت‌ها چه مزیتی دارد؟","تمرکز منابع تیم فروش بر مهم‌ترین فرصت‌ها باعث بهبود نرخ تبدیل فروش و افزایش سودآوری می‌شود."
"چه عواملی نشان‌دهنده این است که یک فرصت ارزش پیگیری دارد؟","نیاز مشتری، ارزش احتمالی معامله، مرحله فروش، تاریخ بسته‌شدن پیش‌بینی‌شده و فعالیت‌های مرتبط از عوامل تعیین‌کننده ارزش پیگیری یک فرصت هستند."
"فرصت فروش چه زمانی در فرآیند فروش ایجاد می‌شود؟","فرصت فروش زمانی ایجاد می‌شود که یک مشتری (یا سرنخ واجد شرایط‌شده) علاقه‌مندی مشخصی به محصولات یا خدمات سازمان نشان دهد و احتمال انجام معامله وجود داشته باشد."
"هدف از ایجاد فرصت در فرآیند فروش چیست؟","هدف از ایجاد فرصت، مدیریت متمرکز و ساختاریافته فرآیند فروش از لحظه شناسایی تا نهایی‌سازی قرارداد یا سفارش است."
"فرصت‌ها معمولاً در چه مراحلی از قیف فروش قرار می‌گیرند؟","فرصت‌ها معمولاً در مراحل میانی یا پایانی قیف فروش قرار می‌گیرند."
"ثبت فرصت‌ها چه کمکی به تیم فروش می‌کند؟","ثبت فرصت‌ها به تیم فروش کمک می‌کند تا میزان فروش بالقوه را پیش‌بینی کنند، زمان و منابع خود را به اولویت‌های درست اختصاص دهند و فعالیت‌های هدفمندتری انجام دهند."
"چه فعالیت‌های هدفمندی از ثبت فرصت‌ها در فرآیند فروش ناشی می‌شوند؟","فعالیت‌هایی مانند ارائه پیشنهاد، مذاکره یا پیگیری هدفمند از ثبت فرصت‌ها ناشی می‌شوند."
"چه روش‌هایی برای ایجاد فرصت در سیستم فروش وجود دارد؟","تبدیل مستقیم از سرنخ‌های واجد شرایط و ایجاد دستی توسط کاربر در زمان تماس یا جلسه با مشتری، دو روش اصلی ایجاد فرصت هستند."
"چه اطلاعاتی باید هنگام ایجاد فرصت فروش مشخص شود؟","هنگام ایجاد فرصت فروش باید مرحله فروش، ارزش تقریبی، زمان پیش‌بینی‌شده برای بستن فرصت و ارتباط آن با مشتری مشخص شود."
"ثبت یادداشت‌ها و فعالیت‌های مرتبط با فرصت چه مزیتی دارد؟","ثبت یادداشت‌ها و فعالیت‌های انجام‌شده مانند تماس‌ها، جلسات و ارسال پیشنهاد به پیگیری بهتر فرصت کمک می‌کند."
"هر فرصت فروش می‌تواند با چه مواردی در سازمان مرتبط باشد؟","هر فرصت فروش می‌تواند با محصولات، خدمات یا کمپین خاصی مرتبط باشد."
"چه زمانی می‌توان یک سرنخ را مستقیماً به فرصت فروش تبدیل کرد؟","زمانی که سرنخ ابراز نیاز یا علاقه مشخص به محصولات یا خدمات سازمان کرده باشد، می‌توان آن را مستقیماً به فرصت فروش تبدیل کرد."
"ایجاد فرصت به صورت دستی توسط تیم فروش چگونه انجام می‌شود؟","اعضای تیم فروش می‌توانند در زمان تماس یا جلسه با مشتری، فرصت جدیدی را مستقیماً در سیستم فروش ثبت کنند."
"اختصاص منابع تیم فروش به فرصت‌ها چگونه باید انجام شود؟","منابع تیم فروش باید به فرصت‌هایی اختصاص داده شوند که از اولویت و احتمال بالاتری برای نهایی شدن برخوردار هستند."
"چگونه ثبت فرصت‌ها می‌تواند به پیش‌بینی میزان فروش بالقوه کمک کند؟","ثبت فرصت‌ها به تیم فروش امکان می‌دهد که میزان فروش بالقوه را ارزیابی کرده و پیش‌بینی دقیق‌تری از فروش آینده داشته باشند."
"منظور از «ایجاد مشتری» در سیستم مدیریت ارتباط با مشتریان (CRM) چیست؟","ایجاد مشتری در CRM به معنای ثبت یک سازمان یا شرکت به‌عنوان یک حساب تجاری معتبر است که یا مشتری بالفعل است یا پتانسیل تبدیل شدن به مشتری را دارد."
"ایجاد مشتری در CRM در چه مرحله‌ای از چرخه فروش انجام می‌شود؟","ایجاد مشتری پس از بررسی و اعتبارسنجی سرنخ‌ها و افراد مرتبط انجام می‌شود و گامی اساسی در ساختاردهی چرخه فروش و خدمات است."
"ثبت اطلاعات یک سازمان در CRM شامل چه مواردی می‌شود؟","ثبت اطلاعات سازمان شامل نام شرکت، شماره تماس، آدرس و صنعت است."
"در CRM اتصال افراد (Contacts) به شرکت با چه جزئیاتی امکان‌پذیر است؟","اتصال افراد مرتبط با شرکت به همراه جزئیاتی نظیر سمت، نقش تصمیم‌گیری و اطلاعات تماس امکان‌پذیر است."
"CRM چگونه فرصت‌های فروش و سوابق مالی مشتریان را مدیریت می‌کند؟","CRM با ایجاد مدیریت متمرکز، فرصت‌های فروش، پیش‌فاکتورها، فاکتورها و سوابق قراردادها را به مشتری مرتبط کرده و آن‌ها را سازماندهی می‌کند."
"CRM مشتریان را براساس چه معیارهایی دسته‌بندی و تفکیک می‌کند؟","CRM مشتریان را براساس نوع (مثلاً استراتژیک، کوچک، سازمانی، جدید) و وضعیت (فعال، غیرفعال، بالقوه) دسته‌بندی و تفکیک می‌کند."
"ثبت تعاملات و یادداشت‌ها در CRM چه هدفی را دنبال می‌کند؟","ثبت تعاملات، وظایف و یادداشت‌ها در CRM برای پیگیری بهتر وضعیت هر مشتری و بهبود مدیریت ارتباطات انجام می‌شود."
"چرا ثبت و ایجاد مشتری در CRM به عنوان نقطه مرکزی مدیریت اطلاعات تلقی می‌شود؟","زیرا ایجاد مشتری در CRM امکان مدیریت ساختاری اطلاعات سازمان‌ها، تعاملات، اتصال افراد، فرصت‌ها و سوابق مالی را در یک موجودیت سازمانی واحد فراهم می‌کند."
"چه نوع سازمان‌هایی می‌توانند به عنوان مشتری در CRM ثبت شوند؟","سازمان‌هایی که یا در حال حاضر مشتری بالفعل هستند یا پتانسیل تبدیل شدن به مشتری را دارند، می‌توانند در CRM ثبت شوند."
"فیلد «نوع طرف تجاری» در اطلاعات مشتری چه نقشی در فرایندهای تجاری ایفا می‌کند؟","این فیلد تعیین می‌کند که طرف تجاری از نوع «مشتری»، «تأمین‌کننده»، «نماینده» یا سایر انواع تعریف‌شده است و مبنای بسیاری از فرایندها مانند فیلترها، گزارش‌گیری‌ها و جریان‌های کاری است."
"تفاوت ثبت اطلاعات بین مشتری حقیقی و حقوقی در سیستم چگونه است؟","اگر مشتری حقیقی باشد فقط «نام خانوادگی» اجباری است؛ ولی اگر مشتری حقوقی باشد، ثبت «نام شرکت» ضروری است."
"اهمیت «کد مشتری» در ثبت مشتری جدید در سیستم چیست؟","کد مشتری شناسه‌ای یکتا برای جلوگیری از ورود داده‌های تکراری بوده و امکان شناسایی دقیق مشتری را فراهم می‌کند."
"چگونه «کد مشتری در زیرسیستم فروش» مقداردهی می‌شود؟","«کد مشتری در زیرسیستم فروش» در صورت انتقال مشتری به این زیرسیستم، به صورت خودکار توسط سیستم مقداردهی می‌شود."
"«شناسه ملی / کد ملی» مشتری در چه مواردی کاربرد دارد؟","این فیلد در گزارشات مالی، حقوقی و بررسی سوابق مالیاتی مشتری کاربرد دارد."
"طبقه‌بندی «میزان جذابیت» مشتریان چه کاربردی در فعالیت‌های بازاریابی و فروش دارد؟","این طبقه‌بندی به تخصیص بهتر منابع فروش و بازاریابی بر اساس پتانسیل ارزش‌آفرینی مشتریان کمک می‌کند."
"ثبت «صنعت» مربوط به مشتری چه تأثیری بر تدوین استراتژی بازاریابی دارد؟","شناسایی صنعت مشتری به تحلیل بازارهای پرفروش یا کم‌نفوذ کمک کرده و استراتژی توسعه بازار را بهبود می‌بخشد."
"«زیر صنعت» مشتری چگونه به هدف‌گیری دقیق‌تر بازار کمک می‌کند؟","تعیین زیر صنعت مشتری به دقت بیشتر در هدف‌گیری بازار و ارائه پیشنهادات شخصی‌سازی‌شده منجر می‌شود."
"کاربرد ثبت «وب‌سایت» در اطلاعات مشتری چیست؟","وب‌سایت برای شناخت بیشتر مشتری، بررسی سوابق، ارزیابی اعتبار و تحلیل رقبا استفاده می‌شود."
"«شماره ثبت» در اطلاعات مشتریان حقوقی در چه مواردی استفاده می‌شود؟","«شماره ثبت» در قراردادها و تعاملات رسمی و حقوقی مشتریان حقوقی کاربرد دارد."
"فیلد «شماره تماس اصلی» مشتری چگونه پر می‌شود؟","«شماره تماس اصلی» به‌صورت خودکار و سیستمی از تب تماس‌ها مقداردهی می‌شود."
"«ایمیل اصلی» مشتری در چه فرایندهایی کاربرد دارد؟","ایمیل اصلی برای مکاتبات رسمی، ارسال پیش‌فاکتور و اطلاع‌رسانی‌ها ضروری است."
"اهمیت فیلد «توضیحات» در اطلاعات مشتری چیست؟","این فیلد برای درج یادداشت‌های تکمیلی، نکات خاص، یا ملاحظات مربوط به تعاملات گذشته با مشتری استفاده می‌شود."
"فیلد «کاربر ایجادکننده» چه کاربردی در مدیریت سیستم دارد؟","مشخص کردن کاربر ایجادکننده برای گزارش‌گیری عملکرد کاربران، پیگیری اقدامات و مسئولیت‌پذیری حائز اهمیت است."
"فیلد «مرحله» مشتری چه وضعیتی را نشان می‌دهد؟","فیلد «مرحله» نشان می‌دهد که آیا مشتری به سیستم فروش منتقل شده («منتقل شده») یا هنوز منتقل نشده («منتقل نشده»)."
"اطلاعات زمانی مانند «زمان ایجاد حساب» در سیستم مشتری چه استفاده‌ای دارند؟","این اطلاعات برای گزارش‌های زمانی و بررسی تأخیرهای احتمالی در ایجاد حساب مشتری استفاده می‌شوند."
"«تاریخ آخرین به‌روزرسانی» در اطلاعات مشتری چه اهمیتی دارد؟","این فیلد برای بررسی و پیگیری تغییرات و به‌روزرسانی‌های اطلاعات مشتری استفاده می‌شود."
"مزیت ثبت چند آدرس با نقش‌های متفاوت برای هر مشتری چیست؟","امکان ثبت چند آدرس با نقش‌های متفاوت مانند تحویل کالا یا ارسال صورتحساب، برای مدیریت لجستیک، فاکتوردهی و مطابقت قانونی ضروری است."
"تخصیص مشتری به گروه‌هایی مانند «VIP» یا «استراتژیک» چه فایده‌ای دارد؟","تخصیص مشتری به گروه‌های مختلف برای اعمال سیاست‌های خاص، فیلترینگ بهتر و تحلیل دقیق‌تر مشتریان استفاده می‌شود."
"نقش «گروه مالیاتی» در اطلاعات مشتری چیست؟","گروه مالیاتی مشتری برای صدور فاکتورها، محاسبات مالی و اتصال اطلاعات به ماژول دفتر کل کاربرد دارد."
"پس از کلیک روی نام یک سرنخ یا ذخیره‌سازی آن، چه صفحه‌ای نمایش داده می‌شود؟","صفحه مشاهده سرنخ نمایش داده می‌شود."
"در فرم مشاهده مشتری، چه نوع رکوردهایی به صورت یکجا قابل مشاهده هستند؟","رکوردهایی که با مشتری رابطه یک به چند دارند، مانند افراد، فرصت‌ها و پیش‌فاکتورها، به صورت یکجا قابل مشاهده هستند."
"فعالیت‌های مربوط به مشتری در فرم مشاهده مشتری به چند بخش تقسیم می‌شوند و شامل چه مواردی هستند؟","فعالیت‌ها به دو بخش «فعالیت‌های باز» و «تاریخچه فعالیت‌ها» تقسیم می‌شوند و شامل تماس، جلسه، وظیفه و یادداشت هستند."
"تفاوت «فعالیت‌های باز» با «تاریخچه فعالیت‌ها» در فرم مشاهده مشتری چیست؟","«فعالیت‌های باز» در وضعیت برنامه‌ریزی‌شده بوده و نیازمند اقدام هستند، اما «تاریخچه فعالیت‌ها» شامل فعالیت‌های بسته‌شده یا وضعیت‌هایی به غیر از برنامه‌ریزی‌شده است."
"چه امکانی برای ایجاد سریع فعالیت‌ها در فرم مشاهده مشتری وجود دارد؟","آیکون‌هایی برای ایجاد سریع فعالیت‌ها مانند تماس، جلسه، وظیفه و یادداشت در این فرم وجود دارند."
"چرا برخی از اطلاعات اصلی مشتری در قسمت بالای صفحه فرم مشاهده مشتری قرار گرفته‌اند؟","برخی اطلاعات اصلی به‌منظور دسترسی سریع‌تر و آسان‌تر جهت بررسی و مشاهده در بالای صفحه فرم قرار گرفته‌اند."
"چرا نمایش یکجای رکوردهای مرتبط با مشتری اهمیت دارد؟","نمایش یکجای رکوردهای مرتبط، امکان بررسی جامع و سریع ارتباطات و تعاملات مرتبط با مشتری را فراهم می‌کند."
"چگونه وضعیت فعالیت‌های مشتری (برنامه‌ریزی‌شده یا بسته‌شده) بر نحوه نمایش آن‌ها در فرم مشاهده مشتری تأثیر دارد؟","فعالیت‌های با وضعیت «برنامه‌ریزی‌شده» در بخش «فعالیت‌های باز» و فعالیت‌های با وضعیت دیگر در بخش «تاریخچه فعالیت‌ها» نمایش داده می‌شوند."
"چه مزیتی در نمایش خلاصه‌ای از اطلاعات اصلی مشتری در فرم مشاهده مشتری وجود دارد؟","مزیت آن دسترسی سریع به اطلاعات کلیدی و مهم مشتری برای بررسی‌های معمول و روزانه است."
"در بخش «فهرست مشتری‌ها»، چه اطلاعاتی برای کاربر قابل مشاهده است؟","کاربر می‌تواند فهرستی از مشتری‌هایی را که به آنها دسترسی دارد مشاهده کند."
"در «فهرست مشتری‌ها»، کاربران چگونه می‌توانند نمایش اطلاعات را متناسب با نیاز خود تغییر دهند؟","هر کاربر می‌تواند ستون‌های نمایشی فهرست مشتری‌ها را به صورت مجزا تنظیم کند تا اطلاعات مورد نیاز را سریع‌تر مشاهده کند."
"امکان «اعمال فیلترهای پیشرفته» در فهرست مشتری‌ها چه کاربردی دارد؟","به کاربران اجازه می‌دهد مشتری‌های مورد نظر خود را بر اساس معیارهای مشخص فیلتر کنند و سپس نتایج را برای کاربران دیگر ارسال نمایند."
"قابلیت ارسال مشتری‌های فیلترشده برای کاربران دیگر در سیستم چه مزیتی دارد؟","این قابلیت امکان به اشتراک‌گذاری آسان و سریع لیست مشتری‌های خاص بین کاربران مختلف سیستم را فراهم می‌کند."
"چگونه می‌توان مشاهده سریع‌تر اطلاعات ضروری از مشتری‌ها را در فهرست مشتری‌ها تسهیل کرد؟","با تنظیم اختصاصی ستون‌های نمایشی به صورت جداگانه برای هر کاربر، مشاهده سریع‌تر اطلاعات ضروری مشتری‌ها ممکن می‌شود."
"تعریف «وظیفه» (Task) در سیستم مدیریت ارتباط با مشتری (CRM) چیست؟","وظیفه به مجموعه‌ای از کارها یا فعالیت‌های مشخص و قابل پیگیری گفته می‌شود که برای پیشبرد پروژه‌ها، پیگیری امور مشتریان یا انجام اقدامات داخلی تعریف و مدیریت می‌شوند."
"در سیستم CRM، ایجاد وظیفه برای کاربران چه مزیتی دارد؟","ایجاد وظیفه به کاربران کمک می‌کند تا کارهای روزانه و اقدامات لازم مربوط به سرنخ‌ها، مشتریان، فرصت‌ها یا سایر موجودیت‌ها را برنامه‌ریزی، پیگیری و اجرا کنند."
"هر وظیفه در سیستم CRM چه مشخصه‌هایی دارد؟","هر وظیفه در سیستم CRM دارای زمان‌بندی مشخص، وضعیت، اولویت و مسئول تعیین‌شده است."
"چگونه وظایف در سیستم CRM باعث افزایش بهره‌وری و بهبود همکاری تیمی می‌شوند؟","وظایف با نظم‌دهی به کارهای کوچک و بزرگ، موجب افزایش بهره‌وری و بهبود همکاری و هماهنگی میان اعضای تیم می‌شوند."
"نقش «زمان‌بندی مشخص» در تعریف یک وظیفه در CRM چیست؟","«زمان‌بندی مشخص» باعث می‌شود روند انجام وظایف واضح، قابل کنترل و قابل پیگیری باشد."
"تعیین اولویت برای هر وظیفه در CRM چه تأثیری بر مدیریت کارها دارد؟","تعیین اولویت باعث می‌شود کارها به صورت هدفمندتر انجام شده و منابع به طور اثربخش‌تر برای امور مهم‌تر اختصاص یابند."
"وظایف در CRM به چه موجودیت‌هایی می‌توانند مرتبط باشند؟","وظایف در CRM می‌توانند به سرنخ‌ها، مشتریان، فرصت‌ها یا سایر موجودیت‌ها مرتبط باشند."
"هدف اصلی از ایجاد وظیفه در سیستم CRM چیست؟","هدف اصلی ایجاد وظیفه در سیستم CRM مستندسازی و پیگیری کارها و فعالیت‌های قابل انجام و سازماندهی امور و مدیریت زمان است."
"وظایف در سیستم CRM به چه صورت‌هایی قابل تعریف هستند؟","وظایف در سیستم CRM می‌توانند به‌صورت برنامه‌ریزی شده برای آینده یا به عنوان یادآوری برای انجام کاری خاص در زمان مشخص تعریف شوند."
"در چه موقعیت‌هایی ایجاد وظیفه در CRM ضروری است؟","هنگامی که نیاز به انجام کار مشخصی در بازه زمانی معین باشد یا کاری فوری و تکلیفی به فردی واگذار شود، ایجاد وظیفه ضروری است."
"سه مسیر اصلی ایجاد وظیفه در CRM کدام‌اند؟","ایجاد وظیفه از طریق رکوردهای مرتبط، ایجاد وظیفه از طریق تقویم و ایجاد وظیفه از طریق فرم مستقیم (ماژول فعالیت‌ها یا داشبورد)."
"هنگام ایجاد وظیفه از طریق رکورد مرتبط در CRM چه اتفاقی رخ می‌دهد؟","وظیفه ایجادشده به‌صورت پیش‌فرض به رکورد مربوطه (مثل سرنخ، فرصت، مشتری یا پیش‌فاکتور) مرتبط می‌شود."
"کاربران هنگام ایجاد وظیفه از طریق تقویم CRM چه اقدامی انجام می‌دهند؟","کاربران زمان موردنظر را در تقویم انتخاب کرده و نوع فعالیت را «وظیفه» تعیین می‌کنند تا یک وظیفه برنامه‌ریزی‌شده ایجاد شود."
"چه جزئیاتی را می‌توان هنگام ثبت وظیفه در CRM مشخص کرد؟","عنوان، توضیحات، اولویت، زمان شروع و پایان، وضعیت، نوع موجودیت مرتبط و کاربر پیگیری‌کننده."
"مدیریت ساختاریافته وظایف در CRM چه مزیتی برای سازمان‌ها دارد؟","این روش به سازمان‌ها امکان برنامه‌ریزی و پیگیری هدفمند کارها، جلوگیری از فراموشی یا تأخیر در انجام امور و داشتن دید جامع از روند پیشرفت فعالیت‌ها را می‌دهد."
"ایجاد وظیفه در CRM چگونه به مدیریت بهتر زمان در سازمان کمک می‌کند؟","با برنامه‌ریزی دقیق و یادآوری وظایف، CRM به سازمان‌ها کمک می‌کند تا وظایف را به موقع انجام داده و از تأخیر جلوگیری نمایند."
"چرا ارتباط وظایف به رکوردهای دیگر (مانند مشتری یا فرصت) در CRM اهمیت دارد؟","ارتباط وظایف با رکوردهای مرتبط باعث می‌شود تا کارها به صورت منسجم‌تر پیگیری شوند و سوابق فعالیت‌ها واضح‌تر باشند."
"فیلد «عنوان» در فرم وظیفه چه کاربردی دارد و آیا پر کردن آن الزامی است؟","عنوان برای ثبت توضیحی مختصر و واضح از وظیفه است که به‌عنوان شناسه اصلی آن در لیست‌ها و گزارش‌ها عمل می‌کند و پر کردن آن الزامی است."
"فیلد «تاریخ و زمان انجام» وظیفه چه اهمیتی در مدیریت زمان دارد؟","تعیین دقیق تاریخ و زمان انجام وظیفه به برنامه‌ریزی و مدیریت بهینه زمان انجام کار کمک می‌کند."
"گزینه‌های قابل انتخاب در فیلد «سطح اهمیت» وظیفه کدام‌اند؟","گزینه‌های قابل انتخاب در این فیلد شامل کم، متوسط یا زیاد است."
"چرا استفاده از فیلد «سطح اهمیت» در ثبت وظیفه برای سازمان‌ها مفید است؟","این فیلد به مدیران و کاربران امکان دسته‌بندی و پیگیری وظایف را بر اساس اولویت می‌دهد."
"فیلد «کاربر پیگیری‌کننده» در وظیفه چگونه مقداردهی می‌شود؟","این فیلد به‌صورت پیش‌فرض با کاربر ایجادکننده وظیفه پر می‌شود اما امکان تغییر آن توسط کاربر وجود دارد."
"«زمان یادآوری» وظیفه به چه صورتی معمولاً به کاربران اطلاع‌رسانی می‌شود؟","یادآوری معمولاً به صورت اعلان در سیستم یا از طریق پیامک و ایمیل (در نسخه‌های پیشرفته‌تر) ارسال می‌شود."
"گزینه «تکرار وظیفه» چه امکانی را برای کاربر فراهم می‌کند؟","گزینه تکرار وظیفه به کاربر امکان می‌دهد وظیفه را به صورت دوره‌ای و خودکار در فواصل زمانی مشخص تکرار کند."
"فیلد «زمان تکرار» در وظایف دوره‌ای چه بازه‌های زمانی‌ای را می‌تواند شامل شود؟","زمان تکرار می‌تواند به صورت روزانه، هفتگی، ماهانه یا هر دوره دلخواه دیگری تعریف شود."
"وضعیت پیش‌فرض وظیفه در فیلد «مرحله» در زمان ایجاد آن چیست؟","وضعیت پیش‌فرض وظیفه در زمان ایجاد، «شروع نشده» است."
"انواع وضعیت‌های قابل انتخاب در فیلد «مرحله» وظیفه کدام‌اند؟","شروع نشده، در حال انجام، انجام شده، به تعویق افتاده، در انتظار ورودی و لغو شده."
"در چه مواقعی می‌توان از فیلد «توضیحات» در ثبت وظیفه استفاده کرد؟","هنگامی که نیاز به وارد کردن جزئیات یا نکات تکمیلی برای درک بهتر موضوع و همکاری تیمی باشد، می‌توان از فیلد توضیحات استفاده کرد."
"ارتباط فیلدهای «نوع موجودیت» و «موجودیت» در ثبت وظیفه چگونه است؟","ابتدا نوع موجودیت (مثل سرنخ، مشتری، فرصت و...) مشخص می‌شود و سپس بر اساس آن، رکورد مشخصی در فیلد «موجودیت» انتخاب می‌شود تا وظیفه به آن مرتبط گردد."
"مزیت اصلی تعیین ارتباط بین وظیفه و رکوردهای دیگر در CRM چیست؟","تعیین این ارتباط امکان پیگیری دقیق‌تر وظایف و دسترسی سریع‌تر به اطلاعات مرتبط را فراهم می‌کند."
"در صورتی که وظیفه مستقیماً از روی یک رکورد ایجاد شود، کدام فیلد به‌صورت خودکار پر می‌شود؟","فیلد «موجودیت» به صورت خودکار پر می‌شود."
"تنظیمات پیش‌فرض فیلد «زمان یادآوری» در هنگام ثبت وظیفه چیست؟","تنظیمات پیش‌فرض «زمان یادآوری»، یک ربع قبل از زمان انجام تعیین‌شده برای وظیفه است."
"پس از ذخیره کردن یا کلیک بر روی نام یک وظیفه، چه صفحه‌ای برای کاربر نمایش داده می‌شود؟","صفحه مشاهده‌ی آن وظیفه نمایش داده می‌شود."
"در صفحه مشاهده وظیفه، اطلاعات اصلی وظیفه به چه شکلی ارائه می‌شود؟","اطلاعات اصلی وظیفه به صورت خلاصه و برای دسترسی سریع‌تر، در بالای صفحه قرار گرفته است."
"صفحه مشاهده وظیفه چه ابزاری را برای مدیریت مرحله فعلی وظیفه فراهم می‌کند؟","یک نوار نمایش مراحل وظیفه برای مشاهده و تغییر آسان مرحله فعلی وظیفه در این صفحه قرار دارد."
"چگونه می‌توان مرحله فعلی وظیفه را از طریق نوار مراحل تغییر داد؟","با کلیک روی مراحل موجود در نوار مراحل و تأیید تغییر وضعیت، مرحله وظیفه بروزرسانی می‌شود."
"آیا امکان تغییر مرحله وظیفه از طریق گزینه‌ای دیگر به غیر از نوار مراحل وجود دارد؟ توضیح دهید.","بله، علاوه بر نوار مراحل، یک فیلد چندگزینه‌ای برای تغییر مرحله وظیفه وجود دارد که در صورت نیاز می‌توان از گزینه‌های موجود در آن مرحله را تغییر داد."
"مزیت قرار دادن اطلاعات اصلی وظیفه در قسمت بالایی صفحه مشاهده وظیفه چیست؟","مزیت آن، دسترسی سریع‌تر کاربران به اطلاعات مهم و کلیدی وظیفه جهت بررسی آسان و سریع است."
"نمایش مراحل وظیفه به‌صورت نوار در صفحه مشاهده چه کاربردی برای کاربر دارد؟","نمایش نوار مراحل به کاربر حس بصری از مرحله فعلی وظیفه را می‌دهد و امکان مدیریت ساده و سریع مراحل وظیفه را فراهم می‌کند."
"بخش «فهرست وظیفه‌ها» در سیستم چه امکانی را برای کاربران فراهم می‌کند؟","کاربران می‌توانند در این بخش فهرستی از وظیفه‌هایی که به آنها دسترسی دارند را مشاهده نمایند."
"کاربران چگونه می‌توانند اطلاعات موجود در فهرست وظیفه‌ها را متناسب با نیاز خود سفارشی کنند؟","کاربران می‌توانند ستون‌های نمایشی فهرست وظیفه‌ها را به صورت مجزا تنظیم کرده و اطلاعات لازم را در یک نگاه کلی مشاهده کنند."
"کاربرد «فیلترهای پیشرفته» در فهرست وظیفه‌ها چیست؟","فیلترهای پیشرفته امکان مشاهده وظیفه‌های موردنظر کاربران را فراهم می‌کنند و همچنین اجازه می‌دهند این وظیفه‌های فیلترشده برای کاربران دیگر ارسال شوند."
"مزیت قابلیت ارسال وظیفه‌های فیلترشده برای کاربران دیگر چیست؟","این قابلیت باعث بهبود همکاری بین کاربران و امکان اشتراک‌گذاری سریع وظایف خاص و مهم با سایر اعضای سیستم می‌شود."
"چگونه استفاده از تنظیم ستون‌ها در فهرست وظیفه‌ها باعث بهبود دسترسی کاربران به اطلاعات می‌شود؟","تنظیم اختصاصی ستون‌ها به کاربران اجازه می‌دهد که اطلاعات ضروری مربوط به وظایف را سریع‌تر و واضح‌تر مشاهده کرده و از سردرگمی جلوگیری کند."
"دکمه «بستن وظیفه» در فرم‌های مشاهده موجودیت‌ها در چه شرایطی نمایش داده می‌شود؟","اگر برای موجودیت‌هایی مانند سرنخ، فرد، فرصت یا مشتری، وظیفه‌ای باز با وضعیت «برنامه‌ریزی‌شده» وجود داشته باشد، این دکمه نمایش داده می‌شود."
"هنگامی که روی دکمه «بستن وظیفه» کلیک شود، وضعیت وظیفه به‌صورت پیش‌فرض به چه حالتی تغییر می‌کند؟","وضعیت وظیفه به‌صورت پیش‌فرض به حالت «انجام‌شده» تغییر می‌کند."
"در زمان بستن وظیفه، چه فیلدی فعال می‌شود تا کاربر اطلاعات را وارد کند؟","فیلد «توضیحات» فعال می‌شود تا کاربر بتواند خروجی تماس یا نکات کلیدی مربوط به وظیفه را وارد کند."
"مزیت اصلی استفاده از دکمه «بستن وظیفه» نسبت به ویرایش کامل فرم چیست؟","این دکمه فرآیند نهایی‌سازی وظیفه را سریع‌تر و ساختارمندتر کرده و تنها فیلدهای ضروری را برای تکمیل نشان می‌دهد."
"چرا دکمه «بستن وظیفه» باعث کاهش احتمال فراموشی یا رها شدن وظایف می‌شود؟","چون کاربران با استفاده از این دکمه وظایف انجام‌شده را به سرعت نهایی کرده و از باز ماندن وظایف جلوگیری می‌کنند."
"نحوه نمایش دکمه «بستن وظیفه» چگونه تجربه کاربری را در صفحات مختلف بهبود می‌بخشد؟","این دکمه در لیست وظایف و فرم‌های مرتبط مانند فرم مشتری، سرنخ و فرصت نیز نمایش داده می‌شود و کاربران می‌توانند با یک کلیک از همان محل وظیفه را نهایی کنند."
"نقش توضیحات نهایی هنگام بستن وظیفه در مستندسازی فعالیت‌ها چیست؟","توضیحات نهایی باعث می‌شود خروجی یا نتیجه وظیفه به‌درستی مستند شده و گزارش‌گیری و پیگیری‌های بعدی راحت‌تر انجام شود."
"چرا هنگام بستن وظیفه، وضعیت آن به‌صورت خودکار به «انجام‌شده» تغییر می‌یابد؟","تغییر خودکار وضعیت، باعث صرفه‌جویی در زمان کاربر و کاهش خطاهای احتمالی ناشی از تنظیم دستی وضعیت می‌شود."
"پس از کلیک روی دکمه «بستن وظیفه»، سیستم به‌طور خودکار چه اقدامی انجام می‌دهد؟","سیستم به‌طور خودکار آخرین وظیفه باز مرتبط با آن موجودیت را شناسایی کرده و باز می‌کند."
"نمایش محدود و هدفمند فیلدها در فرم بستن وظیفه چه تأثیری بر تجربه کاربر دارد؟","این شیوه نمایش به کاربران کمک می‌کند تا سریع‌تر و راحت‌تر به تکمیل اطلاعات ضروری پرداخته و روند نهایی‌سازی وظیفه را ساده‌تر انجام دهند."
"یادداشت (Note) در سیستم CRM چه کاربردی دارد؟","یادداشت برای ثبت سریع و آزاد اطلاعات، مشاهدات یا نکات مهم مرتبط با یک موجودیت مانند مشتری، سرنخ یا فرصت فروش به کار می‌رود."
"چه تفاوت اساسی بین یادداشت و سایر فعالیت‌ها مانند تماس یا وظیفه در CRM وجود دارد؟","یادداشت فاقد وضعیت مشخص و زمان‌بندی است و صرفاً شامل یک فیلد متنی است، درحالی‌که تماس یا وظیفه دارای وضعیت و زمان‌بندی مشخص هستند."
"ثبت یادداشت‌ها در CRM چگونه به تقویت حافظه سازمانی کمک می‌کند؟","یادداشت‌ها زمینه و پیش‌زمینه تعاملات گذشته را ثبت می‌کنند و به تیم‌ها کمک می‌کنند تصمیمات بهتری بگیرند."
"در چه شرایطی ثبت یادداشت مناسب‌تر از تماس یا وظیفه در CRM است؟","زمانی که اطلاعاتی غیررسمی یا بدون نیاز به اقدام خاص ثبت می‌شود، ثبت یادداشت از تماس یا وظیفه مناسب‌تر است."
"یادداشت‌ها در CRM چگونه با موجودیت‌های دیگر مرتبط می‌شوند؟","مانند سایر فعالیت‌ها، یادداشت‌ها نیز به موجودیت‌های مختلف مثل مشتری، سرنخ و فرصت مرتبط شده و در تاریخچه تعاملات قابل مشاهده‌اند."
"آیا یادداشت‌ها در CRM دارای ساختار زمانی خاص یا وضعیت پیشرفت هستند؟","خیر، یادداشت‌ها فاقد زمان‌بندی و وضعیت خاص بوده و فقط زمان ثبت و نام کاربر ثبت‌کننده مشخص می‌شود."
"استفاده از یادداشت در CRM چه مزیتی از نظر سرعت ثبت دارد؟","به دلیل داشتن تنها یک فیلد متنی و عدم نیاز به تعیین وضعیت یا زمان‌بندی، یادداشت‌ها با سرعت بسیار بالایی ثبت می‌شوند."
"چرا گاهی کاربران در CRM ترجیح می‌دهند اطلاعاتی را در قالب یادداشت ثبت کنند و نه در فرم‌های رسمی؟","زیرا گاهی نیازی به وارد کردن همه جزئیات در فرم‌های رسمی نیست و یادداشت روشی ساده‌تر برای ثبت سریع و غیررسمی اطلاعات است."
"یکی از کاربردهای مهم یادداشت در تعاملات داخلی تیم‌ها چیست؟","یادداشت برای ثبت نکاتی به کار می‌رود که همکاران باید در تعاملات آینده مدنظر قرار دهند."
"مزیت استفاده از یادداشت برای ثبت «برداشت شخصی از رفتار مشتری» در CRM چیست؟","امکان ثبت سریع و غیررسمی مشاهدات شخصی وجود دارد و این اطلاعات به راحتی توسط تیم قابل دسترس و استفاده است."
"چگونه ثبت یادداشت به هماهنگی بیشتر اعضای تیم در CRM کمک می‌کند؟","با به اشتراک‌گذاری سریع اطلاعات جانبی و مشاهدات شخصی، هماهنگی و درک مشترک میان اعضای تیم افزایش می‌یابد."
"چه نوع اطلاعاتی معمولاً به صورت یادداشت در CRM ثبت می‌شوند؟","اطلاعات غیررسمی، خلاصه مکالمات، نکات تکمیلی یا مواردی که نیاز به اقدام عملی ندارند."
"ایجاد یادداشت در سیستم CRM برای چه منظوری استفاده می‌شود؟","برای ثبت سریع اطلاعات متنی، نکات مهم، برداشت‌ها یا خلاصه‌ای از تعاملات با مخاطبان مانند مشتری، سرنخ یا فرصت فروش استفاده می‌شود."
"آیا یادداشت‌ها در سیستم CRM دارای وضعیت یا زمان‌بندی خاصی هستند؟","خیر، یادداشت‌ها ساختار ساده‌ای دارند و بدون وضعیت یا زمان‌بندی خاصی ثبت می‌شوند."
"کاربران CRM در چه مواقعی معمولاً اقدام به ایجاد یادداشت می‌کنند؟","هنگامی که بخواهند برداشتی از یک گفت‌وگو ثبت کنند، اطلاعات تکمیلی درباره یک موجودیت ذخیره کنند یا خلاصه‌ای از تعاملات برای همکاران آینده بنویسند."
"ایجاد یادداشت از طریق ماژول فعالیت‌ها چگونه انجام می‌شود؟","در ماژول فعالیت‌ها گزینه‌ای برای ایجاد یادداشت وجود دارد که کاربر از طریق آن می‌تواند یادداشت جدیدی ثبت کرده و آن را به موجودیت خاصی متصل نماید."
"چه مزیتی در استفاده از یادداشت‌ها برای تیم‌های فروش یا پشتیبانی وجود دارد؟","یادداشت‌ها باعث افزایش شفافیت، تسهیل اشتراک‌گذاری اطلاعات و تقویت هماهنگی بین اعضای تیم‌های فروش یا پشتیبانی می‌شوند."
"چرا ثبت یادداشت برای اطلاعاتی که نیاز به اقدام عملی ندارند مناسب‌تر است؟","زیرا یادداشت‌ها ساختاری ساده و سریع دارند و نیازی به تعیین وضعیت، زمان‌بندی یا اقدامات پیگیری خاصی ندارند."
"در نمای جزئیات موجودیت‌ها (مثل سرنخ یا مشتری)، چگونه می‌توان یک یادداشت جدید ایجاد کرد؟","در نمای جزئیات موجودیت‌ها، بخشی برای «فعالیت‌ها» یا «ثبت یادداشت جدید» وجود دارد که کاربران از آن طریق یادداشت مرتبط را وارد و ذخیره می‌کنند."
"چه مسیرهایی برای ثبت یادداشت در CRM وجود دارد؟","یادداشت‌ها از طریق موجودیت‌ها، ماژول فعالیت‌ها، داشبورد شخصی یا تیمی و همچنین در تایم‌لاین تعاملات ثبت می‌شوند."
"چرا یادداشت‌ها برای ثبت برداشت‌های غیررسمی یا اطلاعات تکمیلی مناسب هستند؟","چون یادداشت‌ها امکان ثبت سریع، ساده و غیررسمی اطلاعات را بدون نیاز به تکمیل فرم‌های ساختاریافته فراهم می‌کنند."
"امکان ثبت یادداشت در تایم‌لاین تعاملات چه مزیتی برای کاربران دارد؟","این امکان باعث می‌شود که کاربران بتوانند یادداشت‌ها را در کنار تماس‌ها، جلسات و وظایف به صورت منسجم در تایم‌لاین مشاهده و ثبت کنند."
"فیلد «نوع موجودیت» در فرم یادداشت CRM چه کاربردی دارد؟","مشخص می‌کند یادداشت به کدام نوع از اطلاعات اصلی سیستم CRM مرتبط است، مانند مشتری یا سرنخ."
"فیلد «موجودیت» در یادداشت چگونه به پر شدن دقیق اطلاعات کمک می‌کند؟","پس از انتخاب نوع موجودیت، این فیلد امکان اتصال یادداشت به یک رکورد مشخص (مثل مشتری خاص) را فراهم می‌کند."
"در چه صورتی فیلدهای «نوع موجودیت» و «موجودیت» به‌صورت خودکار در فرم یادداشت پر می‌شوند؟","اگر یادداشت از داخل یک رکورد خاص مانند مشتری یا فرصت ایجاد شود، این فیلدها به‌صورت خودکار پر خواهند شد."
"فیلد «عنوان» در فرم یادداشت CRM چه اهمیتی دارد؟","عنوان، خلاصه‌ای گویا برای یادداشت فراهم می‌کند تا کاربران در نگاه اول موضوع کلی آن را تشخیص دهند."
"آیا وارد کردن فیلد «عنوان» هنگام ایجاد یادداشت در CRM الزامی است؟","بله، وارد کردن عنوان خلاصه و مشخص برای یادداشت الزامی است."
"فیلد «توضیحات» در فرم یادداشت چه نوع اطلاعاتی را می‌تواند شامل شود؟","توضیحات می‌تواند شامل نکات مهم، خلاصه مکالمات، برداشت‌های شخصی، توافقات شفاهی و سایر اطلاعات مفید باشد."
"تکمیل فیلد «توضیحات» در فرم یادداشت CRM چه مزیتی دارد؟","تکمیل این فیلد باعث انتقال بهتر و دقیق‌تر مفهوم یادداشت به سایر اعضای تیم می‌شود."
"فیلد «کاربر پیگیری‌کننده» معمولاً چگونه پر می‌شود و چه کاربردی دارد؟","معمولاً به صورت خودکار با نام کاربر ایجادکننده یادداشت پر می‌شود و برای مدیریت و گزارش‌گیری سوابق ثبت‌شده توسط کاربران استفاده می‌شود."
"چرا استفاده از فیلدهای «نوع موجودیت» و «موجودیت» برای دسترسی به یادداشت‌ها در CRM مفید است؟","این فیلدها یادداشت‌ها را دقیقاً به رکوردهای مرتبط متصل کرده و دسترسی سریع و منظم به سوابق آن‌ها را فراهم می‌کنند."
"آیا پر کردن فیلد «توضیحات» در فرم یادداشت CRM اجباری است؟","خیر، پر کردن فیلد توضیحات اختیاری است اما برای انتقال کامل‌تر مفهوم یادداشت توصیه می‌شود."
"پس از ذخیره یا کلیک روی نام یک یادداشت در سیستم CRM، چه صفحه‌ای نمایش داده می‌شود؟","صفحه مشاهده‌ی آن یادداشت نمایش داده می‌شود."
"در صفحه مشاهده یادداشت، چه نوع اطلاعاتی برای دسترسی سریع‌تر کاربران نمایش داده می‌شود؟","برخی از اطلاعات اصلی یادداشت به صورت خلاصه و در بالای صفحه برای مشاهده و بررسی سریع‌تر نمایش داده می‌شود."
"هدف از نمایش خلاصه اطلاعات اصلی یادداشت در بالای صفحه مشاهده یادداشت چیست؟","هدف، فراهم کردن دسترسی سریع‌تر به اطلاعات مهم و کلیدی یادداشت برای بررسی آسان و سریع کاربران است."
"کدام بخش از صفحه مشاهده یادداشت معمولاً بیشترین مراجعه کاربران را دارد؟","بخش خلاصه اطلاعات اصلی یادداشت که در بالای صفحه قرار گرفته است."
"در بخش «فهرست یادداشت‌ها» کاربران به چه امکاناتی دسترسی دارند؟","کاربران می‌توانند فهرستی از یادداشت‌هایی که به آنها دسترسی دارند را مشاهده کنند."
"چه قابلیتی برای تنظیم نمایش اطلاعات یادداشت‌ها در فهرست یادداشت‌ها وجود دارد؟","امکان تنظیم ستون‌های نمایشی برای هر کاربر به صورت مجزا فراهم است تا کاربران بتوانند اطلاعات لازم از یادداشت‌ها را در یک نگاه مشاهده کنند."
"هدف از اعمال فیلترهای پیشرفته در فهرست یادداشت‌ها چیست؟","اعمال فیلترهای پیشرفته امکان مشاهده یادداشت‌های موردنظر کاربران را فراهم می‌کند و همچنین می‌توان این یادداشت‌های فیلترشده را برای سایر کاربران ارسال کرد."
"مزیت قابلیت ارسال یادداشت‌های فیلترشده برای دیگر کاربران سیستم چیست؟","این قابلیت باعث تسهیل همکاری و اشتراک‌گذاری سریع یادداشت‌های مهم با سایر اعضای سیستم می‌شود."
"چگونه تنظیم اختصاصی ستون‌ها در فهرست یادداشت‌ها به کاربران کمک می‌کند؟","با تنظیم ستون‌ها به صورت اختصاصی، کاربران می‌توانند اطلاعات ضروری یادداشت‌ها را سریع‌تر و بهینه‌تر مشاهده نمایند."
"منظور از «ایجاد مشتری» در سیستم مدیریت ارتباط با مشتریان (CRM) چیست؟","ایجاد مشتری در CRM به معنای ثبت یک سازمان یا شرکت به‌عنوان یک حساب تجاری معتبر است که یا مشتری بالفعل است یا پتانسیل تبدیل شدن به مشتری را دارد."
"ایجاد مشتری در CRM در چه مرحله‌ای از چرخه فروش انجام می‌شود؟","ایجاد مشتری پس از بررسی و اعتبارسنجی سرنخ‌ها و افراد مرتبط انجام می‌شود و گامی اساسی در ساختاردهی چرخه فروش و خدمات است."
"ثبت اطلاعات یک سازمان در CRM شامل چه مواردی می‌شود؟","ثبت اطلاعات سازمان شامل نام شرکت، شماره تماس، آدرس و صنعت است."
"در CRM اتصال افراد (Contacts) به شرکت با چه جزئیاتی امکان‌پذیر است؟","اتصال افراد مرتبط با شرکت به همراه جزئیاتی نظیر سمت، نقش تصمیم‌گیری و اطلاعات تماس امکان‌پذیر است."
"CRM چگونه فرصت‌های فروش و سوابق مالی مشتریان را مدیریت می‌کند؟","CRM با ایجاد مدیریت متمرکز، فرصت‌های فروش، پیش‌فاکتورها، فاکتورها و سوابق قراردادها را به مشتری مرتبط کرده و آن‌ها را سازماندهی می‌کند."
"CRM مشتریان را براساس چه معیارهایی دسته‌بندی و تفکیک می‌کند؟","CRM مشتریان را براساس نوع (مثلاً استراتژیک، کوچک، سازمانی، جدید) و وضعیت (فعال، غیرفعال، بالقوه) دسته‌بندی و تفکیک می‌کند."
"ثبت تعاملات و یادداشت‌ها در CRM چه هدفی را دنبال می‌کند؟","ثبت تعاملات، وظایف و یادداشت‌ها در CRM برای پیگیری بهتر وضعیت هر مشتری و بهبود مدیریت ارتباطات انجام می‌شود."
"چرا ثبت و ایجاد مشتری در CRM به عنوان نقطه مرکزی مدیریت اطلاعات تلقی می‌شود؟","زیرا ایجاد مشتری در CRM امکان مدیریت ساختاری اطلاعات سازمان‌ها، تعاملات، اتصال افراد، فرصت‌ها و سوابق مالی را در یک موجودیت سازمانی واحد فراهم می‌کند."
"چه نوع سازمان‌هایی می‌توانند به عنوان مشتری در CRM ثبت شوند؟","سازمان‌هایی که یا در حال حاضر مشتری بالفعل هستند یا پتانسیل تبدیل شدن به مشتری را دارند، می‌توانند در CRM ثبت شوند."
"فیلد «نوع طرف تجاری» در اطلاعات مشتری چه نقشی در فرایندهای تجاری ایفا می‌کند؟","این فیلد تعیین می‌کند که طرف تجاری از نوع «مشتری»، «تأمین‌کننده»، «نماینده» یا سایر انواع تعریف‌شده است و مبنای بسیاری از فرایندها مانند فیلترها، گزارش‌گیری‌ها و جریان‌های کاری است."
"تفاوت ثبت اطلاعات بین مشتری حقیقی و حقوقی در سیستم چگونه است؟","اگر مشتری حقیقی باشد فقط «نام خانوادگی» اجباری است؛ ولی اگر مشتری حقوقی باشد، ثبت «نام شرکت» ضروری است."
"اهمیت «کد مشتری» در ثبت مشتری جدید در سیستم چیست؟","کد مشتری شناسه‌ای یکتا برای جلوگیری از ورود داده‌های تکراری بوده و امکان شناسایی دقیق مشتری را فراهم می‌کند."
"چگونه «کد مشتری در زیرسیستم فروش» مقداردهی می‌شود؟","«کد مشتری در زیرسیستم فروش» در صورت انتقال مشتری به این زیرسیستم، به صورت خودکار توسط سیستم مقداردهی می‌شود."
"«شناسه ملی / کد ملی» مشتری در چه مواردی کاربرد دارد؟","این فیلد در گزارشات مالی، حقوقی و بررسی سوابق مالیاتی مشتری کاربرد دارد."
"طبقه‌بندی «میزان جذابیت» مشتریان چه کاربردی در فعالیت‌های بازاریابی و فروش دارد؟","این طبقه‌بندی به تخصیص بهتر منابع فروش و بازاریابی بر اساس پتانسیل ارزش‌آفرینی مشتریان کمک می‌کند."
"ثبت «صنعت» مربوط به مشتری چه تأثیری بر تدوین استراتژی بازاریابی دارد؟","شناسایی صنعت مشتری به تحلیل بازارهای پرفروش یا کم‌نفوذ کمک کرده و استراتژی توسعه بازار را بهبود می‌بخشد."
"«زیر صنعت» مشتری چگونه به هدف‌گیری دقیق‌تر بازار کمک می‌کند؟","تعیین زیر صنعت مشتری به دقت بیشتر در هدف‌گیری بازار و ارائه پیشنهادات شخصی‌سازی‌شده منجر می‌شود."
"کاربرد ثبت «وب‌سایت» در اطلاعات مشتری چیست؟","وب‌سایت برای شناخت بیشتر مشتری، بررسی سوابق، ارزیابی اعتبار و تحلیل رقبا استفاده می‌شود."
"«شماره ثبت» در اطلاعات مشتریان حقوقی در چه مواردی استفاده می‌شود؟","«شماره ثبت» در قراردادها و تعاملات رسمی و حقوقی مشتریان حقوقی کاربرد دارد."
"فیلد «شماره تماس اصلی» مشتری چگونه پر می‌شود؟","«شماره تماس اصلی» به‌صورت خودکار و سیستمی از تب تماس‌ها مقداردهی می‌شود."
"«ایمیل اصلی» مشتری در چه فرایندهایی کاربرد دارد؟","ایمیل اصلی برای مکاتبات رسمی، ارسال پیش‌فاکتور و اطلاع‌رسانی‌ها ضروری است."
"اهمیت فیلد «توضیحات» در اطلاعات مشتری چیست؟","این فیلد برای درج یادداشت‌های تکمیلی، نکات خاص، یا ملاحظات مربوط به تعاملات گذشته با مشتری استفاده می‌شود."
"فیلد «کاربر ایجادکننده» چه کاربردی در مدیریت سیستم دارد؟","مشخص کردن کاربر ایجادکننده برای گزارش‌گیری عملکرد کاربران، پیگیری اقدامات و مسئولیت‌پذیری حائز اهمیت است."
"فیلد «مرحله» مشتری چه وضعیتی را نشان می‌دهد؟","فیلد «مرحله» نشان می‌دهد که آیا مشتری به سیستم فروش منتقل شده («منتقل شده») یا هنوز منتقل نشده («منتقل نشده»)."
"اطلاعات زمانی مانند «زمان ایجاد حساب» در سیستم مشتری چه استفاده‌ای دارند؟","این اطلاعات برای گزارش‌های زمانی و بررسی تأخیرهای احتمالی در ایجاد حساب مشتری استفاده می‌شوند."
"«تاریخ آخرین به‌روزرسانی» در اطلاعات مشتری چه اهمیتی دارد؟","این فیلد برای بررسی و پیگیری تغییرات و به‌روزرسانی‌های اطلاعات مشتری استفاده می‌شود."
"مزیت ثبت چند آدرس با نقش‌های متفاوت برای هر مشتری چیست؟","امکان ثبت چند آدرس با نقش‌های متفاوت مانند تحویل کالا یا ارسال صورتحساب، برای مدیریت لجستیک، فاکتوردهی و مطابقت قانونی ضروری است."
"تخصیص مشتری به گروه‌هایی مانند «VIP» یا «استراتژیک» چه فایده‌ای دارد؟","تخصیص مشتری به گروه‌های مختلف برای اعمال سیاست‌های خاص، فیلترینگ بهتر و تحلیل دقیق‌تر مشتریان استفاده می‌شود."
"پس از کلیک روی نام یک سرنخ یا ذخیره‌سازی آن، چه صفحه‌ای نمایش داده می‌شود؟","صفحه مشاهده سرنخ نمایش داده می‌شود."
"در فرم مشاهده مشتری، چه نوع رکوردهایی به صورت یکجا قابل مشاهده هستند؟","رکوردهایی که با مشتری رابطه یک به چند دارند، مانند افراد، فرصت‌ها و پیش‌فاکتورها، به صورت یکجا قابل مشاهده هستند."
"فعالیت‌های مربوط به مشتری در فرم مشاهده مشتری به چند بخش تقسیم می‌شوند و شامل چه مواردی هستند؟","فعالیت‌ها به دو بخش «فعالیت‌های باز» و «تاریخچه فعالیت‌ها» تقسیم می‌شوند و شامل تماس، جلسه، وظیفه و یادداشت هستند."
"تفاوت «فعالیت‌های باز» با «تاریخچه فعالیت‌ها» در فرم مشاهده مشتری چیست؟","«فعالیت‌های باز» در وضعیت برنامه‌ریزی‌شده بوده و نیازمند اقدام هستند، اما «تاریخچه فعالیت‌ها» شامل فعالیت‌های بسته‌شده یا وضعیت‌هایی به غیر از برنامه‌ریزی‌شده است."
"چه امکانی برای ایجاد سریع فعالیت‌ها در فرم مشاهده مشتری وجود دارد؟","آیکون‌هایی برای ایجاد سریع فعالیت‌ها مانند تماس، جلسه، وظیفه و یادداشت در این فرم وجود دارند."
"چرا برخی از اطلاعات اصلی مشتری در قسمت بالای صفحه فرم مشاهده مشتری قرار گرفته‌اند؟","برخی اطلاعات اصلی به‌منظور دسترسی سریع‌تر و آسان‌تر جهت بررسی و مشاهده در بالای صفحه فرم قرار گرفته‌اند."
"چرا نمایش یکجای رکوردهای مرتبط با مشتری اهمیت دارد؟","نمایش یکجای رکوردهای مرتبط، امکان بررسی جامع و سریع ارتباطات و تعاملات مرتبط با مشتری را فراهم می‌کند."
"چگونه وضعیت فعالیت‌های مشتری (برنامه‌ریزی‌شده یا بسته‌شده) بر نحوه نمایش آن‌ها در فرم مشاهده مشتری تأثیر دارد؟","فعالیت‌های با وضعیت «برنامه‌ریزی‌شده» در بخش «فعالیت‌های باز» و فعالیت‌های با وضعیت دیگر در بخش «تاریخچه فعالیت‌ها» نمایش داده می‌شوند."
"چه مزیتی در نمایش خلاصه‌ای از اطلاعات اصلی مشتری در فرم مشاهده مشتری وجود دارد؟","مزیت آن دسترسی سریع به اطلاعات کلیدی و مهم مشتری برای بررسی‌های معمول و روزانه است."
"در بخش «فهرست مشتری‌ها»، چه اطلاعاتی برای کاربر قابل مشاهده است؟","کاربر می‌تواند فهرستی از مشتری‌هایی را که به آنها دسترسی دارد مشاهده کند."
"در «فهرست مشتری‌ها»، کاربران چگونه می‌توانند نمایش اطلاعات را متناسب با نیاز خود تغییر دهند؟","هر کاربر می‌تواند ستون‌های نمایشی فهرست مشتری‌ها را به صورت مجزا تنظیم کند تا اطلاعات مورد نیاز را سریع‌تر مشاهده کند."
"امکان «اعمال فیلترهای پیشرفته» در فهرست مشتری‌ها چه کاربردی دارد؟","به کاربران اجازه می‌دهد مشتری‌های مورد نظر خود را بر اساس معیارهای مشخص فیلتر کنند و سپس نتایج را برای کاربران دیگر ارسال نمایند."
"قابلیت ارسال مشتری‌های فیلترشده برای کاربران دیگر در سیستم چه مزیتی دارد؟","این قابلیت امکان به اشتراک‌گذاری آسان و سریع لیست مشتری‌های خاص بین کاربران مختلف سیستم را فراهم می‌کند."
"چگونه می‌توان مشاهده سریع‌تر اطلاعات ضروری از مشتری‌ها را در فهرست مشتری‌ها تسهیل کرد؟","با تنظیم اختصاصی ستون‌های نمایشی به صورت جداگانه برای هر کاربر، مشاهده سریع‌تر اطلاعات ضروری مشتری‌ها ممکن می‌شود."
"تعریف «وظیفه» (Task) در سیستم مدیریت ارتباط با مشتری (CRM) چیست؟","وظیفه به مجموعه‌ای از کارها یا فعالیت‌های مشخص و قابل پیگیری گفته می‌شود که برای پیشبرد پروژه‌ها، پیگیری امور مشتریان یا انجام اقدامات داخلی تعریف و مدیریت می‌شوند."
"در سیستم CRM، ایجاد وظیفه برای کاربران چه مزیتی دارد؟","ایجاد وظیفه به کاربران کمک می‌کند تا کارهای روزانه و اقدامات لازم مربوط به سرنخ‌ها، مشتریان، فرصت‌ها یا سایر موجودیت‌ها را برنامه‌ریزی، پیگیری و اجرا کنند."
"هر وظیفه در سیستم CRM چه مشخصه‌هایی دارد؟","هر وظیفه در سیستم CRM دارای زمان‌بندی مشخص، وضعیت، اولویت و مسئول تعیین‌شده است."
"چگونه وظایف در سیستم CRM باعث افزایش بهره‌وری و بهبود همکاری تیمی می‌شوند؟","وظایف با نظم‌دهی به کارهای کوچک و بزرگ، موجب افزایش بهره‌وری و بهبود همکاری و هماهنگی میان اعضای تیم می‌شوند."
"نقش «زمان‌بندی مشخص» در تعریف یک وظیفه در CRM چیست؟","«زمان‌بندی مشخص» باعث می‌شود روند انجام وظایف واضح، قابل کنترل و قابل پیگیری باشد."
"تعیین اولویت برای هر وظیفه در CRM چه تأثیری بر مدیریت کارها دارد؟","تعیین اولویت باعث می‌شود کارها به صورت هدفمندتر انجام شده و منابع به طور اثربخش‌تر برای امور مهم‌تر اختصاص یابند."
"وظایف در CRM به چه موجودیت‌هایی می‌توانند مرتبط باشند؟","وظایف در CRM می‌توانند به سرنخ‌ها، مشتریان، فرصت‌ها یا سایر موجودیت‌ها مرتبط باشند."
"هدف اصلی از ایجاد وظیفه در سیستم CRM چیست؟","هدف اصلی ایجاد وظیفه در سیستم CRM مستندسازی و پیگیری کارها و فعالیت‌های قابل انجام و سازماندهی امور و مدیریت زمان است."
"وظایف در سیستم CRM به چه صورت‌هایی قابل تعریف هستند؟","وظایف در سیستم CRM می‌توانند به‌صورت برنامه‌ریزی شده برای آینده یا به عنوان یادآوری برای انجام کاری خاص در زمان مشخص تعریف شوند."
"در چه موقعیت‌هایی ایجاد وظیفه در CRM ضروری است؟","هنگامی که نیاز به انجام کار مشخصی در بازه زمانی معین باشد یا کاری فوری و تکلیفی به فردی واگذار شود، ایجاد وظیفه ضروری است."
"سه مسیر اصلی ایجاد وظیفه در CRM کدام‌اند؟","ایجاد وظیفه از طریق رکوردهای مرتبط، ایجاد وظیفه از طریق تقویم و ایجاد وظیفه از طریق فرم مستقیم (ماژول فعالیت‌ها یا داشبورد)."
"هنگام ایجاد وظیفه از طریق رکورد مرتبط در CRM چه اتفاقی رخ می‌دهد؟","وظیفه ایجادشده به‌صورت پیش‌فرض به رکورد مربوطه (مثل سرنخ، فرصت، مشتری یا پیش‌فاکتور) مرتبط می‌شود."
"کاربران هنگام ایجاد وظیفه از طریق تقویم CRM چه اقدامی انجام می‌دهند؟","کاربران زمان موردنظر را در تقویم انتخاب کرده و نوع فعالیت را «وظیفه» تعیین می‌کنند تا یک وظیفه برنامه‌ریزی‌شده ایجاد شود."
"چه جزئیاتی را می‌توان هنگام ثبت وظیفه در CRM مشخص کرد؟","عنوان، توضیحات، اولویت، زمان شروع و پایان، وضعیت، نوع موجودیت مرتبط و کاربر پیگیری‌کننده."
"مدیریت ساختاریافته وظایف در CRM چه مزیتی برای سازمان‌ها دارد؟","این روش به سازمان‌ها امکان برنامه‌ریزی و پیگیری هدفمند کارها، جلوگیری از فراموشی یا تأخیر در انجام امور و داشتن دید جامع از روند پیشرفت فعالیت‌ها را می‌دهد."
"ایجاد وظیفه در CRM چگونه به مدیریت بهتر زمان در سازمان کمک می‌کند؟","با برنامه‌ریزی دقیق و یادآوری وظایف، CRM به سازمان‌ها کمک می‌کند تا وظایف را به موقع انجام داده و از تأخیر جلوگیری نمایند."
"چرا ارتباط وظایف به رکوردهای دیگر (مانند مشتری یا فرصت) در CRM اهمیت دارد؟","ارتباط وظایف با رکوردهای مرتبط باعث می‌شود تا کارها به صورت منسجم‌تر پیگیری شوند و سوابق فعالیت‌ها واضح‌تر باشند."
"فیلد «عنوان» در فرم وظیفه چه کاربردی دارد و آیا پر کردن آن الزامی است؟","عنوان برای ثبت توضیحی مختصر و واضح از وظیفه است که به‌عنوان شناسه اصلی آن در لیست‌ها و گزارش‌ها عمل می‌کند و پر کردن آن الزامی است."
"فیلد «تاریخ و زمان انجام» وظیفه چه اهمیتی در مدیریت زمان دارد؟","تعیین دقیق تاریخ و زمان انجام وظیفه به برنامه‌ریزی و مدیریت بهینه زمان انجام کار کمک می‌کند."
"گزینه‌های قابل انتخاب در فیلد «سطح اهمیت» وظیفه کدام‌اند؟","گزینه‌های قابل انتخاب در این فیلد شامل کم، متوسط یا زیاد است."
"چرا استفاده از فیلد «سطح اهمیت» در ثبت وظیفه برای سازمان‌ها مفید است؟","این فیلد به مدیران و کاربران امکان دسته‌بندی و پیگیری وظایف را بر اساس اولویت می‌دهد."
"فیلد «کاربر پیگیری‌کننده» در وظیفه چگونه مقداردهی می‌شود؟","این فیلد به‌صورت پیش‌فرض با کاربر ایجادکننده وظیفه پر می‌شود اما امکان تغییر آن توسط کاربر وجود دارد."
"«زمان یادآوری» وظیفه به چه صورتی معمولاً به کاربران اطلاع‌رسانی می‌شود؟","یادآوری معمولاً به صورت اعلان در سیستم یا از طریق پیامک و ایمیل (در نسخه‌های پیشرفته‌تر) ارسال می‌شود."
"گزینه «تکرار وظیفه» چه امکانی را برای کاربر فراهم می‌کند؟","گزینه تکرار وظیفه به کاربر امکان می‌دهد وظیفه را به صورت دوره‌ای و خودکار در فواصل زمانی مشخص تکرار کند."
"فیلد «زمان تکرار» در وظایف دوره‌ای چه بازه‌های زمانی‌ای را می‌تواند شامل شود؟","زمان تکرار می‌تواند به صورت روزانه، هفتگی، ماهانه یا هر دوره دلخواه دیگری تعریف شود."
"وضعیت پیش‌فرض وظیفه در فیلد «مرحله» در زمان ایجاد آن چیست؟","وضعیت پیش‌فرض وظیفه در زمان ایجاد، «شروع نشده» است."
"انواع وضعیت‌های قابل انتخاب در فیلد «مرحله» وظیفه کدام‌اند؟","شروع نشده، در حال انجام، انجام شده، به تعویق افتاده، در انتظار ورودی و لغو شده."
"در چه مواقعی می‌توان از فیلد «توضیحات» در ثبت وظیفه استفاده کرد؟","هنگامی که نیاز به وارد کردن جزئیات یا نکات تکمیلی برای درک بهتر موضوع و همکاری تیمی باشد، می‌توان از فیلد توضیحات استفاده کرد."
"ارتباط فیلدهای «نوع موجودیت» و «موجودیت» در ثبت وظیفه چگونه است؟","ابتدا نوع موجودیت (مثل سرنخ، مشتری، فرصت و...) مشخص می‌شود و سپس بر اساس آن، رکورد مشخصی در فیلد «موجودیت» انتخاب می‌شود تا وظیفه به آن مرتبط گردد."
"مزیت اصلی تعیین ارتباط بین وظیفه و رکوردهای دیگر در CRM چیست؟","تعیین این ارتباط امکان پیگیری دقیق‌تر وظایف و دسترسی سریع‌تر به اطلاعات مرتبط را فراهم می‌کند."
"در صورتی که وظیفه مستقیماً از روی یک رکورد ایجاد شود، کدام فیلد به‌صورت خودکار پر می‌شود؟","فیلد «موجودیت» به صورت خودکار پر می‌شود."
"تنظیمات پیش‌فرض فیلد «زمان یادآوری» در هنگام ثبت وظیفه چیست؟","تنظیمات پیش‌فرض «زمان یادآوری»، یک ربع قبل از زمان انجام تعیین‌شده برای وظیفه است."
"پس از ذخیره کردن یا کلیک بر روی نام یک وظیفه، چه صفحه‌ای برای کاربر نمایش داده می‌شود؟","صفحه مشاهده‌ی آن وظیفه نمایش داده می‌شود."
"در صفحه مشاهده وظیفه، اطلاعات اصلی وظیفه به چه شکلی ارائه می‌شود؟","اطلاعات اصلی وظیفه به صورت خلاصه و برای دسترسی سریع‌تر، در بالای صفحه قرار گرفته است."
"صفحه مشاهده وظیفه چه ابزاری را برای مدیریت مرحله فعلی وظیفه فراهم می‌کند؟","یک نوار نمایش مراحل وظیفه برای مشاهده و تغییر آسان مرحله فعلی وظیفه در این صفحه قرار دارد."
"چگونه می‌توان مرحله فعلی وظیفه را از طریق نوار مراحل تغییر داد؟","با کلیک روی مراحل موجود در نوار مراحل و تأیید تغییر وضعیت، مرحله وظیفه بروزرسانی می‌شود."
"آیا امکان تغییر مرحله وظیفه از طریق گزینه‌ای دیگر به غیر از نوار مراحل وجود دارد؟ توضیح دهید.","بله، علاوه بر نوار مراحل، یک فیلد چندگزینه‌ای برای تغییر مرحله وظیفه وجود دارد که در صورت نیاز می‌توان از گزینه‌های موجود در آن مرحله را تغییر داد."
"مزیت قرار دادن اطلاعات اصلی وظیفه در قسمت بالایی صفحه مشاهده وظیفه چیست؟","مزیت آن، دسترسی سریع‌تر کاربران به اطلاعات مهم و کلیدی وظیفه جهت بررسی آسان و سریع است."
"نمایش مراحل وظیفه به‌صورت نوار در صفحه مشاهده چه کاربردی برای کاربر دارد؟","نمایش نوار مراحل به کاربر حس بصری از مرحله فعلی وظیفه را می‌دهد و امکان مدیریت ساده و سریع مراحل وظیفه را فراهم می‌کند."
"بخش «فهرست وظیفه‌ها» در سیستم چه امکانی را برای کاربران فراهم می‌کند؟","کاربران می‌توانند در این بخش فهرستی از وظیفه‌هایی که به آنها دسترسی دارند را مشاهده نمایند."
"کاربران چگونه می‌توانند اطلاعات موجود در فهرست وظیفه‌ها را متناسب با نیاز خود سفارشی کنند؟","کاربران می‌توانند ستون‌های نمایشی فهرست وظیفه‌ها را به صورت مجزا تنظیم کرده و اطلاعات لازم را در یک نگاه کلی مشاهده کنند."
"کاربرد «فیلترهای پیشرفته» در فهرست وظیفه‌ها چیست؟","فیلترهای پیشرفته امکان مشاهده وظیفه‌های موردنظر کاربران را فراهم می‌کنند و همچنین اجازه می‌دهند این وظیفه‌های فیلترشده برای کاربران دیگر ارسال شوند."
"مزیت قابلیت ارسال وظیفه‌های فیلترشده برای کاربران دیگر چیست؟","این قابلیت باعث بهبود همکاری بین کاربران و امکان اشتراک‌گذاری سریع وظایف خاص و مهم با سایر اعضای سیستم می‌شود."
"چگونه استفاده از تنظیم ستون‌ها در فهرست وظیفه‌ها باعث بهبود دسترسی کاربران به اطلاعات می‌شود؟","تنظیم اختصاصی ستون‌ها به کاربران اجازه می‌دهد که اطلاعات ضروری مربوط به وظایف را سریع‌تر و واضح‌تر مشاهده کرده و از سردرگمی جلوگیری کند."
"دکمه «بستن وظیفه» در فرم‌های مشاهده موجودیت‌ها در چه شرایطی نمایش داده می‌شود؟","اگر برای موجودیت‌هایی مانند سرنخ، فرد، فرصت یا مشتری، وظیفه‌ای باز با وضعیت «برنامه‌ریزی‌شده» وجود داشته باشد، این دکمه نمایش داده می‌شود."
"هنگامی که روی دکمه «بستن وظیفه» کلیک شود، وضعیت وظیفه به‌صورت پیش‌فرض به چه حالتی تغییر می‌کند؟","وضعیت وظیفه به‌صورت پیش‌فرض به حالت «انجام‌شده» تغییر می‌کند."
"در زمان بستن وظیفه، چه فیلدی فعال می‌شود تا کاربر اطلاعات را وارد کند؟","فیلد «توضیحات» فعال می‌شود تا کاربر بتواند خروجی تماس یا نکات کلیدی مربوط به وظیفه را وارد کند."
"مزیت اصلی استفاده از دکمه «بستن وظیفه» نسبت به ویرایش کامل فرم چیست؟","این دکمه فرآیند نهایی‌سازی وظیفه را سریع‌تر و ساختارمندتر کرده و تنها فیلدهای ضروری را برای تکمیل نشان می‌دهد."
"چرا دکمه «بستن وظیفه» باعث کاهش احتمال فراموشی یا رها شدن وظایف می‌شود؟","چون کاربران با استفاده از این دکمه وظایف انجام‌شده را به سرعت نهایی کرده و از باز ماندن وظایف جلوگیری می‌کنند."
"نحوه نمایش دکمه «بستن وظیفه» چگونه تجربه کاربری را در صفحات مختلف بهبود می‌بخشد؟","این دکمه در لیست وظایف و فرم‌های مرتبط مانند فرم مشتری، سرنخ و فرصت نیز نمایش داده می‌شود و کاربران می‌توانند با یک کلیک از همان محل وظیفه را نهایی کنند."
"نقش توضیحات نهایی هنگام بستن وظیفه در مستندسازی فعالیت‌ها چیست؟","توضیحات نهایی باعث می‌شود خروجی یا نتیجه وظیفه به‌درستی مستند شده و گزارش‌گیری و پیگیری‌های بعدی راحت‌تر انجام شود."
"چرا هنگام بستن وظیفه، وضعیت آن به‌صورت خودکار به «انجام‌شده» تغییر می‌یابد؟","تغییر خودکار وضعیت، باعث صرفه‌جویی در زمان کاربر و کاهش خطاهای احتمالی ناشی از تنظیم دستی وضعیت می‌شود."
"پس از کلیک روی دکمه «بستن وظیفه»، سیستم به‌طور خودکار چه اقدامی انجام می‌دهد؟","سیستم به‌طور خودکار آخرین وظیفه باز مرتبط با آن موجودیت را شناسایی کرده و باز می‌کند."
"نمایش محدود و هدفمند فیلدها در فرم بستن وظیفه چه تأثیری بر تجربه کاربر دارد؟","این شیوه نمایش به کاربران کمک می‌کند تا سریع‌تر و راحت‌تر به تکمیل اطلاعات ضروری پرداخته و روند نهایی‌سازی وظیفه را ساده‌تر انجام دهند."
"یادداشت (Note) در سیستم CRM چه کاربردی دارد؟","یادداشت برای ثبت سریع و آزاد اطلاعات، مشاهدات یا نکات مهم مرتبط با یک موجودیت مانند مشتری، سرنخ یا فرصت فروش به کار می‌رود."
"چه تفاوت اساسی بین یادداشت و سایر فعالیت‌ها مانند تماس یا وظیفه در CRM وجود دارد؟","یادداشت فاقد وضعیت مشخص و زمان‌بندی است و صرفاً شامل یک فیلد متنی است، درحالی‌که تماس یا وظیفه دارای وضعیت و زمان‌بندی مشخص هستند."
"ثبت یادداشت‌ها در CRM چگونه به تقویت حافظه سازمانی کمک می‌کند؟","یادداشت‌ها زمینه و پیش‌زمینه تعاملات گذشته را ثبت می‌کنند و به تیم‌ها کمک می‌کنند تصمیمات بهتری بگیرند."
"در چه شرایطی ثبت یادداشت مناسب‌تر از تماس یا وظیفه در CRM است؟","زمانی که اطلاعاتی غیررسمی یا بدون نیاز به اقدام خاص ثبت می‌شود، ثبت یادداشت از تماس یا وظیفه مناسب‌تر است."
"یادداشت‌ها در CRM چگونه با موجودیت‌های دیگر مرتبط می‌شوند؟","مانند سایر فعالیت‌ها، یادداشت‌ها نیز به موجودیت‌های مختلف مثل مشتری، سرنخ و فرصت مرتبط شده و در تاریخچه تعاملات قابل مشاهده‌اند."
"آیا یادداشت‌ها در CRM دارای ساختار زمانی خاص یا وضعیت پیشرفت هستند؟","خیر، یادداشت‌ها فاقد زمان‌بندی و وضعیت خاص بوده و فقط زمان ثبت و نام کاربر ثبت‌کننده مشخص می‌شود."
"استفاده از یادداشت در CRM چه مزیتی از نظر سرعت ثبت دارد؟","به دلیل داشتن تنها یک فیلد متنی و عدم نیاز به تعیین وضعیت یا زمان‌بندی، یادداشت‌ها با سرعت بسیار بالایی ثبت می‌شوند."
"چرا گاهی کاربران در CRM ترجیح می‌دهند اطلاعاتی را در قالب یادداشت ثبت کنند و نه در فرم‌های رسمی؟","زیرا گاهی نیازی به وارد کردن همه جزئیات در فرم‌های رسمی نیست و یادداشت روشی ساده‌تر برای ثبت سریع و غیررسمی اطلاعات است."
"یکی از کاربردهای مهم یادداشت در تعاملات داخلی تیم‌ها چیست؟","یادداشت برای ثبت نکاتی به کار می‌رود که همکاران باید در تعاملات آینده مدنظر قرار دهند."
"مزیت استفاده از یادداشت برای ثبت «برداشت شخصی از رفتار مشتری» در CRM چیست؟","امکان ثبت سریع و غیررسمی مشاهدات شخصی وجود دارد و این اطلاعات به راحتی توسط تیم قابل دسترس و استفاده است."
"چگونه ثبت یادداشت به هماهنگی بیشتر اعضای تیم در CRM کمک می‌کند؟","با به اشتراک‌گذاری سریع اطلاعات جانبی و مشاهدات شخصی، هماهنگی و درک مشترک میان اعضای تیم افزایش می‌یابد."
"چه نوع اطلاعاتی معمولاً به صورت یادداشت در CRM ثبت می‌شوند؟","اطلاعات غیررسمی، خلاصه مکالمات، نکات تکمیلی یا مواردی که نیاز به اقدام عملی ندارند."
"ایجاد یادداشت در سیستم CRM برای چه منظوری استفاده می‌شود؟","برای ثبت سریع اطلاعات متنی، نکات مهم، برداشت‌ها یا خلاصه‌ای از تعاملات با مخاطبان مانند مشتری، سرنخ یا فرصت فروش استفاده می‌شود."
"آیا یادداشت‌ها در سیستم CRM دارای وضعیت یا زمان‌بندی خاصی هستند؟","خیر، یادداشت‌ها ساختار ساده‌ای دارند و بدون وضعیت یا زمان‌بندی خاصی ثبت می‌شوند."
"کاربران CRM در چه مواقعی معمولاً اقدام به ایجاد یادداشت می‌کنند؟","هنگامی که بخواهند برداشتی از یک گفت‌وگو ثبت کنند، اطلاعات تکمیلی درباره یک موجودیت ذخیره کنند یا خلاصه‌ای از تعاملات برای همکاران آینده بنویسند."
"ایجاد یادداشت از طریق ماژول فعالیت‌ها چگونه انجام می‌شود؟","در ماژول فعالیت‌ها گزینه‌ای برای ایجاد یادداشت وجود دارد که کاربر از طریق آن می‌تواند یادداشت جدیدی ثبت کرده و آن را به موجودیت خاصی متصل نماید."
"چه مزیتی در استفاده از یادداشت‌ها برای تیم‌های فروش یا پشتیبانی وجود دارد؟","یادداشت‌ها باعث افزایش شفافیت، تسهیل اشتراک‌گذاری اطلاعات و تقویت هماهنگی بین اعضای تیم‌های فروش یا پشتیبانی می‌شوند."
"چرا ثبت یادداشت برای اطلاعاتی که نیاز به اقدام عملی ندارند مناسب‌تر است؟","زیرا یادداشت‌ها ساختاری ساده و سریع دارند و نیازی به تعیین وضعیت، زمان‌بندی یا اقدامات پیگیری خاصی ندارند."
"در نمای جزئیات موجودیت‌ها (مثل سرنخ یا مشتری)، چگونه می‌توان یک یادداشت جدید ایجاد کرد؟","در نمای جزئیات موجودیت‌ها، بخشی برای «فعالیت‌ها» یا «ثبت یادداشت جدید» وجود دارد که کاربران از آن طریق یادداشت مرتبط را وارد و ذخیره می‌کنند."
"چه مسیرهایی برای ثبت یادداشت در CRM وجود دارد؟","یادداشت‌ها از طریق موجودیت‌ها، ماژول فعالیت‌ها، داشبورد شخصی یا تیمی و همچنین در تایم‌لاین تعاملات ثبت می‌شوند."
"چرا یادداشت‌ها برای ثبت برداشت‌های غیررسمی یا اطلاعات تکمیلی مناسب هستند؟","چون یادداشت‌ها امکان ثبت سریع، ساده و غیررسمی اطلاعات را بدون نیاز به تکمیل فرم‌های ساختاریافته فراهم می‌کنند."
"امکان ثبت یادداشت در تایم‌لاین تعاملات چه مزیتی برای کاربران دارد؟","این امکان باعث می‌شود که کاربران بتوانند یادداشت‌ها را در کنار تماس‌ها، جلسات و وظایف به صورت منسجم در تایم‌لاین مشاهده و ثبت کنند."
"فیلد «نوع موجودیت» در فرم یادداشت CRM چه کاربردی دارد؟","مشخص می‌کند یادداشت به کدام نوع از اطلاعات اصلی سیستم CRM مرتبط است، مانند مشتری یا سرنخ."
"فیلد «موجودیت» در یادداشت چگونه به پر شدن دقیق اطلاعات کمک می‌کند؟","پس از انتخاب نوع موجودیت، این فیلد امکان اتصال یادداشت به یک رکورد مشخص (مثل مشتری خاص) را فراهم می‌کند."
"در چه صورتی فیلدهای «نوع موجودیت» و «موجودیت» به‌صورت خودکار در فرم یادداشت پر می‌شوند؟","اگر یادداشت از داخل یک رکورد خاص مانند مشتری یا فرصت ایجاد شود، این فیلدها به‌صورت خودکار پر خواهند شد."
"فیلد «عنوان» در فرم یادداشت CRM چه اهمیتی دارد؟","عنوان، خلاصه‌ای گویا برای یادداشت فراهم می‌کند تا کاربران در نگاه اول موضوع کلی آن را تشخیص دهند."
"آیا وارد کردن فیلد «عنوان» هنگام ایجاد یادداشت در CRM الزامی است؟","بله، وارد کردن عنوان خلاصه و مشخص برای یادداشت الزامی است."
"فیلد «توضیحات» در فرم یادداشت چه نوع اطلاعاتی را می‌تواند شامل شود؟","توضیحات می‌تواند شامل نکات مهم، خلاصه مکالمات، برداشت‌های شخصی، توافقات شفاهی و سایر اطلاعات مفید باشد."
"تکمیل فیلد «توضیحات» در فرم یادداشت CRM چه مزیتی دارد؟","تکمیل این فیلد باعث انتقال بهتر و دقیق‌تر مفهوم یادداشت به سایر اعضای تیم می‌شود."
"فیلد «کاربر پیگیری‌کننده» معمولاً چگونه پر می‌شود و چه کاربردی دارد؟","معمولاً به صورت خودکار با نام کاربر ایجادکننده یادداشت پر می‌شود و برای مدیریت و گزارش‌گیری سوابق ثبت‌شده توسط کاربران استفاده می‌شود."
"چرا استفاده از فیلدهای «نوع موجودیت» و «موجودیت» برای دسترسی به یادداشت‌ها در CRM مفید است؟","این فیلدها یادداشت‌ها را دقیقاً به رکوردهای مرتبط متصل کرده و دسترسی سریع و منظم به سوابق آن‌ها را فراهم می‌کنند."
"آیا پر کردن فیلد «توضیحات» در فرم یادداشت CRM اجباری است؟","خیر، پر کردن فیلد توضیحات اختیاری است اما برای انتقال کامل‌تر مفهوم یادداشت توصیه می‌شود."
"پس از ذخیره یا کلیک روی نام یک یادداشت در سیستم CRM، چه صفحه‌ای نمایش داده می‌شود؟","صفحه مشاهده‌ی آن یادداشت نمایش داده می‌شود."
"در صفحه مشاهده یادداشت، چه نوع اطلاعاتی برای دسترسی سریع‌تر کاربران نمایش داده می‌شود؟","برخی از اطلاعات اصلی یادداشت به صورت خلاصه و در بالای صفحه برای مشاهده و بررسی سریع‌تر نمایش داده می‌شود."
"هدف از نمایش خلاصه اطلاعات اصلی یادداشت در بالای صفحه مشاهده یادداشت چیست؟","هدف، فراهم کردن دسترسی سریع‌تر به اطلاعات مهم و کلیدی یادداشت برای بررسی آسان و سریع کاربران است."
"کدام بخش از صفحه مشاهده یادداشت معمولاً بیشترین مراجعه کاربران را دارد؟","بخش خلاصه اطلاعات اصلی یادداشت که در بالای صفحه قرار گرفته است."
"در بخش «فهرست یادداشت‌ها» کاربران به چه امکاناتی دسترسی دارند؟","کاربران می‌توانند فهرستی از یادداشت‌هایی که به آنها دسترسی دارند را مشاهده کنند."
"چه قابلیتی برای تنظیم نمایش اطلاعات یادداشت‌ها در فهرست یادداشت‌ها وجود دارد؟","امکان تنظیم ستون‌های نمایشی برای هر کاربر به صورت مجزا فراهم است تا کاربران بتوانند اطلاعات لازم از یادداشت‌ها را در یک نگاه مشاهده کنند."
"هدف از اعمال فیلترهای پیشرفته در فهرست یادداشت‌ها چیست؟","اعمال فیلترهای پیشرفته امکان مشاهده یادداشت‌های موردنظر کاربران را فراهم می‌کند و همچنین می‌توان این یادداشت‌های فیلترشده را برای سایر کاربران ارسال کرد."
"مزیت قابلیت ارسال یادداشت‌های فیلترشده برای دیگر کاربران سیستم چیست؟","این قابلیت باعث تسهیل همکاری و اشتراک‌گذاری سریع یادداشت‌های مهم با سایر اعضای سیستم می‌شود."
"چگونه تنظیم اختصاصی ستون‌ها در فهرست یادداشت‌ها به کاربران کمک می‌کند؟","با تنظیم ستون‌ها به صورت اختصاصی، کاربران می‌توانند اطلاعات ضروری یادداشت‌ها را سریع‌تر و بهینه‌تر مشاهده نمایند."
"پس از ذخیره‌سازی یا کلیک بر روی نام یک سرنخ، کاربر به چه صفحه‌ای هدایت می‌شود و چه امکاناتی در این صفحه وجود دارد؟","پس از ذخیره‌سازی یک رکورد سرنخ یا کلیک بر روی نام یک سرنخ، کاربر به صفحه‌ی مشاهده‌ی آن سرنخ هدایت می‌شود که شامل مشاهده‌ی فعالیت‌های انجام‌شده، مشاهده‌ی خلاصه‌ای از اطلاعات اصلی، مدیریت مرحله سرنخ، و نمایش رکوردهای مرتبط است."
"در بخش مشاهده‌ی فعالیت‌های انجام‌شده چه مواردی نمایش داده می‌شود و این بخش چه اجزایی دارد؟","این بخش شامل دو قسمت فعالیت‌های باز و تاریخچه فعالیت‌ها می‌باشد. فعالیت‌ها شامل تماس، جلسه، وظیفه و یادداشت هستند. فعالیت‌های باز شامل این ۴ مورد در وضعیت‌هایی است که نیاز به اقدام خاصی دارند (معادل 'برنامه‌ریزی شده'). اگر فعالیت در وضعیتی جز برنامه‌ریزی شده باشد، در بخش تاریخچه به عنوان فعالیت بسته شده قرار می‌گیرد. همچنین آیکون‌های ایجاد سریع برای این فعالیت‌ها وجود دارد."
"چه نوع فعالیت‌هایی در فرم مشاهده سرنخ قابل مدیریت هستند؟","چهار نوع فعالیت شامل تماس، جلسه، وظیفه و یادداشت در فرم مشاهده سرنخ قابل مدیریت هستند."
"فعالیت‌های باز چه ویژگی‌ای دارند و در چه وضعیتی قرار دارند؟","فعالیت‌های باز شامل تماس، جلسه، وظیفه و یادداشت‌هایی هستند که در وضعیتی قرار دارند که نیاز به اقدام خاصی دارند و این وضعیت معادل 'برنامه‌ریزی شده' است."
"در فرم مشاهده سرنخ، فعالیت‌هایی که دیگر نیاز به اقدام ندارند، در کدام بخش نمایش داده می‌شوند؟","فعالیت‌هایی که در وضعیتی جز 'برنامه‌ریزی شده' باشند، به عنوان فعالیت‌های بسته شده در بخش تاریخچه فعالیت‌ها نمایش داده می‌شوند."
"چرا اطلاعات فعالیت‌ها در فرم مشاهده سرنخ اهمیت زیادی دارد و چگونه نمایش داده می‌شوند؟","به علت اهمیت زیاد فعالیت‌ها بر روی فرم سرنخ، تمام صفحه اصلی فرم مشاهده سرنخ به اطلاعات فعالیت‌ها تخصیص داده شده است."
"اطلاعات اصلی سرنخ در کدام قسمت فرم مشاهده سرنخ قرار می‌گیرد و هدف از این کار چیست؟","برخی از اطلاعات اصلی سرنخ که معمولاً برای مشاهده و بررسی به فرم مشاهده سرنخ مراجعه می‌شود، جهت دسترسی سریع‌تر در بالای صفحه قرار گرفته است."
"مدیریت مرحله سرنخ در فرم مشاهده سرنخ چگونه انجام می‌شود و چه امکاناتی برای این منظور وجود دارد؟","مدیریت مرحله سرنخ با نمایش نوار مراحل پایین اطلاعات اصلی صورت می‌گیرد. با کلیک بر روی مراحل و تایید تغییر وضعیت، مرحله سرنخ بروزرسانی می‌شود. همچنین فیلد چند گزینه‌ای مراحل نیز در بالای نوار مراحل قرار دارد که از مسیر گزینه‌های آن می‌توان مرحله را بروزرسانی کرد."
"در بخش رکوردهای مرتبط چه نوع اطلاعاتی نمایش داده می‌شود و چه کاربردی دارد؟","در این بخش فرم‌هایی که با سرنخ رابطه یک به چند دارند نمایش داده می‌شود و کاربر می‌تواند در یک نگاه تمامی رکوردهای مرتبط با سرنخ را مشاهده نماید."
"آیکون‌های فعالیت‌ها در فرم مشاهده سرنخ چه کاربردی دارند؟","آیکون‌های فعالیت‌ها در فرم مشاهده سرنخ برای ایجاد سریع تماس، جلسه، وظیفه و یادداشت استفاده می‌شوند."
"چه روشی برای بروزرسانی مرحله سرنخ در فرم مشاهده وجود دارد و چه گزینه‌هایی در دسترس هستند؟","مرحله سرنخ را می‌توان با کلیک بر روی نوار مراحل و تایید تغییر وضعیت بروزرسانی نمود، یا از طریق فیلد چند گزینه‌ای مراحل در بالای نوار مراحل، مرحله را تغییر داد."
"نمایش فرم‌هایی که با سرنخ رابطه یک به چند دارند، چه مزیتی برای کاربر ایجاد می‌کند؟","نمایش این فرم‌ها به کاربر این امکان را می‌دهد که تمامی رکوردهای مرتبط با سرنخ را در یک نگاه مشاهده نماید."
"در فهرست سرنخ‌ها چه امکاناتی برای مشاهده و مدیریت سرنخ‌ها وجود دارد؟","در فهرست سرنخ‌ها می‌توان فهرست سرنخ‌هایی که کاربر به آن‌ها دسترسی دارد را مشاهده کرد، ستون‌های نمایشی را برای هر کاربر به طور مجزا تنظیم نمود تا اطلاعات لازم با یک نگاه کلی قابل مشاهده باشد، و فیلترهای پیشرفته را برای مشاهده سرنخ‌های مورد نظر اعمال و این سرنخ‌های فیلتر شده را برای کاربران دیگر ارسال کرد."
"تنظیم ستون‌های نمایشی در فهرست سرنخ‌ها چه کاربردی برای کاربران دارد؟","تنظیم ستون‌های نمایشی برای هر کاربر به صورت مجزا این امکان را فراهم می‌کند که کاربر بتواند اطلاعات لازم از سرنخ‌ها را با یک نگاه کلی مشاهده نماید."
"فیلترهای پیشرفته در فهرست سرنخ‌ها چه قابلیتی را در اختیار کاربر قرار می‌دهند؟","فیلترهای پیشرفته به کاربر امکان می‌دهند سرنخ‌های مورد نظر را مشاهده کند و همچنین این سرنخ‌های فیلتر شده را با فیلترهای اعمال شده برای کاربران دیگر سیستم ارسال نماید."
"سیستم کانبان چیست و در ابتدا در کدام صنعت توسعه یافته است؟","کانبان یک سیستم مدیریت بصری برای پیگیری و بهبود جریان کار است که ابتدا در صنعت خودروسازی ژاپن (تویوتا) توسعه یافت."
"در سیستم کانبان معمولاً چه ستون‌هایی برای نمایش جریان کار وجود دارد؟","در سیستم کانبان، کارها روی تابلوهایی نمایش داده می‌شوند که معمولاً شامل ستون‌هایی مانند «برای انجام»، «در حال انجام» و «انجام شده» هستند."
"استفاده از کانبان در حوزه CRM چه مزایایی دارد؟","در حوزه CRM، کانبان می‌تواند برای مدیریت مراحل فروش، پیگیری مشتریان و ساماندهی فعالیت‌های بازاریابی بسیار مؤثر باشد."
"در فهرست سرنخ‌ها چگونه می‌توان حالت نمایش را بین List View و Kanban View تغییر داد؟","جهت مدیریت بهتر سرنخ‌ها می‌توان در فهرست از حالت List View به حالت Kanban View تغییر حالت داد."
"در حالت Kanban View رکوردهای سرنخ چگونه نمایش داده می‌شوند و چه اطلاعاتی را می‌توان با یک نگاه مشاهده کرد؟","در حالت Kanban View، رکوردهای سرنخ به تفکیک مرحله دسته‌بندی شده‌اند و با یک نگاه می‌توان متوجه شد که در هر مرحله چند سرنخ وجود دارد، به چه کسی متصل است و نام آن چیست."
"برای به‌روزرسانی مرحله سرنخ‌ها در حالت Kanban View چه روشی وجود دارد و چه مزیتی دارد؟","در حالت Kanban View برای به‌روزرسانی مرحله سرنخ‌ها نیازی به باز کردن و ویرایش سرنخ نیست بلکه می‌توان با کلیک بر روی سرنخ و کشیدن آن به مرحله مورد نظر، مرحله آن را به‌روزرسانی کرد."
"چه تفاوتی میان List View و Kanban View در نمایش و مدیریت سرنخ‌ها وجود دارد؟","در List View، اطلاعات سرنخ‌ها به صورت فهرست نمایش داده می‌شود و در Kanban View رکوردها به تفکیک مرحله به شکل بصری دسته‌بندی شده‌اند که مدیریت و مشاهده وضعیت سرنخ‌ها را ساده‌تر می‌کند."
"در سیستم مدیریت ارتباط با مشتری (CRM)، سرنخ‌ها چه جایگاهی دارند و چه زمانی به مراحل بالاتر چرخه فروش تبدیل می‌شوند؟","در سیستم مدیریت ارتباط با مشتری (CRM)، سرنخ‌ها نخستین نقطه تماس با یک فرد یا سازمان ناشناخته‌اند که هنوز رابطه تجاری با آن‌ها برقرار نشده است. با بررسی و تأیید صلاحیت سرنخ، می‌توان آن را به مراحل بالاتر در چرخه فروش تبدیل کرد."
"چرا غربال‌گری و ارزیابی سرنخ‌ها در فروش‌های B2B اهمیت دارد؟","غربال‌گری و ارزیابی سرنخ‌ها در فروش‌های B2B مرحله‌ای حیاتی است زیرا این کار به تیم فروش کمک می‌کند تا انرژی خود را روی سرنخ‌هایی بگذارند که واقعاً پتانسیل خرید دارند."
"چارچوب BANT چیست و چه ارکان اصلی‌ای دارد؟","چارچوب BANT (بودجه، اختیار، نیاز، زمان‌بندی) یکی از ساده‌ترین و رایج‌ترین روش‌هاست که توسط IBM توسعه یافته و ارکان اصلی آن عبارت‌اند از: بودجه (Budget)، اختیار (Authority)، نیاز (Need)، و زمان‌بندی (Timeline)."
"هر یک از ارکان BANT چه مفهومی دارند؟","بودجه: آیا مشتری توان مالی لازم برای خرید دارد؟ اختیار: آیا فرد تماس‌گیرنده اختیار تصمیم‌گیری دارد؟ نیاز: آیا مشکلی واقعی وجود دارد که محصول یا خدمت ما آن را حل می‌کند؟ زمان‌بندی: آیا خرید در آینده‌ای نزدیک برنامه‌ریزی شده است؟"
"کاربرد مناسب چارچوب BANT چیست؟","BANT برای فروش‌های با قیمت مشخص و چرخه خرید کوتاه، مانند SaaS ساده یا محصولات آماده مناسب است."
"چارچوب CHAMP بر چه نکته‌ای تمرکز دارد و ارکان آن چیست؟","چارچوب CHAMP رویکردی مشتری‌محور دارد و ابتدا به سراغ مشکل واقعی مشتری می‌رود. ارکان آن عبارت‌اند از: چالش‌ها (Challenges)، اختیار (Authority)، پول (Money)، و اولویت یا فرآیند خرید (Prioritization / Purchase Process)."
"کاربرد مناسب مدل CHAMP چیست؟","مدل CHAMP برای فروش‌هایی مناسب است که مبتنی بر مشاوره، نیازسازی یا راهکار هستند، مانند سیستم‌های CRM یا خدمات سازمانی."
"چارچوب MEDDIC چه ویژگی‌هایی دارد و ارکان اصلی آن چیست؟","MEDDIC یک مدل حرفه‌ای‌تر و دقیق‌تر است که بیشتر در فروش‌های سازمانی و بزرگ استفاده می‌شود. ارکان اصلی آن عبارت‌اند از: شاخص‌های موفقیت (Metrics)، خریدار اقتصادی (Economic Buyer)، معیارهای تصمیم (Decision Criteria)، فرآیند تصمیم (Decision Process)، شناسایی مشکل (Identify Pain)، و حامی داخلی (Champion)."
"برای چه نوع فروش‌هایی استفاده از مدل MEDDIC مناسب است؟","مدل MEDDIC برای فروش‌های پیچیده، پرهزینه و چندمرحله‌ای مانند راهکارهای ERP، امنیت سازمانی و مشاوره تخصصی مناسب است."
"مقایسه خلاصه سه مدل BANT، CHAMP و MEDDIC چیست؟","BANT سریع، ساده و برای ارزیابی اولیه است. CHAMP عمیق‌تر، با تمرکز بر مشکل مشتری و مناسب برای فروش‌های نیازمحور است. MEDDIC جامع و داده‌محور بوده و مناسب برای فروش‌های پیچیده سازمانی است."
"پس از کیفیت‌سنجی سرنخ، کاربر با استفاده از قابلیت تبدیل سرنخ می‌تواند سرنخ را به چه موجودیت‌هایی تبدیل کند؟","کاربر می‌تواند سرنخ را به مشتری، فرد، و فرصت تبدیل نماید."
"چه زمانی یک سرنخ به مشتری تبدیل می‌شود؟","در صورت نهایی شدن اطلاعات هویتی و کسب‌وکار، سرنخ به یک مشتری در سیستم تبدیل می‌شود."
"در فرایند تبدیل سرنخ، اطلاعات فردی سرنخ به چه صورت ثبت می‌شود؟","اطلاعات فردی موجود در سرنخ به عنوان یک فرد جدید در سیستم ثبت می‌شود و فرد به مشتری متصل می‌شود."
"در چه شرایطی یک فرصت فروش هم‌زمان با تبدیل سرنخ ایجاد می‌شود؟","چنانچه پتانسیل فروش یا همکاری در سرنخ شناسایی شده باشد، می‌توان هم‌زمان یک فرصت فروش نیز برای آن ایجاد کرد."
"ویژگی اصلی عملیات تبدیل سرنخ در سیستم چیست و چه مزیتی ایجاد می‌کند؟","این عملیات به‌صورت هم‌زمان و پیوسته انجام می‌شود تا داده‌ها به شکل بهینه و بدون تکرار ثبت شوند."
"فرم تبدیل سرنخ چه امکاناتی در اختیار کاربر قرار می‌دهد؟","فرم تبدیل امکان مشاهده، اصلاح و تأیید اطلاعات را پیش از ایجاد هر یک از موجودیت‌ها در اختیار کاربر قرار می‌دهد."
"استفاده از قابلیت تبدیل سرنخ چه تأثیری بر فرآیند پیگیری و مدیریت سرنخ‌ها دارد؟","استفاده از این قابلیت فرآیند پیگیری و مدیریت سرنخ‌ها را سرعت می‌بخشد و مانع از ایجاد داده‌های ناقص یا پراکنده در سیستم می‌شود."
"در سیستم مدیریت ارتباط با مشتری، فرد (Contact) به چه کسی اطلاق می‌شود؟","فرد (Contact) به شخصی اطلاق می‌شود که اطلاعات مشخصی از او در سیستم ثبت شده و نماینده‌ای از یک سازمان یا مشتری بالفعل است."
"چه نوع افرادی می‌توانند به عنوان Contact در سیستم ثبت شوند؟","فرد می‌تواند نتیجه پیگیری یک سرنخ باشد یا مستقیماً در تعامل با شرکت قرار گرفته باشد، مانند شرکت‌کننده در یک رویداد، ثبت‌نام‌کننده در خبرنامه یا دریافت‌کننده پیش‌فاکتور."
"چه اطلاعاتی درباره افراد (Contacts) در سیستم ثبت می‌شود و این اطلاعات چه کمکی به تیم‌ها می‌کند؟","اطلاعات مربوط به افراد شامل نام، اطلاعات تماس، نقش در سازمان و ... است. این اطلاعات به تیم‌های فروش، بازاریابی و پشتیبانی کمک می‌کند تا ارتباط مؤثرتری با مخاطب برقرار کرده و تعاملات شخصی‌سازی‌شده‌تری ایجاد کنند."
"افراد (Contacts) معمولاً از چه مسیرهایی وارد سیستم می‌شوند؟","تبدیل‌شدن از یک سرنخ پس از بررسی و واجد شرایط بودن؛ ثبت مستقیم توسط تیم فروش یا بازاریابی بر اساس تعاملات حضوری یا آنلاین؛ ارتباط مستقیم از طریق تماس، ایمیل یا شبکه‌های اجتماعی."
"مدیریت درست اطلاعات افراد چه تأثیری بر فرآیند فروش و تجربه مشتری دارد؟","مدیریت درست اطلاعات افراد باعث افزایش کیفیت ارتباط با مشتری، کوتاه‌شدن چرخه فروش و بهبود تجربه مشتری می‌شود."
"در مثال محمد رضایی، او چگونه از سرنخ به فرد تبدیل شد و چه نقشی در سیستم ایفا کرد؟","در نمایشگاه صنعتی، محمد رضایی از شرکت توسعه‌گران پارسه فرم معرفی خدمات را پر می‌کند و به‌عنوان سرنخ ثبت می‌شود. پس از تماس تلفنی و بررسی نیازها، مشخص می‌شود که او تصمیم‌گیرنده خرید نرم‌افزار است، سپس با نقش مدیر فناوری اطلاعات به‌عنوان فرد (Contact) در سیستم ثبت شده و به حساب سازمانی مرتبط می‌شود. از این لحظه او به‌عنوان نقطه تماس اصلی برای مذاکرات و پیگیری‌های فروش در نظر گرفته می‌شود."
"ایجاد فرد در سیستم مدیریت ارتباط با مشتریان به چه معناست و چه هدفی را دنبال می‌کند؟","ایجاد فرد به معنای ثبت و ذخیره ارتباط افراد در سیستم مدیریت ارتباط با مشتریان است. این فرآیند زمینه‌ساز برقراری ارتباط مؤثر، پیگیری‌های دقیق‌تر و شخصی‌سازی تعاملات در ادامه مسیر ارتباط با مشتری است."
"چه افرادی می‌توانند در فرآیند ایجاد فرد در سیستم مدیریت ارتباط با مشتریان ثبت شوند؟","این افراد می‌توانند مشتریان بالقوه، مشتریان فعلی یا نمایندگان سازمان‌هایی باشند که در فرآیند فروش یا پشتیبانی نقش دارند."
"ایجاد فرد معمولاً در چه زمانی انجام می‌شود و چه راه‌های ثبت فرد وجود دارد؟","در بسیاری از موارد، افراد پس از واجد شرایط شدن سرنخ‌ها ایجاد می‌شوند، اما امکان ثبت مستقیم افراد از طریق تعاملات روزمره، تماس‌ها یا جلسات نیز وجود دارد."
"چه اطلاعاتی هنگام ایجاد فرد در سیستم مدیریت ارتباط با مشتریان ثبت می‌شود؟","هنگام ایجاد فرد، اطلاعات دقیق مانند نام، شماره تماس، ایمیل، سمت شغلی و سازمان مربوطه ثبت می‌شود."
"ارتباط فرد با حساب (Account) در ایجاد فرد چه کاربردی دارد؟","ارتباط فرد با حساب برای داشتن دید جامع نسبت به ساختار تصمیم‌گیری در سازمان مشتری استفاده می‌شود."
"تاریخچه تعاملات فرد شامل چه مواردی می‌شود و چه مزیتی دارد؟","تاریخچه تعاملات شامل تماس‌ها، ایمیل‌ها، جلسات و پیشنهادات ارسالی است و به پیگیری بهتر و شناخت دقیق‌تر مخاطب کمک می‌کند."
"چه قابلیت‌هایی برای دسته‌بندی و مدیریت افراد هنگام ایجاد فرد در سیستم وجود دارد؟","قابلیت برچسب‌گذاری و دسته‌بندی افراد بر اساس نقش، سطح تصمیم‌گیری یا نوع ارتباط (مانند مشتری، نماینده، مشاور و...) وجود دارد."
"فیلد 'پیشوند' در سیستم مدیریت ارتباط با مشتری چه کاربردی دارد و چه مقادیری می‌تواند داشته باشد؟","فیلد 'پیشوند' برای مشخص نمودن جنسیت و خطاب قرار دادن افراد استفاده می‌شود و به مشخص کردن عنوان و جنسیت سرنخ‌ها کمک می‌کند. مقادیر این فیلد شامل گزینه‌هایی مانند 'جناب آقای'، 'سرکار خانم' و سایر عناوین مشابه است."
"چه کمکی استفاده از فیلد پیشوند در ارسال پیام‌ها و تعامل با مشتریان می‌کند؟","استفاده از فیلد پیشوند به شما اطلاعات بهتری راجع به شخص می‌دهد و کمک می‌کند تا در تعاملات با مشتریان از لحن و زبانی مناسب استفاده کنید و پیام‌های تبلیغاتی یا اطلاع‌رسانی را شخصی‌سازی نمایید."
"چگونه اطلاعات موجود در فیلد پیشوند می‌تواند در برنامه‌ریزی کمپین‌های بازاریابی مؤثر باشد؟","داشتن اطلاعات جنسیتی در فیلد پیشوند امکان هدف‌گذاری کمپین‌های بازاریابی بر اساس جنسیت را فراهم می‌کند و به بهینه‌سازی استراتژی‌های بازاریابی کمک می‌کند."
"ثبت نام و نام خانوادگی فرد در سیستم مدیریت ارتباط با مشتری چه کاربردهایی دارد؟","نام و نام خانوادگی فرد برای شناسایی دقیق هر فرد مورد استفاده قرار می‌گیرد و امکان شخصی‌سازی پیام‌ها، شناسایی بهتر فرد و ایجاد ارتباط نزدیک‌تر را فراهم می‌کند."
"چه مزایایی ثبت نام و نام خانوادگی در تحلیل داده‌ها و مدیریت ارتباطات ایجاد می‌کند؟","وجود نام و نام خانوادگی به تیم‌های فروش و بازاریابی کمک می‌کند تا داده‌های مرتبط را جمع‌آوری و تجزیه و تحلیل کنند، الگوهای خرید را شناسایی کنند و برنامه‌های بازاریابی را بهینه نمایند. همچنین، مدیریت منظم‌تر اطلاعات و مرور آسان سوابق ارتباطات را امکان‌پذیر می‌کند."
"فیلد 'مشتری' در فرم فرد چه اطلاعاتی ثبت می‌کند و این اطلاعات چه کمکی به بازاریابی B2B می‌کند؟","فیلد 'مشتری' برای ثبت نام شرکتی که فرد در آن کار می‌کند استفاده می‌شود و نام رسمی شرکت یا سازمان مربوط به فرد را ثبت می‌کند. این اطلاعات به شناسایی صنعت و اندازه شرکت، هدف‌گیری بهتر و تشخیص هویت سازمانی فرد کمک می‌کند و در فروش B2B بسیار مهم است."
"فیلد 'کاربر' در اطلاعات فرد چه کاربردی دارد؟","فیلد 'کاربر' مشخص می‌کند که کدام کاربر یا کارشناس فروش مسئول پیگیری و مدیریت این فرد است."
"ثبت تاریخ تولد افراد در اطلاعات فرد چه مزایایی دارد؟","ثبت تاریخ تولد افراد امکان ارسال پیام تبریک یا تخفیف ویژه در روز تولد را فراهم می‌کند و به پرسونالایزیشن کمک می‌کند. همچنین، به بخش‌بندی افراد بر اساس سن برای تحلیل جمعیت‌شناسی کمک می‌کند."
"فیلد 'نوع شماره' چه اطلاعاتی ذخیره می‌کند و چه نقشی در مدیریت تماس‌ها دارد؟","فیلد 'نوع شماره' نوع شماره تماس فرد را مشخص می‌کند (همراه، ثابت شرکت و ...). این فیلد به تمایز بین ارتباطات، انتخاب بهترین روش تماس، اعتبارسنجی فرمت شماره و ثبت سوابق تماس‌ها کمک می‌کند."
"شماره تلفن فرد در سیستم مدیریت ارتباط با مشتریان چه کاربردهایی دارد؟","شماره تلفن برای تماس مستقیم با فرد، ارسال پیام‌کوتاه، پیگیری سریع‌تر و شناسایی سریع فرد تماس گیرنده در صورت اتصال به سیستم VoIP استفاده می‌شود."
"فیلد 'داخلی' در اطلاعات فرد چه کاربردی دارد؟","در صورت ثبت شماره شرکت، فیلد 'داخلی' امکان وارد کردن شماره داخلی فرد مورد نظر را فراهم می‌کند تا بتوان مستقیم با خود فرد تماس برقرار کرد."
"ثبت آدرس ایمیل فرد چه کاربردهایی در پیگیری و ارتباط با مشتری دارد؟","آدرس ایمیل برای ارسال اطلاعات بیشتر، پیشنهادات، پیگیری‌ها، ایمیل‌های آموزشی و خبرنامه‌ها استفاده می‌شود و امکان ارسال ایمیل‌های بازاریابی و پیگیری‌های خودکار را فراهم می‌کند."
"فیلد 'سمت' در اطلاعات فرد چه نقشی دارد و چه کمکی به تیم فروش و بازاریابی می‌کند؟","فیلد 'سمت' نقش فرد در سازمان را مشخص می‌کند و به تیم‌ها کمک می‌کند تا نوع، سطح و محتوای ارتباط را با توجه به میزان تأثیرگذاری فرد در تصمیم‌گیری خرید تنظیم کنند."
"چه کاربردهایی برای تفکیک و تحلیل نقش افراد در سازمان با استفاده از فیلد 'سمت' وجود دارد؟","تعیین سطح تصمیم‌گیری، اولویت‌بندی در پیگیری، شخصی‌سازی پیام‌ها و پیشنهادات، و تفکیک مخاطبان در تحلیل‌ها و گزارش‌گیری‌های بازاریابی و فروش از کاربردهای این فیلد است."
"فیلد 'منبع سرنخ' چه اطلاعاتی ثبت می‌کند و چه تأثیری در بهینه‌سازی بازاریابی دارد؟","فیلد 'منبع سرنخ' مشخص می‌کند که فرد یا سرنخ از چه مسیری با کسب‌وکار آشنا شده یا وارد سیستم شده است. این اطلاعات به ارزیابی عملکرد کانال‌های جذب، تحلیل نرخ تبدیل سرنخ‌ها به مشتری و هدف‌گذاری کمپین‌های آینده روی کانال‌های پربازده کمک می‌کند."
"فیلد اجباری 'پیشوند' در سیستم مدیریت ارتباط با مشتری چه کاربردهایی دارد؟","فیلد 'پیشوند' برای مشخص نمودن جنسیت و خطاب قرار دادن افراد استفاده می‌شود و به مشخص کردن عنوان و جنسیت سرنخ‌ها کمک می‌کند. مقادیر آن شامل گزینه‌هایی مانند 'جناب آقای'، 'سرکار خانم' و سایر عناوین مشابه است."
"اطلاعات فیلد پیشوند چگونه به شخصی‌سازی پیام‌ها و کمپین‌های بازاریابی کمک می‌کند؟","اطلاعات این فیلد امکان ارسال پیام‌های شخصی‌سازی‌شده و برنامه‌ریزی کمپین‌های هدفمند بازاریابی بر اساس جنسیت را فراهم می‌کند و باعث افزایش میزان پاسخ‌دهی می‌شود."
"چه نقشی فیلد 'نام و نام خانوادگی' در شناسایی و مدیریت ارتباط با مشتریان دارد؟","فیلد 'نام و نام خانوادگی' برای شناسایی دقیق هر فرد، شخصی‌سازی پیام‌ها و ایمیل‌ها، ایجاد ارتباط نزدیک‌تر و مدیریت منظم اطلاعات مشتریان استفاده می‌شود."
"ثبت نام و نام خانوادگی افراد چه مزیت‌هایی برای تحلیل رفتار مشتریان و گزارش‌گیری ایجاد می‌کند؟","ثبت نام و نام خانوادگی به تیم‌های فروش و بازاریابی کمک می‌کند داده‌های مرتبط را جمع‌آوری، تجزیه و تحلیل کنند و الگوهای خرید و رفتار مشتریان را شناسایی و برنامه‌های بازاریابی را بهینه‌سازی کنند."
"فیلد 'مشتری' (Company) چه اطلاعاتی ثبت می‌کند و چرا در فروش B2B اهمیت دارد؟","این فیلد نام رسمی شرکت، سازمان یا کسب‌وکار فرد را ثبت می‌کند و به شناسایی صنعت و اندازه شرکت، هدف‌گیری بهتر و تشخیص هویت سازمانی فرد کمک می‌کند. در فروش‌های B2B، این فیلد از نام شخص مهم‌تر است."
"فیلد 'کاربر' در فرم فرد چه وظیفه‌ای دارد؟","این فیلد مشخص می‌کند که کدام کاربر یا کارشناس فروش مسئول پیگیری و مدیریت این فرد است."
"ثبت تاریخ تولد افراد در فرم فرد چه کاربردهایی در بازاریابی و تحلیل جمعیت‌شناسی دارد؟","امکان ارسال پیام تبریک یا تخفیف ویژه در روز تولد را فراهم می‌کند و به بخش‌بندی افراد بر اساس سن برای تحلیل جمعیت‌شناسی کمک می‌کند."
"فیلد 'نوع شماره' چه کمکی به مدیریت تماس و اعتبارسنجی اطلاعات می‌کند؟","نوع شماره تماس فرد (همراه، ثابت شرکت و ...) را مشخص می‌کند و به تمایز بین ارتباطات، انتخاب بهترین روش تماس، اعتبارسنجی فرمت شماره و ثبت سوابق تماس کمک می‌کند."
"شماره تلفن افراد در سیستم مدیریت ارتباط با مشتریان چه کاربردهایی دارد؟","شماره تلفن برای تماس مستقیم با فرد، ارسال پیام‌کوتاه و پیگیری سریع‌تر استفاده می‌شود و در صورت اتصال VoIP، به شناسایی سریع‌تر فرد تماس‌گیرنده کمک می‌کند."
"فیلد 'داخلی' چه کاربردی در ارتباط با افراد دارد؟","در صورت ثبت شماره شرکت، با فیلد 'داخلی' می‌توان شماره داخلی فرد مورد نظر را وارد کرد تا بتوان مستقیماً با خود فرد ارتباط گرفت."
"ثبت آدرس ایمیل افراد چه نقشی در ارتباط با مشتری و بازاریابی ایفا می‌کند؟","آدرس ایمیل برای ارسال اطلاعات بیشتر، پیشنهادات، پیگیری‌ها، ایمیل‌های آموزشی و خبرنامه‌ها استفاده می‌شود و امکان ارسال ایمیل‌های بازاریابی و پیگیری‌های خودکار را فراهم می‌کند."
"چگونه فیلد 'سمت' به تیم فروش و بازاریابی در ارتباط و تحلیل افراد کمک می‌کند؟","سمت فرد نقش او را در سازمان مشخص می‌کند و به تیم‌ها کمک می‌کند تا سطح تصمیم‌گیری، اولویت‌بندی در پیگیری، شخصی‌سازی پیام‌ها و تحلیل گزارش‌های بازاریابی و فروش را تنظیم کنند."
"چه مثال‌هایی از کاربرد فیلد سمت در ارتباط با انواع نقش‌ها در سازمان ارائه شده است؟","مدیر فناوری اطلاعات (CIO) برای معرفی ویژگی‌های فنی محصول، مدیر خرید برای مذاکرات مالی یا دریافت پیش‌فاکتور، و کارشناس فنی برای جلسات دموی محصول یا پاسخ به سؤالات فنی مناسب هستند."
"فیلد 'منبع سرنخ' چه اطلاعاتی را ثبت می‌کند و چه مزایایی برای تحلیل عملکرد کانال‌های بازاریابی دارد؟","فیلد 'منبع سرنخ' مشخص می‌کند که فرد یا سرنخ از چه مسیری وارد سیستم شده است و به ارزیابی عملکرد کانال‌های جذب، تحلیل نرخ تبدیل سرنخ‌ها به مشتری و هدف‌گذاری کمپین‌های آینده روی کانال‌های پربازده کمک می‌کند."
"پس از کلیک بر روی نام یک سرنخ یا ذخیره آن در سیستم، کاربر به چه صفحه‌ای هدایت می‌شود و چه امکاناتی در این صفحه در اختیار دارد؟","کاربر به صفحه مشاهده آن سرنخ هدایت می‌شود و می‌تواند رکوردهای مرتبط، فعالیت‌های انجام‌شده و خلاصه‌ای از اطلاعات اصلی را مشاهده کند."
"بخش 'رکوردهای مرتبط افراد' در فرم مشاهده فرد چه کاربردی دارد؟","در این بخش فرم‌هایی که رابطه یک به چند با فرد دارند نمایش داده می‌شوند و کاربر می‌تواند در یک نگاه تمامی رکوردهای مرتبط با فرد را مشاهده کند."
"فعالیت‌های موجود در فرم مشاهده فرد شامل چه مواردی هستند؟","فعالیت‌های موجود شامل تماس، جلسه، وظیفه و یادداشت هستند."
"فعالیت‌های باز در فرم مشاهده فرد چه ویژگی‌هایی دارند؟","فعالیت‌های باز شامل تماس، جلسه، وظیفه و یادداشت‌هایی هستند که در وضعیت 'برنامه‌ریزی شده' بوده و نیاز به اقدام خاصی دارند."
"اگر یک فعالیت از وضعیت 'برنامه‌ریزی شده' خارج شود، در فرم مشاهده فرد در کدام بخش نمایش داده خواهد شد؟","فعالیت‌هایی که در وضعیتی به جز 'برنامه‌ریزی شده' باشند، در بخش تاریخچه فعالیت‌ها به عنوان فعالیت‌های بسته شده نمایش داده می‌شوند."
"آیکون‌های موجود در بخش فعالیت‌ها چه کاربردی برای کاربر دارند؟","این آیکون‌ها برای ایجاد سریع تماس، جلسه، وظیفه و یادداشت جدید در فرم مشاهده فرد کاربرد دارند."
"چرا برخی از اطلاعات اصلی فرد در بالای صفحه فرم مشاهده فرد قرار گرفته‌اند؟","اطلاعات اصلی فرد برای دسترسی سریع‌تر و راحت‌تر در بالای صفحه فرم مشاهده فرد قرار گرفته‌اند، زیرا اغلب برای مشاهده و بررسی این اطلاعات به فرم مراجعه می‌شود."
"در قسمت فهرست افراد چه اطلاعاتی در دسترس کاربران قرار دارد؟","در این قسمت کاربران می‌توانند فهرست افرادی را که به آنها دسترسی دارند مشاهده نمایند."
"قابلیت تنظیم ستون‌های نمایشی در قسمت فهرست افراد چه مزیتی دارد؟","امکان تنظیم ستون‌های نمایشی برای هر کاربر به‌صورت مجزا باعث می‌شود کاربران بتوانند اطلاعات لازم از افراد را با یک نگاه کلی مشاهده کنند."
"امکان اعمال فیلترهای پیشرفته در فهرست افراد چه کاربردهایی دارد؟","با اعمال فیلترهای پیشرفته می‌توان افراد مورد نظر را به‌صورت هدفمند مشاهده کرد و این فهرست فیلترشده را به همراه فیلترها برای سایر کاربران سیستم ارسال نمود."
"در سیستم مدیریت ارتباط با مشتری (CRM)، مشتری به چه سازمان یا نهادی اطلاق می‌شود؟","مشتری به سازمان، شرکت یا نهاد مشخصی اطلاق می‌شود که فرآیند خرید را آغاز کرده، همواره یا آن را به پایان رسانده است."
"چه تفاوتی میان مشتری با سرنخ‌ها و افراد در سیستم CRM وجود دارد؟","مشتری معمولاً نمایان‌گر یک واحد تجاری واقعی با پتانسیل یا سابقه همکاری است و می‌تواند شامل چندین فرد (Contact)، فرصت فروش و سوابق تراکنش باشد، در حالی که سرنخ‌ها یا افراد ممکن است تنها یک نقطه تماس یا علاقه‌مندی اولیه باشند."
"ثبت مشتری در سیستم CRM چه نقشی در مدیریت ارتباطات ایفا می‌کند؟","ثبت مشتری در سیستم CRM پایه‌گذار ارتباط بلندمدت با آن مجموعه و مدیریت ساختارمند تعاملات فروش، پشتیبانی و بازاریابی است."
"فرم مشتری در سیستم CRM چه کاربردهایی برای تیم فروش و خدمات مشتری دارد؟","فرم مشتری برای ثبت اطلاعات ساختاری سازمان‌ها و پیوند دادن افراد، فرصت‌ها و فعالیت‌ها به آن‌ها طراحی شده و به تیم‌ها کمک می‌کند وضعیت یک حساب را از زوایای مختلف بررسی و مدیریت کنند."
"چه اطلاعاتی در فرم مشتری سیستم مدیریت ارتباط با مشتریان ثبت می‌شود؟","اطلاعات پایه سازمانی شامل نام شرکت، صنعت، موقعیت جغرافیایی و اطلاعات تماس ثبت می‌شود."
"در فرم مشتری چگونه افراد مختلف سازمان مشتری به حساب متصل می‌شوند و چه اطلاعاتی درباره آن‌ها درج می‌گردد؟","افراد (Contacts) مختلف که در سازمان مشتری نقش دارند، با ذکر سمت، نقش تصمیم‌گیری و سابقه تعامل به حساب مشتری متصل می‌شوند."
"چه سوابق و فرصت‌هایی از طریق فرم مشتری در سیستم CRM قابل ردیابی است؟","از طریق فرم مشتری می‌توان فرصت‌های فروش و تاریخچه پیش‌فاکتورها، فاکتورها، قراردادها و خریدهای انجام‌شده را ردیابی کرد."
"چه نوع یادداشت‌ها و تعاملاتی در فرم مشتری قابل ثبت است و چه کاربردی دارد؟","ثبت یادداشت‌ها و تعاملات مرتبط با حساب شامل جلسات، تماس‌ها، ایمیل‌ها و وظایف ممکن است که به مدیریت جامع‌تر تعاملات با مشتری کمک می‌کند."
"چه قابلیت‌هایی برای برچسب‌گذاری و اولویت‌بندی حساب مشتریان در فرم مشتری وجود دارد؟","امکان برچسب‌گذاری و اولویت‌بندی حساب‌ها بر اساس میزان ارزش، سطح ارتباط یا پتانسیل رشد همکاری وجود دارد."
"در مثال شرکت 'پارس صنعت'، چه زمانی این شرکت به عنوان مشتری در سیستم CRM ثبت یا به‌روزرسانی می‌شود؟","زمانی که شرکت 'پارس صنعت' اولین خرید خود را نهایی می‌کند، به عنوان مشتری (Customer) در سیستم CRM ثبت یا به‌روزرسانی می‌شود."
"پس از ثبت یک سازمان به عنوان مشتری، چه اطلاعات و ارتباطاتی زیرمجموعه این حساب مدیریت خواهد شد؟","پس از ثبت، تمامی فرصت‌های فروش، تماس‌ها، ایمیل‌ها، سوابق خرید و پشتیبانی آن سازمان زیرمجموعه همان حساب مدیریت می‌شوند."

















