Question,Answer
"اطلاعات پایه انبار به چه منظوری استفاده می شود؟","به منظور شناسایی، دسته بندی و مدیریت کالاها در انبار استفاده می شود."
"چرا سازماندهی و نگهداری دقیق اطلاعات پایه انبار مهم است؟","زیرا با این کار، می‌توان فرآیندهای انبار را به طور کارآمدتر و با خطای کمتری انجام داد."
"سه جزء اصلی از اطلاعات پایه انبار را نام ببرید.","حوزه قیمت گذاری، مرکز نگهداری، و نوع انبار."
"اگر در فرم های انبار، فیلدهایی مانند 'کالا' یا 'واحد سنجش' خالی باشند، اصلی ترین دلیل آن چیست؟","اصلی ترین دلیل آن این است که این موارد در بخش اطلاعات پایه تعریف نشده اند."
"به جز تعریف نشدن در اطلاعات پایه، چه دلایل دیگری می‌تواند باعث عدم نمایش اطلاعات در سیستم انبار شود؟","عدم تعریف یا تخصیص به شرکت مورد انتظار، عدم دسترسی کاربر به آن، و یا غیرفعال بودن آن از دیگر دلایل هستند."
"چه استنباطی می‌توان از وابستگی فرم‌های انبار به اطلاعات پایه داشت؟","استنباط می‌شود که عملکرد صحیح فرم‌های عملیات و گزارش‌ها، مستقیماً به تعریف کامل و صحیح اطلاعات پایه وابسته است و در صورت نقص در اطلاعات پایه، این فرم‌ها نیز دچار کمبود اطلاعات می‌شوند."
"اطلاعات پایه انبار به چه منظوری استفاده می شود؟","به منظور شناسایی، دسته بندی و مدیریت کالاها در انبار، از اطلاعات پایه انبار استفاده می شود."
"فایده اصلی جمع‌آوری، سازماندهی و نگهداری دقیق اطلاعات پایه انبار چیست؟","با جمع‌آوری، سازماندهی و نگهداری دقیق این اطلاعات، می‌توان فرآیندهای انبار را به طور کارآمدتر و با خطای کمتری انجام داد."
"اطلاعات پایه انبار شامل چه مواردی است؟","حوزه قیمت گذاری، مرکز نگهداری، نوع انبار، انبار، واحد سنجش، طبقه حساب کالا، ویژگی، کالا، اجزای کالا، گروهبندی کالا/خدمت، و گروهبندی کالا مشترک/خدمت مشترک."
"اگر مقادیر فیلدهایی مانند حوزه قیمت گذاری یا انبار در فرم‌های سیستم وجود نداشته باشد، چه دلایلی می‌تواند داشته باشد؟","دلایل آن می تواند شامل عدم تعریف در بخش اطلاعات پایه، عدم تعریف یا تخصیص به شرکت مورد انتظار، عدم دسترسی کاربر به آن و یا غیرفعال بودن آن باشد."
"کاربر چگونه می تواند فهرست اطلاعات پایه را مشاهده کرده و چگونه می تواند مورد جدیدی به آن اضافه کند؟","برای مشاهده فهرست اطلاعات پایه باید بر روی خود گزینه‌های اطلاعات پایه از منو و برای افزودن مورد جدید باید بر روی گزینه + از منو کلیک کرد."
"چه استنباطی می توان از نقش اطلاعات پایه در سیستم انبارداری داشت؟","می‌توان استنباط کرد که اطلاعات پایه یکی از مهم‌ترین ارکان سیستم انبارداری است و نقص یا عدم تعریف دقیق آن، عملکرد صحیح سایر بخش‌ها مانند فرم‌ها، عملیات و گزارش‌ها را مختل می‌کند."
"در سیستم انبار، حوزه قیمت گذاری برای چه منظوری استفاده می شود؟","حوزه قیمت گذاری برای تعیین محدوده انبارهایی استفاده می شود که کالاهای آنها لازم است باهم قیمت گذاری شوند."
"چه رابطه ای بین یک حوزه قیمت گذاری و ارزش کالاهای مشترک در انبارهای آن وجود دارد؟","هر حوزه قیمت گذاری شامل مجموعه انبارهایی است که کالاهای مشترک در آنها دارای یک ارزش مبلغی یکسان می باشد."
"از منظر چندشرکتی، حوزه قیمت گذاری چگونه باید تعریف گردد؟","در یک ساختار چندشرکتی، حوزه قیمت گذاری به عنوان اطلاعات پایه‌ای شناخته می‌شود که باید برای هر شرکت به صورت جداگانه و مستقل تعریف شود."
"چه ستون‌هایی به صورت پیش‌فرض در صفحه فهرست حوزه قیمت گذاری نمایش داده می‌شود؟","ستون‌های قابل نمایش در فهرست حوزه قیمت گذاری عبارتند از کد و عنوان."
"چگونه می‌توان یک حوزه قیمت گذاری جدید در سیستم تعریف کرد؟","با استفاده از گزینه «جدید» در بالای صفحه فهرست حوزه قیمت گذاری می‌توان یک حوزه جدید تعریف کرد."
"مسیر دسترسی به صفحه فهرست حوزه‌های قیمت گذاری در سیستم چیست؟","برای مشاهده لیست، باید از منوی ماژول لجستیک، انبار و حسابداری انبار، بخش اطلاعات پایه، گزینه حوزه قیمت گذاری را انتخاب نمود."
"گزینه «نام شرکت» در بالای صفحه فهرست چه کاربردی دارد؟","در شرکت‌های گروه یا هلدینگ، این گزینه به کاربر دارای دسترسی اجازه می‌دهد شرکت مورد نظر خود را انتخاب کرده و لیست حوزه‌های قیمت گذاری مختص آن شرکت را مشاهده کند."
"گزینه «تنظیمات» در صفحه فهرست حوزه قیمت گذاری شامل چه امکاناتی است؟","این گزینه شامل انتخاب ستون‌ها، مرتب سازی، گروه بندی و تجمیع فیلترها برای سفارشی‌سازی نمایش فهرست است."
"کاربرد گزینه «مدیریت نماها» چیست؟","اگر کاربر بخواهد فیلدهای نمایشی، چیدمان ستون‌ها و شرایط فهرست را برای خود ذخیره کند، از گزینه مدیریت نماها استفاده می‌کند."
"چه اتفاقی پس از انتخاب یک ردیف از فهرست حوزه قیمت گذاری رخ می‌دهد؟","فرم مشاهده آن ردیف نمایش داده می‌شود و اگر کاربر دسترسی داشته باشد، می‌تواند آن را ویرایش کند."
"چه زمانی گزینه «حذف» در فهرست حوزه قیمت گذاری فعال می‌شود؟","گزینه حذف در صورت انتخاب یک یا چند ردیف از فهرست فعال شده و می‌توان رکوردهای انتخابی را حذف نمود."
"برای معرفی یک حوزه قیمت گذاری جدید، تعریف چه فیلدهایی لازم است؟","معرفی حوزه قیمت گذاری در ماژول لجستیک شامل تعریف کد و عنوان است."
"گزینه «ذخیره» در صفحه ایجاد حوزه قیمت گذاری چه امکاناتی را فراهم می‌کند؟","این گزینه امکان «ذخیره» و «ذخیره و ایجاد» حوزه قیمت گذاری جدید را فراهم می‌کند."
"چگونه می‌توان لیست انبارهای مربوط به یک حوزه قیمت گذاری را در سیستم مشخص کرد؟","در جدول پایین صفحه معرفی، از طریق گزینه «جدید» می‌توان لیست انبارهای مربوط به آن حوزه قیمت گذاری را انتخاب کرد."
"در چه شرایطی باید از گزینه «ایجاد تفصیل» برای یک حوزه قیمت گذاری استفاده کرد؟","در صورتی که نیاز باشد مبالغ یک حوزه قیمت گذاری در گزارش‌های مالی و اسناد حسابداری نمایش داده شود، از گزینه ایجاد تفصیل استفاده می‌شود."
"گزینه «سایر عملیات» در صفحه ایجاد حوزه قیمت گذاری چه قابلیت‌هایی دارد؟","این گزینه امکان ایجاد یک حوزه قیمت گذاری جدید دیگر و همچنین نمایش فهرست کل حوزه‌های قیمت گذاری را فراهم می‌سازد."
"از وجود گزینه «ایجاد تفصیل» چه استنباطی درباره ارتباط بین اطلاعات انبار و اسناد مالی در این سیستم می‌توان داشت؟","می‌توان استنباط کرد که سیستم قابلیت اتصال مستقیم اطلاعات عملیاتی انبار، مانند حوزه‌های قیمت گذاری، به سیستم حسابداری برای ثبت اسناد و گزارش‌گیری مالی را دارد."
"در سیستم انبار، «مرکز نگهداری» به چه چیزی اطلاق می شود؟","مرکز نگهداری به محل یا بخش خاصی اطلاق می‌شود که عملیات بازرگانی یا تولیدی در آن انجام شده و برای نگهداری گروهی از کالاها با مشخصات مشترک در نظر گرفته می‌شود."
"چه مثال‌هایی برای یک مرکز نگهداری در متن ارائه شده است؟","فضای کارخانه، سایت بازرگانی، سوله و خطوط تولید به عنوان مثال‌هایی از مرکز نگهداری ذکر شده‌اند."
"رابطه سلسله مراتبی بین یک شرکت، شعب آن، مراکز نگهداری و انبارها چگونه توصیف شده است؟","یک شرکت می‌تواند یک یا چند شعبه داشته باشد، هر شعبه می‌تواند دارای یک یا چند مرکز نگهداری باشد و هر مرکز نگهداری نیز شامل یک یا چند انبار است."
"در یک ساختار چند شرکتی، مراکز نگهداری چگونه باید تعریف شوند؟","از منظر چند شرکتی، مرکز نگهداری به عنوان اطلاعات پایه‌ای در نظر گرفته می‌شود که لازم است برای هر شرکت به صورت جداگانه و مستقل تعریف گردد."
"چه استنباطی می توان از نقش مرکز نگهداری در ساختار یک شرکت داشت؟","می توان استنباط کرد که مرکز نگهداری یک واحد سازمانی میانی است که به تقسیم‌بندی شعب بزرگتر به واحدهای عملیاتی مشخص (مانند کارخانه یا سایت بازرگانی) که خود شامل انبارهای متعدد هستند، کمک می‌کند."
"مرکز نگهداری در سیستم انبار به چه چیزی اطلاق می‌شود؟","به محل یا بخش خاصی اطلاق می‌شود که عملیات بازرگانی و یا تولیدی در آن انجام شود و برای نگهداری گروهی از کالاها با مجموعه مشخصات مشترک در نظر گرفته می‌شود."
"چه مثال‌هایی برای یک مرکز نگهداری در متن ذکر شده است؟","فضای کارخانه، سایت بازرگانی، سوله و خطوط تولید."
"رابطه بین مرکز نگهداری و انبار چیست؟","هر مرکز نگهداری شامل یک یا چند انبار می باشد."
"رابطه سلسله مراتبی بین شرکت، شعبه و مرکز نگهداری چگونه است؟","یک شرکت دارای یک یا چند شعبه است و هر شعبه می تواند دارای یک یا چند مرکز نگهداری باشد."
"از منظر چند شرکتی، اطلاعات مربوط به مرکز نگهداری چگونه باید تعریف شود؟","از منظر چندشرکتی، مرکز نگهداری از نوع اطلاعات پایه‌ای است که نیاز است برای هر شرکت به صورت جداگانه و مستقل تعریف گردد."
"چه استنباطی می‌توان از لزوم تعریف جداگانه مرکز نگهداری برای هر شرکت در سیستم چندشرکتی داشت؟","اینکه مراکز نگهداری و عملیات مربوط به آن‌ها کاملاً به شرکتی که به آن تعلق دارند وابسته هستند و به صورت متمرکز و مشترک بین شرکت‌ها مدیریت نمی‌شوند."
"چگونه می‌توان به فهرست مراکز نگهداری در سیستم دسترسی پیدا کرد؟","از منوی ماژول لجستیک، انبار و حسابداری انبار، بخش اطلاعات پایه، گزینه مرکز نگهداری کالا را انتخاب نمایید."
"چه ستون‌هایی در فهرست مراکز نگهداری قابل نمایش هستند؟","ستون‌های قابل نمایش عبارتند از: کد، عنوان، شعبه و وضعیت."
"گزینه ""نام شرکت"" در بالای صفحه فهرست مرکز نگهداری چه کاربردی دارد؟","در شرکت‌هایی که به صورت گروه یا هلدینگ هستند، با استفاده از این گزینه می‌توان در صورت داشتن دسترسی، شرکت مورد نظر را انتخاب کرد تا لیست مراکز نگهداری مختص آن شرکت نمایش داده شود."
"تمام گزینه‌ها و امکانات موجود در بالای صفحه فهرست مرکز نگهداری را نام ببرید.","فهرست مرکز نگهداری (مدیریت نما)، نام شرکت، جدید، فیلتر، بارگذاری مجدد، تنظیمات، کپی لینک نما، جستجو و فیلتر، تنظیم کننده عرض ستون و حذف."
"کاربرد گزینه ""مدیریت نماها"" چیست؟","کاربر می‌تواند فیلدهای نمایشی، چیدمان ستون‌ها و شرایط فهرست را برای نیاز خودش ذخیره نماید."
"چگونه می‌توان یک یا چند مرکز نگهداری را از فهرست حذف کرد؟","با انتخاب یک یا چند ردیف از فهرست، گزینه ""حذف"" فعال شده و می‌توان رکوردهای انتخاب شده را حذف نمود."
"چه زمانی نیاز به استفاده از گزینه ""بارگذاری مجدد"" وجود دارد؟","گاهی پس از تغییر، حذف، ایجاد یک مرکز نگهداری یا اعمال فیلتر و جستجو، نیاز است که فهرست مجدداً بارگذاری شود."
"گزینه ""تنظیمات"" در صفحه فهرست چه امکاناتی را فراهم می‌کند؟","این گزینه شامل انتخاب ستون‌ها، مرتب‌سازی، گروه‌بندی و تجمیع فیلترها برای نمایش فهرست می‌باشد."
"با توجه به متن، چه شرطی برای ویرایش یک مرکز نگهداری از فهرست وجود دارد؟","پس از انتخاب یک مورد و نمایش فرم آن، کاربر تنها در صورت داشتن دسترسی می‌تواند آن را ویرایش نماید."
"هدف از گزینه ""کپی لینک نما"" چیست؟","از این گزینه برای به اشتراک گذاری صفحه فهرست با فیلترهای جاری استفاده می‌شود."
"برای تعریف مرکز نگهداری در ماژول لجستیک چه مسیری باید طی شود؟","برای تعریف مرکز نگهداری در ماژول لجستیک، از منو انبار و حسابداری انبار، اطلاعات پایه، مرکز نگهداری کالا، گزینه معرفی مرکز نگهداری (+) را باید انتخاب کرد."
"جهت معرفی یک مرکز نگهداری جدید چه اطلاعاتی باید تعریف و مشخص گردد؟","ابتدا باید کد و عنوان آن را تعریف کرده، سپس شعبه مورد نظر را به آن مرکز نگهداری اختصاص داد و در پایان آدرس و نشانی آن را مشخص کرد."
"گزینه ""ذخیره"" در صفحه ایجاد مرکز نگهداری در چه حالتی فعال می شود؟","گزینه ذخیره در حالت مشاهده غیر فعال است و تنها در صورت ایجاد تغییر و ویرایش اطلاعات، فعال شده و امکان ذخیره اطلاعات را فراهم می کند."
"کاربرد گزینه ""سایر عملیات"" در فرم معرفی مرکز نگهداری چیست؟","این گزینه امکان ایجاد یک مرکز نگهداری جدید و نمایش فهرست مراکز نگهداری را فراهم می سازد."
"گزینه ""بارگذاری مجدد"" چه امکانی را فراهم می‌کند؟","این گزینه امکان بارگذاری مجدد فرم معرفی مرکز نگهداری را فراهم می کند."
"در سیستم انبار، ""نوع انبار"" به چه چیزی اطلاق می شود؟","به دسته‌بندی انبارها بر اساس کاربری، نوع کالاهای نگهداری شده یا سایر معیارها برای تخصیص کالاها به انبار اشاره دارد."
"اصلی ترین کاربرد ""نوع انبار"" چیست؟","از ""نوع انبار"" برای ایجاد ارتباط بین کالا و انبارهایی که برای نگهداری آن کالاها مجاز هستند، استفاده می شود."
"در یک ساختار چند شرکتی، ""نوع انبار"" چگونه باید تعریف شود؟","""نوع انبار"" از جمله اطلاعات پایه‌ای است که لازم است برای هر شرکت به صورت جداگانه و مستقل تعریف گردد."
"چه چیزی را می توان از لزوم تعریف مستقل ""نوع انبار"" برای هر شرکت استنباط کرد؟","می‌توان استنباط کرد که ""نوع انبار"" یک داده سراسری و مشترک بین شرکت‌ها نیست و هر شرکت می‌تواند ساختار و دسته‌بندی انبارهای منحصربه‌فرد خود را داشته باشد."
"برای مشاهده‌ی لیست انواع انبار از چه مسیری باید اقدام کرد؟","از منوی ماژول لجستیک، انبار و حسابداری انبار، اطلاعات پایه، نوع انبار را انتخاب نمایید."
"کدام ستون‌ها به صورت پیش‌فرض در فهرست نوع انبار نمایش داده می‌شوند؟","ستون های قابل نمایش در فهرست نوع انبار عبارتند از کد و عنوان."
"گزینه ""نام شرکت"" در بالای صفحه فهرست نوع انبار، در یک ساختار هلدینگ چه کاربردی دارد؟","در شرکت‌هایی که به صورت گروه یا هلدینگ می‌باشند، با استفاده از این گزینه می‌توان در صورت داشتن دسترسی، شرکت مورد نظر را انتخاب کرد تا لیستی از نوع انبار تعریف شده مختص آن شرکت را مشاهده کرد."
"کاربر در چه صورتی از گزینه ""مدیریت نماها"" استفاده می‌کند؟","در صورتی که کاربر نیاز داشته باشد، فیلدهای نمایش داده در فهرست، چیدمان ستون های فهرست و شرایط آن را برای نیاز خودش ذخیره نماید از گزینه مدیریت نماها استفاده می کند."
"گزینه ""تنظیمات"" چه امکاناتی را برای مدیریت نمایش فهرست ارائه می‌دهد؟","گزینه ""تنظیمات"" شامل انتخاب ستون ها، مرتب سازی، گروه بندی و تجمیع فیلترها برای نمایش فهرست می باشد."
"گزینه ""حذف"" در چه شرایطی فعال می‌شود و چه کاری انجام می‌دهد؟","در صورت انتخاب یکی از ردیف های فهرست، گزینه حذف فعال شده و می توان رکورد یا رکوردهای انتخاب شده را حذف نمود."
"کاربرد گزینه ""کپی لینک نما"" چیست؟","از این گزینه برای به اشتراک گذاری صفحه فهرست با فیلترهای جاری استفاده می شود."
"چه اقدامی باید پس از انتخاب یکی از ردیف‌ها در فهرست انجام داد تا بتوان آن را ویرایش کرد؟","با انتخاب یکی از موارد نمایش داده شده در فهرست، فرم مشاهده ردیف انتخابی نمایش داده شده و در صورت داشتن دسترسی می توان آنرا ویرایش نمود."
"با توجه به وجود گزینه‌هایی مانند ""مدیریت نماها""، ""تنظیمات""، ""فیلتر"" و ""جستجو""، چه چیزی میتوان در مورد قابلیت‌های صفحه فهرست نوع انبار استنباط کرد؟","می‌توان استنباط کرد که این صفحه قابلیت سفارشی‌سازی بسیار بالایی را برای هر کاربر فراهم می‌کند تا بتواند داده‌ها را بر اساس نیاز خود مشاهده، فیلتر و مدیریت کند و نماهای دلخواه خود را ذخیره نماید."
"برای تعریف نوع انبار در ماژول لجستیک چه مسیری را باید دنبال کرد؟","برای تعریف نوع انبار در ماژول لجستیک، از منوی انبار و حسابداری انبار، اطلاعات پایه، نوع انبار، باید گزینه معرفی نوع انبار (+) را انتخاب کرد."
"معرفی نوع انبار در ماژول لجستیک شامل تعریف چه مواردی است؟","معرفی نوع انبار در ماژول لجستیک شامل تعریف کد و عنوان است."
"گزینه 'ذخیره' در صفحه ایجاد نوع انبار جدید چه امکاناتی را فراهم می کند؟","گزینه 'ذخیره' امکان ""ذخیره"" و ""ذخیره و ایجاد"" نوع انبار جدید را فراهم می کند."
"کاربرد گزینه 'بارگذاری مجدد' در فرم معرفی نوع انبار چیست؟","این گزینه امکان بارگذاری مجدد فرم معرفی نوع انبار را فراهم می کند."
"گزینه 'سایر عملیات' در صفحه معرفی نوع انبار چه امکاناتی را ارائه می دهد؟","گزینه 'سایر عملیات' امکان ایجاد نوع انبار جدید و نمایش فهرست نوع انبار را فراهم می سازد."
"در سیستم انبار، انبار به چه مکانی اطلاق می شود؟","انبار به مکانی اطلاق می‌شود که برای نگهداری، ذخیره‌سازی و مدیریت کالاها در نظر گرفته می‌شود."
"انبارها چه نقشی در زنجیره تامین یک کسب‌وکار دارند؟","انبارها نقش مهمی در زنجیره تامین ایفا می‌کنند و به کسب‌وکارها کمک می‌کنند تا موجودی کالاهای خود را به طور کارآمد و بهینه مدیریت کنند."
"از منظر یک سیستم چندشرکتی، تعریف انبار چه خصوصیتی دارد؟","از منظر چندشرکتی، انبار از نوع اطلاعات پایه‌ای است که نیاز است برای هر شرکت به صورت جداگانه و مستقل تعریف گردد."
"چه شرطی برای نمایش لیست شرکت‌ها در لایسنس چندشرکتی وجود دارد و این موضوع چه مفهومی را القا می‌کند؟","در لایسنس چندشرکتی، لیست شرکت‌ها در صورت داشتن دسترسی نمایش داده می‌شود، که این موضوع نشان‌دهنده وجود سطوح دسترسی برای کاربران مختلف است."
"چه ستون هایی در صفحه ی فهرست انبار قابل نمایش هستند؟","ستون های قابل نمایش در فهرست انبار عبارتند از کد، عنوان، مرکز نگهداری، نوع انبار و وضعیت انبارها."
"چگونه می توان از طریق صفحه فهرست انبار، یک انبار جدید ایجاد کرد؟","با استفاده از گزینه 'جدید' که در بالای صفحه فهرست انبار قرار دارد، می توان انبار جدید تعریف کرد."
"گزینه آبشاری 'فهرست انبار' چه امکاناتی را برای مدیریت نماها فراهم می کند؟","این گزینه به کاربر اجازه می دهد تا نماهای تعریف شده در سیستم را مشاهده کرده، تنظیمات نما را ذخیره و آنها را مدیریت نماید."
"در یک ساختار شرکتی هلدینگ، گزینه 'نام شرکت' چه عملکردی دارد؟","در شرکت‌هایی که به صورت گروه یا هلدینگ هستند، با استفاده از این گزینه می‌توان در صورت داشتن دسترسی، شرکت مورد نظر را انتخاب کرد تا لیست انبارهای مختص آن شرکت را مشاهده نمود."
"گزینه 'تنظیمات' در فهرست انبار چه قابلیت هایی را برای سفارشی سازی نمایش فهرست ارائه می دهد؟","گزینه 'تنظیمات' شامل انتخاب ستون ها، مرتب سازی، گروه بندی و تجمیع فیلترها برای نمایش فهرست می باشد."
"گزینه 'حذف' در فهرست انبار تحت چه شرایطی فعال می شود و چه عملی انجام می دهد؟","در صورت انتخاب یکی از ردیف های فهرست، گزینه حذف فعال شده و می توان رکورد یا رکوردهای انتخاب شده را حذف نمود."
"با توجه به متن، چه عاملی مشاهده و ویرایش اطلاعات انبارها را محدود می کند؟","مشاهده لیست انبارهای یک شرکت خاص و همچنین ویرایش اطلاعات یک ردیف در فهرست، منوط به داشتن دسترسی کاربر است، که این موضوع نشان دهنده وجود کنترل دسترسی در سیستم است."
"چگونه یک کاربر می تواند یک نمای خاص از فهرست انبار با فیلترهای اعمال شده را با دیگران به اشتراک بگذارد؟","یک کاربر می تواند با استفاده از گزینه 'کپی لینک نما'، صفحه فهرست را با فیلترهای جاری به اشتراک بگذارد.""برای دسترسی به گزینه 'معرفی انبار' در ماژول لجستیک چه مسیری باید دنبال شود؟","برای دسترسی به این گزینه، باید از منوی انبار و حسابداری انبار، اطلاعات پایه، انبار، گزینه معرفی انبار (+) را انتخاب کرد."
"مراحل اصلی برای معرفی یک انبار جدید در ماژول لجستیک به ترتیب چیست؟","ابتدا کد و عنوان انبار تعریف شده، سپس مرکز نگهداری و نوع انبار به آن اختصاص داده می‌شود و در پایان، الگوهای سند مجاز برای استفاده در آن انبار انتخاب می‌گردد."
"بخش 'الگوهای مرتبط' در فرآیند تعریف انبار چه نقشی دارد؟","در قسمت 'الگوهای مرتبط'، الگوهای سند مجاز برای استفاده در انبار مورد نظر انتخاب می‌شوند."
"گزینه 'ذخیره' در صفحه ایجاد انبار جدید چه امکاناتی را فراهم می‌کند؟","این گزینه امکان 'ذخیره' و 'ذخیره و ایجاد' انبار جدید را فراهم می‌کند."
"دکمه 'سایر عملیات' در صفحه ایجاد انبار جدید چه توابعی را ارائه می‌دهد؟","این گزینه امکان ایجاد یک انبار جدید دیگر و همچنین نمایش فهرست انبارها را فراهم می‌سازد."
"از لزوم انتخاب 'الگوهای سند مجاز' برای هر انبار، چه چیزی در مورد مدیریت فرآیندهای انبارداری می توان استنباط کرد؟","انتخاب الگوهای سند مجاز برای هر انبار نشان می‌دهد که عملیات و اسناد قابل استفاده در هر انبار، مشخص و کنترل شده است، که این به استانداردسازی فرآیندها در انبارهای مختلف کمک می‌کند."
"در سیستم انبار، 'واحد سنجش' به چه چیزی اطلاق می شود؟","در سیستم انبار، واحد سنجش به واحدی گفته می‌شود که برای اندازه‌گیری و ثبت مقدار کالاها در انبار استفاده می‌شود."
"چه انواعی از واحدهای سنجش کالا را می توان تعریف کرد؟","می‌توان واحدهای سنجش کالا شامل واحدهای اصلی، فرعی و دوم را تعریف کرد."
"سه دلیل اصلی اهمیت انتخاب واحد سنجش مناسب برای کالاها چیست؟","انتخاب واحد سنجش مناسب به مدیریت دقیق موجودی کالا، جلوگیری از هدر رفتن کالا، و تعامل صحیح با تامین‌کنندگان و مشتریان کمک می‌کند."
"از دیدگاه یک سیستم چند شرکتی، واحد سنجش چگونه تعریف و توزیع می‌شود؟","واحد سنجش به عنوان اطلاعات پایه‌ای در نظر گرفته می‌شود که بخشی از آن به صورت مشترک برای شرکت‌ها تعریف شده و سپس به طور خودکار در همه شرکت‌ها گسترش می‌یابد."
"چرا واحد سنجش به صورت خودکار در همه شرکت‌ها در یک سیستم چند شرکتی گسترش داده می‌شود؟","زیرا واحد سنجش برای گسترش یافتن در شرکت‌ها نیازمند تکمیل اطلاعات دیگری نیست."
"از نحوه مدیریت 'واحد سنجش' در یک ساختار چند شرکتی چه چیزی می توان درباره طراحی سیستم استنباط کرد؟","اینکه واحد سنجش به صورت مشترک تعریف و خودکار توزیع می‌شود، نشان می‌دهد که سیستم برای داده‌های پایه‌ای و عمومی که نیاز به سفارشی‌سازی در هر شرکت ندارند، رویکردی متمرکز و یکپارچه را برای جلوگیری از تکرار و حفظ هماهنگی اتخاذ کرده است."
"چه ستون هایی در فهرست واحد سنجش قابل نمایش هستند؟","ستون های قابل نمایش در فهرست واحد سنجش عبارتند از: عنوان، عنوان به اختصار، بعد سنجش و وضعیت واحدهای سنجش."
"برای مشاهده لیست واحدهای سنجش از چه مسیری در منو باید اقدام کرد؟","برای مشاهده این لیست می توان از منوی ماژول لجستیک، انبار و حسابداری انبار، اطلاعات پایه، واحد سنجش را انتخاب نمود."
"گزینه 'مدیریت نماها' در فهرست واحد سنجش چه کاربردی دارد؟","کاربر می تواند با استفاده از گزینه 'مدیریت نماها'، فیلدهای نمایشی، چیدمان ستون ها و شرایط فهرست را برای نیازهای خود ذخیره نماید."
"گزینه 'تنظیمات' در صفحه فهرست واحد سنجش چه امکاناتی را برای سفارشی سازی نمایش فراهم می کند؟","گزینه 'تنظیمات' شامل انتخاب ستون ها، مرتب سازی، گروه بندی و تجمیع فیلترها برای نمایش فهرست می باشد."
"فرآیند حذف یک رکورد از فهرست واحد سنجش چگونه است؟","پس از انتخاب یکی از ردیف های فهرست، گزینه حذف فعال شده و با استفاده از آن می توان رکورد یا رکوردهای انتخاب شده را حذف نمود."
"با انتخاب یک ردیف در فهرست واحد سنجش چه عملیاتی قابل انجام است؟","با انتخاب یک ردیف، فرم مشاهده آن نمایش داده می شود و در صورت داشتن دسترسی، می توان آن را ویرایش کرد."
"از وجود گزینه هایی مانند 'مدیریت نماها' و 'کپی لینک نما' چه نتیجه ای در مورد طراحی رابط کاربری سیستم می توان گرفت؟","این گزینه ها نشان می دهند که سیستم هم برای سفارشی سازی فردی (ذخیره نماها برای خود کاربر) و هم برای به اشتراک گذاری اطلاعات و همکاری (ارسال لینک نمای فیلتر شده برای دیگران) طراحی شده است."
"چگونه یک کاربر می تواند یک نمای خاص از فهرست واحد سنجش با فیلترهای جاری را با دیگران به اشتراک بگذارد؟","کاربر می تواند از گزینه 'کپی لینک نما' برای به اشتراک گذاری صفحه فهرست با فیلترهای جاری استفاده کند."
"برای دسترسی به گزینه 'معرفی واحد سنجش' در ماژول لجستیک چه مسیری باید دنبال شود؟","برای تعریف واحد سنجش باید از منوی انبار و حسابداری انبار، اطلاعات پایه، واحد سنجش، گزینه معرفی واحد سنجش (+) را انتخاب کرد."
"برای معرفی یک واحد سنجش جدید در ماژول لجستیک چه اطلاعاتی باید تعریف شود؟","ابتدا باید عنوان واحد سنجش و عنوان به اختصار را تعریف کرده و سپس بعد سنجش را انتخاب نمود."
"ابعاد سنجش قابل انتخاب در سیستم کدامند؟","ابعاد سنجش در سیستم عبارتند از: وزن، حجم، متراژ، شمارشی، و زمان."
"گزینه 'ذخیره' و 'سایر عملیات' در صفحه ایجاد واحد سنجش جدید چه امکاناتی را فراهم می کنند؟","گزینه 'ذخیره' امکان 'ذخیره' و 'ذخیره و ایجاد' واحد سنجش جدید را فراهم می کند و گزینه 'سایر عملیات' امکان ایجاد واحد سنجش جدید و نمایش فهرست واحدهای سنجش را فراهم می سازد."
"کاربرد اصلی طبقه حساب کالا در سیستم انبار چیست؟","از طبقه حساب کالا برای تعیین روش قیمت گذاری ها در سیستم انبار استفاده می شود."
"در یک ساختار چند شرکتی، طبقه حساب کالا چگونه مدیریت می شود؟","به عنوان اطلاعات پایه ای در نظر گرفته می شود که نیاز است برای هر شرکت به صورت جداگانه و مستقل تعریف گردد."
"چه شرطی برای نمایش لیست شرکت ها در لایسنس چندشرکتی هنگام کار با طبقه حساب کالا وجود دارد؟","کاربر باید به بخش انتخاب شرکت دسترسی داشته باشد تا لیست شرکت ها نمایش داده شود."
"چه ستون هایی در فهرست طبقه حساب قابل نمایش هستند؟","ستون های قابل نمایش در فهرست طبقه حساب عبارتند از کد، عنوان، روش قیمت گذاری، و وضعیت."
"چگونه می توان به صفحه ی فهرست طبقه حساب در سیستم دسترسی پیدا کرد؟","برای مشاهده­ ی لیست طبقه حساب می­ توان از منوی ماژول لجستیک، انبار و حسابداری انبار، اطلاعات پایه، طبقه حساب را انتخاب نمایید."
"کاربرد گزینه ""جدید"" در صفحه فهرست طبقه حساب چیست؟","با استفاده از گزینه ""جدید"" می توان طبقه حساب جدید تعریف کرد."
"گزینه ""نام شرکت"" در بالای صفحه فهرست طبقه حساب چه کاربردی دارد؟","در شرکت های گروه یا هلدینگ، با استفاده از این گزینه می توان در صورت داشتن دسترسی، شرکت مورد نظر را انتخاب کرد تا لیستی از طبقه حساب تعریف شده مختص آن شرکت مشاهده شود."
"گزینه ""تنظیمات"" در صفحه فهرست طبقه حساب شامل چه مواردی است؟","گزینه ""تنظیمات"" شامل انتخاب ستون ها، مرتب سازی، گروه بندی و تجمیع فیلترها برای نمایش فهرست می باشد."
"چه زمانی گزینه ""حذف"" در فهرست طبقه حساب فعال می شود؟","در صورت انتخاب یکی از ردیف های فهرست، گزینه حذف فعال می گردد."
"یک کاربر چگونه می تواند نمای دلخواه خود از فهرست طبقه حساب (شامل فیلدها و چیدمان ستون‌ها) را برای استفاده های بعدی ذخیره کند؟","کاربر می تواند از گزینه ""مدیریت نماها"" که در منوی آبشاری ""فهرست طبقه حساب"" قرار دارد، برای ذخیره کردن فیلدهای نمایش، چیدمان ستون‌ها و شرایط آن برای نیاز خودش استفاده نماید."
"پس از انتخاب یک مورد از فهرست طبقه حساب چه اتفاقی می افتد و امکان ویرایش آن به چه چیزی بستگی دارد؟","با انتخاب یکی از موارد، فرم مشاهده ردیف انتخابی نمایش داده می شود و در صورت داشتن دسترسی می توان آن را ویرایش نمود."
"برای معرفی طبقه حساب در ماژول لجستیک چه اطلاعاتی در ابتدا باید انتخاب شود؟","ابتدا کد، عنوان و روش قیمت گذاری طبقه حساب انتخاب می شود."
"انواع روش های قیمت گذاری که هنگام تعریف طبقه حساب می توان انتخاب کرد کدامند؟","انواع روش های قیمت گذاری عبارتند از میانگین، فایفو، و شناسایی ویژه."
"گزینه ""ذخیره"" در صفحه ی ایجاد طبقه حساب جدید چه امکاناتی را فراهم می کند؟","این گزینه امکان ""ذخیره"" و ""ذخیره و ایجاد"" طبقه حساب جدید را فراهم می کند."
"گزینه ""سایر عملیات"" در صفحه ایجاد طبقه حساب جدید چه امکاناتی را ارائه می دهد؟","این گزینه امکان ایجاد طبقه حساب جدید و نمایش فهرست طبقه حساب را فراهم می سازد."
"مسیر دقیق برای دسترسی به گزینه ""معرفی طبقه حساب"" در ماژول لجستیک چیست؟","از منو انبار و حسابداری انبار در ماژول لجستیک، بخش اطلاعات پایه، گزینه واحد سنجش و سپس گزینه معرفی طبقه حساب (+) را انتخاب نمایید."
"کاربرد اصلی ویژگی های کالا در سیستم انبار چیست؟","از ویژگی های کالا برای تعریف مشخصات کالاها استفاده می شود."
"تعریف ویژگی ها در چه بخش هایی از سیستم مورد استفاده قرار می گیرد؟","تعریف ویژگی ها در زمان جستجو، تعریف کالا و مشاهده گزارش ها مورد استفاده قرار می گیرد."
"از منظر چندشرکتی، اطلاعات مربوط به ویژگی ها چگونه باید تعریف و مدیریت شوند؟","از منظر چندشرکتی، ویژگی از نوع اطلاعات پایه ای است که نیاز است بخشی از آن به صورت مشترک برای شرکتها تعریف شود و در صورت نیاز به شرکتها گسترش یابد."
"در یک لایسنس چند شرکتی، سه گزینه موجود در بخش انتخاب شرکت برای تعریف ویژگی ها کدامند؟","شرکت: برای تعریف بخش اطلاعات مشترک و گسترش در شرکت انتخابی به صورت همزمان، مشترک: برای تعریف بخش اطلاعات مشترک یک ویژگی، و گسترش در شرکت: برای گسترش یک ویژگی که به صورت مشترک تعریف شده است."
"تفاوت بین گزینه ""شرکت"" و گزینه ""گسترش در شرکت"" هنگام تعریف ویژگی چیست؟","گزینه ""شرکت"" اطلاعات مشترک را تعریف کرده و به صورت همزمان آن را به شرکت انتخابی گسترش می دهد، در حالی که گزینه ""گسترش در شرکت"" یک ویژگی که قبلا به صورت مشترک تعریف شده را به شرکت مورد نظر گسترش می دهد."
"چه ستون هایی در صفحه ی فهرست ویژگی قابل نمایش هستند؟","ستون های قابل نمایش در فهرست ویژگی عبارتند از کد، عنوان، نوع، و دارای مقادیر ثابت."
"چگونه می توان یک ویژگی جدید از طریق صفحه فهرست ویژگی تعریف کرد؟","با استفاده از گزینه ""جدید"" می توان ویژگی جدید تعریف کرد."
"مسیر دسترسی به فهرست ویژگی در سیستم چیست؟","برای مشاهده­ ی لیست ویژگی می­ توان از منوی ماژول لجستیک، انبار و حسابداری انبار، اطلاعات پایه، ویژگی را انتخاب نمایید."
"در یک ساختار چندشرکتی، سه گزینه ای که در بخش ""نام شرکت"" به کاربر نمایش داده می شود را نام ببرید.","سه گزینه شامل شرکت، مشترک، و گسترش در شرکت می باشد."
"گزینه ""شرکت"" در بخش نام شرکت چه عملکردی دارد؟","این گزینه برای تعریف و مشاهده بخش اطلاعات مشترک و گسترش آن در شرکت انتخابی به صورت همزمان استفاده می شود."
"چه زمانی گزینه ""حذف"" در فهرست ویژگی فعال می شود و چه کاری انجام می دهد؟","در صورت انتخاب یکی از ردیف های فهرست، گزینه حذف فعال شده و می توان رکورد یا رکوردهای انتخاب شده را حذف نمود."
"تفاوت عملکردی بین گزینه ""مشترک"" و ""گسترش در شرکت"" هنگام کار با ویژگی ها چیست؟","گزینه ""مشترک"" برای تعریف و مشاهده بخش اطلاعات مشترک به تنهایی است، در حالی که گزینه ""گسترش در شرکت"" برای تعریف و مشاهده بخش اطلاعاتی است که در شرکت انتخابی گسترش یافته است."
"بر اساس متن، اگر یک ویژگی فقط به صورت ""مشترک"" تعریف شود، چه مرحله ی اضافی برای استفاده از آن در یک شرکت خاص لازم است؟","ویژگی که به صورت مشترک تعریف شده، به منظور استفاده در یک شرکت، نیاز است که در آن شرکت گسترش یابد."
"هنگام معرفی یک ویژگی جدید، چه انواعی برای آن می توان انتخاب کرد؟","انواع ویژگی شامل مقادیر تاریخ، حرفی و عددی است."
"گزینه ""سایر عملیات"" در صفحه ایجاد ویژگی جدید چه امکاناتی را فراهم می کند؟","این گزینه امکان ایجاد ویژگی جدید و نمایش فهرست ویژگی را فراهم می سازد."
"در صورتی که یک ویژگی دارای مقادیر ثابت باشد، چه اطلاعاتی باید برای آن تکمیل گردد؟","در صورتی که ویژگی دارای مقادیر ثابت باشد، از این گزینه استفاده شده و مقادیر ثابت در جدول پایین آن با فیلدهای کد و عنوان مقادیر تکمیل می گردد."
"در یک ساختار چند شرکتی، سه گزینه ای که در بخش ""نام شرکت"" هنگام تعریف ویژگی نمایش داده می شود کدامند؟","سه گزینه عبارتند از: شرکت (به معنای تعریف و مشاهده بخش اطلاعات مشترک و گسترش همزمان)، مشترک (به معنای تعریف و مشاهده بخش اطلاعات مشترک به تنهایی)، و گسترش در شرکت (به منظور تعریف و مشاهده بخش اطلاعات گسترش یافته)."
"تفاوت بین گزینه ""شرکت"" و ""مشترک"" هنگام تعریف یک ویژگی در چیست؟","گزینه ""مشترک"" فقط بخش اطلاعات مشترک را تعریف می کند که بعدا نیاز به گسترش دارد، در حالی که گزینه ""شرکت"" بخش اطلاعات مشترک را تعریف کرده و به صورت همزمان آن را در شرکت انتخابی گسترش می دهد."
"ذخیره کردن یک ویژگی به صورت ""مشترک"" چه پیامدی در ساختار چند شرکتی دارد؟","با ذخیره یک ویژگی مشترک، این ویژگی در اختیار همه شرکتها برای گسترش و استفاده قرار میگیرد."
"امکان گسترش یک ویژگی مشترک در یک شرکت مقصد به چه شرطی وابسته است؟","در صورتی که تاکنون این ویژگی در شرکت مقصد گسترش نیافته باشد، امکان گسترش آن در شرکت وجود دارد."
"هنگام معرفی یک ویژگی جدید، چه انواعی برای آن می توان انتخاب کرد؟","انواع ویژگی دارای مقادیر تاریخ، حرفی و عددی است."
"گزینه ""سایر عملیات"" در صفحه ایجاد ویژگی جدید چه امکاناتی را فراهم می کند؟","این گزینه امکان ایجاد ویژگی جدید و نمایش فهرست ویژگی را فراهم می سازد."
"مسیر دقیق منو برای دسترسی به گزینه ""معرفی ویژگی"" چیست؟","برای تعریف ویژگی در ماژول لجستیک، از منو انبار و حسابداری انبار، اطلاعات پایه، ویژگی، گزینه معرفی ویژگی (+) را انتخاب نمایید."
"اگر یک ویژگی دارای ""مقادیر ثابت"" باشد، چه اطلاعاتی باید در جدول مربوطه وارد شود؟","در صورتی که ویژگی دارای مقادیر ثابت باشد، از این گزینه استفاده شده و مقادیر ثابت در جدول پایین آن با فیلدهای کد و عنوان مقادیر تکمیل می گردد."
"در یک ساختار چند شرکتی، سه گزینه موجود در بخش ""نام شرکت"" برای تعریف ویژگی کدامند و هرکدام به چه معناست؟","گزینه ها عبارتند از: شرکت (به معنای تعریف و مشاهده بخش اطلاعات مشترک و گسترش در شرکت انتخابی به صورت همزمان)، مشترک (به معنای تعریف و مشاهده بخش اطلاعات مشترک به تنهایی)، و گسترش در شرکت (به منظور تعریف و مشاهده بخش اطلاعات گسترش یافته در شرکت انتخابی)."
"ذخیره کردن یک ویژگی به صورت ""مشترک"" چه چیزی را برای سایر شرکت‌ها امکان‌پذیر می‌سازد؟","با ذخیره یک ویژگی مشترک این ویژگی در اختیار همه شرکتها برای گسترش و استفاده قرار میگیرد."
"بر اساس متن، چه پیش‌شرطی برای گسترش یک ویژگی مشترک به یک شرکت خاص وجود دارد؟","در صورتی که تاکنون این ویژگی در شرکت مقصد گسترش نیافته باشد، امکان گسترش آن در شرکت وجود دارد."
"چگونه می‌توان به صفحه تعریف ویژگی در ماژول لجستیک دسترسی پیدا کرد؟","برای تعریف ویژگی در ماژول لجستیک، از منوی انبار و حسابداری انبار، اطلاعات پایه، ویژگی، گزینه معرفی ویژگی (+) انتخاب می‌شود."
"چه انواعی برای یک ویژگی می‌توان تعریف کرد؟","نوع ویژگی می‌تواند مقادیری چون تاریخ، حرفی و عددی داشته باشد."
"برای معرفی اولیه یک ویژگی جدید چه اطلاعاتی باید وارد شود؟","برای معرفی ویژگی در ماژول لجستیک ابتدا کد، عنوان و نوع ویژگی انتخاب می شود."
"در صفحه ایجاد ویژگی جدید، سه گزینه نمایش داده شده برای نام شرکت چه کاربردهایی دارند؟","شرکت: برای تعریف و مشاهده همزمان اطلاعات مشترک و گسترش یافته در شرکت. مشترک: برای تعریف و مشاهده اطلاعات مشترک به تنهایی که برای استفاده در شرکت نیاز به گسترش دارد. گسترش در شرکت: برای تعریف و مشاهده اطلاعاتی که در شرکت انتخابی گسترش یافته است."
"چگونه یک ویژگی با مقادیر ثابت تعریف می‌شود؟","ابتدا گزینه 'دارای مقادیر ثابت' انتخاب شده و سپس مقادیر ثابت در جدول پایین آن با فیلدهای کد و عنوان مقادیر تکمیل می‌گردد."
"گزینه 'سایر عملیات' در صفحه ایجاد ویژگی جدید چه امکاناتی را فراهم می‌کند؟","این گزینه امکان ایجاد یک ویژگی جدید دیگر و نمایش فهرست ویژگی‌ها را فراهم می‌سازد."
"ذخیره کردن یک ویژگی به صورت 'مشترک' چه پیامدی دارد؟","با ذخیره یک ویژگی به صورت مشترک، این ویژگی در اختیار همه شرکت‌ها برای گسترش و استفاده قرار می‌گیرد و اگر تاکنون در شرکتی گسترش نیافته باشد، امکان گسترش آن وجود دارد."
"در سیستم انبار، کاربرد اصلی بخش 'معرفی کالا' چیست؟","از معرفی کالا برای تعریف همه مشخصات کالاها استفاده می شود و همه کالاهایی که در یک شرکت مورد استفاده قرار میگیرند لازم است در این سیستم تعریف گردند."
"کدام واحد سازمانی مسئولیت اصلی معرفی کالاها را بر عهده دارد و با چه واحدهای دیگری مشارکت می‌کند؟","معرفی کالاها در یک سازمان جزء مهم‌ترین رسالت‌های واحد انبار است که عموما با مشارکت سایر واحدها (نظیر تحقیق و توسعه، فنی مهندسی، تولید و غیره) صورت می‌گیرد."
"از منظر چند شرکتی، اطلاعات کالا چگونه ساختاربندی می‌شود؟","از منظر چندشرکتی، کالا از نوع اطلاعات پایه ای است که نیاز است بخشی از آن به صورت مشترک برای شرکتها تعریف شود و در صورت نیاز به شرکتها گسترش یابد."
"سه گزینه موجود در بخش انتخاب شرکت برای تعریف کالا در لایسنس چند شرکتی کدامند و چه کاربردی دارند؟","شرکت: برای تعریف بخش اطلاعات مشترک و گسترش در شرکت انتخابی به صورت همزمان. مشترک: برای تعریف بخش اطلاعات مشترک یک کالا. گسترش در شرکت: برای گسترش یک کالا که به صورت مشترک تعریف شده است."
"فرآیند گسترش یک کالای مشترک به یک شرکت خاص چگونه است؟","یک کالا مشترک انتخاب شده، و پس از افزودن سایر اطلاعات مورد نیاز برای استفاده در شرکت انتخابی، در آن گسترش می یابد."
"چه تفاوتی بین استفاده از گزینه 'مشترک' و گزینه 'شرکت' هنگام تعریف یک کالا وجود دارد؟","گزینه 'مشترک' فقط برای تعریف اطلاعات پایه و مشترک کالا به کار می‌رود، در حالی که گزینه 'شرکت' به کاربر اجازه می‌دهد تا اطلاعات مشترک و اطلاعات اختصاصی شرکت را به صورت همزمان تعریف کند."
"برای مشاهده فهرست کامل کالاها در سیستم از چه مسیری باید اقدام کرد؟","برای مشاهده‌ی لیست کالا می‌توان از منوی ماژول لجستیک، انبار و حسابداری انبار، اطلاعات پایه، کالا را انتخاب نمود."
"چه ستون‌هایی به عنوان نمونه در فهرست کالا قابل نمایش هستند؟","نمونه ستون‌های قابل نمایش در فهرست کالا عبارتند از کد، عنوان، واحد سنجش اصلی، شناسه مالیاتی و گروه مالیاتی."
"کاربرد گزینه 'مدیریت نماها' در صفحه فهرست کالا چیست؟","اگر کاربر نیاز داشته باشد فیلدهای نمایش داده شده در فهرست، چیدمان ستون‌های فهرست و شرایط آن را برای نیاز خودش ذخیره نماید، از گزینه مدیریت نماها استفاده می‌کند."
"در یک ساختار هلدینگ، چگونه می‌توان لیست کالاهای تعریف شده برای یک شرکت خاص را مشاهده کرد؟","در بالای صفحه گزینه 'نام شرکت' وجود دارد که با استفاده از آن می‌توان در صورت داشتن دسترسی، شرکت مورد نظر را انتخاب کرد تا لیست کالاهای مختص آن شرکت نمایش داده شود."
"گزینه 'تنظیمات' در بالای صفحه فهرست کالا چه امکاناتی را برای سفارشی‌سازی نمایش فهرست ارائه می‌دهد؟","گزینه 'تنظیمات' شامل انتخاب ستون‌ها، مرتب‌سازی، گروه‌بندی و تجمیع فیلترها برای نمایش فهرست می‌باشد."
"یک کاربر چگونه می‌تواند یک نمای خاص از فهرست کالا با فیلترهای اعمال شده را با دیگران به اشتراک بگذارد؟","از گزینه 'کپی لینک نما' برای به اشتراک‌گذاری صفحه فهرست با فیلترهای جاری استفاده می‌شود."
"فرآیند حذف یک یا چند کالا از فهرست چگونه است؟","در صورت انتخاب یکی از ردیف‌های فهرست، گزینه حذف فعال شده و می‌توان رکورد یا رکوردهای انتخاب شده را حذف نمود."
"چه تفاوت عملکردی بین دکمه 'فیلتر' و بخش 'جستجو و فیلتر' وجود دارد؟","دکمه 'فیلتر' برای نمایش یا عدم نمایش بخش جستجو استفاده می‌شود، در حالی که بخش 'جستجو و فیلتر' جایی است که کاربر ستون‌های مورد نظر برای جستجو و فیلتر کردن داده‌ها را انتخاب می‌کند."
"برای تعریف یک کالای جدید در سیستم، چه مسیری باید دنبال شود؟","برای تعریف کالا در ماژول لجستیک، از منوی انبار و حسابداری انبار، اطلاعات پایه، کالا، گزینه معرفی (+) را انتخاب نمایید."
"هنگام تعریف کالا، فیلد 'نوع کارکرد کالا' چه مقادیری را می‌تواند بپذیرد و انتخاب آن چه تأثیری دارد؟","نوع کارکرد کالا از بین مقادیر خریدنی، ساختنی، قابل فروش، و غیرموجودی انتخاب می‌شود. با انتخاب آن، در اسناد انبار فقط کالاهایی قابل نمایش هستند که نوع کارکردشان با الگوی سند برابر باشد."
"هدف از تعریف 'ویژگی‌های ذاتی' برای یک کالا در سطح 'کالای مشترک' چیست؟","این ویژگی‌ها برای کوتاه‌کردن عنوان کالا و همچنین امکان جستجو بر روی آن‌ها در فیلدهای جداگانه تعریف می‌شوند."
"در تب 'ویژگی'، چه پارامترهایی را می‌توان برای یک ویژگی کالا مشخص کرد؟","می‌توان نحوه مقداردهی، عامل کنترل موجودی، مقدار، اجباری بودن در سند، حداقل و حداکثر مقدار را برای یک ویژگی تعیین کرد."
"تفاوت اصلی بین تعریف کالا با گزینه 'شرکت' و گزینه 'مشترک' چیست؟","گزینه 'مشترک' فقط برای تکمیل فیلدهای مشترک کالا استفاده می‌شود، در حالی که گزینه 'شرکت' به کاربر اجازه می‌دهد تا به صورت همزمان فیلدهای کالای مشترک و اطلاعات گسترش در شرکت را تکمیل نماید."
"تعیین 'واحد سنجش دوم' برای یک کالا چه پیامدهایی در سیستم دارد؟","واحد سنجش دوم واحدی است که در صورت انتخاب، لازم است در همه اسناد انبار آن کالا مقداردهی گردد. همچنین، نمایش کاردکس و کنترل موجودی برای این واحد نیز در سیستم انجام می‌شود."
"نقش 'طبقه حساب' در تعریف کالا چیست؟","به منظور تعیین روش قیمت‌گذاری و همچنین معین مناسب کالا، لازم است طبقه حساب مناسب به کالا اختصاص یابد."
"هنگام 'گسترش در شرکت'، کدام بخش از اطلاعات کالا غیرقابل ویرایش است و چرا؟","کد، عنوان، واحد سنجش اصلی و ویژگی‌های سطح کالا غیرقابل ویرایش هستند، زیرا این تعاریف در بخش مشترک انجام شده‌اند."
"چگونه سیستم اطمینان حاصل می‌کند که یک کالا فقط در انبارهای مجاز خود گردش دارد؟","در تب 'نوع انبار'، لیست انواع انبارهایی که کالا می‌تواند در آن‌ها گردش داشته باشد انتخاب می‌گردد و در زمان ثبت اسناد ورودی، تنها کالاهایی نمایش داده می‌شوند که با انبار انتخابی دارای یک نوع باشند."
"در فرآیند 'گسترش در شرکت'، وضعیت ویژگی‌های تعریف شده در سطح کالای مشترک چگونه است و چه ویژگی‌های جدیدی می‌توان اضافه کرد؟","ویژگی‌های تعریف شده در سطح کالای مشترک قابل تغییر نبوده و صرفاً نمایش داده می‌شوند، اما ویژگی‌های مربوط به سند و عامل کنترل موجودی می‌توانند در این بخش وارد شوند."
"در سیستم انبار، کاربرد اصلی تعریف 'اجزا کالا' چیست؟","از اجزا کالا برای تعیین اقلام تشکیل دهنده یک کالا استفاده می شود."
"تعریف اجزا برای یک کالا، پشتیبانی از کدام دو عملیات اصلی در انبار را ممکن می‌سازد؟","این تعریف برای کالاهایی که قابلیت تفکیک یا دمونتاژ دارند و همچنین کالاهایی که قابلیت ترکیب یا مونتاژ در انبار را دارند، استفاده می‌شود."
"چگونه اطلاعات 'اجزا کالا' در یک محیط چندشرکتی مدیریت می‌شود؟","اجزا کالا از نوع اطلاعات پایه‌ای است که نیاز است برای هر شرکت به صورت جداگانه و مستقل تعریف گردد."
"چه شرطی برای استفاده از لیست اجزای یک کالا در 'عملیات تبدیلی' وجود دارد؟","باید اجزا و مقدار کالاهای تشکیل دهنده به عنوان یک فرمول برای کالا ثبت شده باشد تا بتوان از آن در عملیات تبدیلی استفاده کرد."
"برای مشاهده لیست اجزا کالا از کدام مسیر در سیستم باید اقدام کرد؟","می‌توان از منوی ماژول لجستیک، انبار و حسابداری انبار، اطلاعات پایه، اجزا کالا را انتخاب نمود."
"چه ستون‌هایی در فهرست اجزا کالا قابل نمایش هستند؟","ستون‌های قابل نمایش در فهرست اجزا کالا عبارتند از عنوان، کد کالا، عنوان کالا، واحد سنجش، توضیحات و وضعیت."
"گزینه 'مدیریت نماها' در صفحه فهرست اجزا کالا چه کاربردی برای کاربر دارد؟","در صورتی که کاربر نیاز داشته باشد فیلدهای نمایش داده شده در فهرست، چیدمان ستون‌های فهرست و شرایط آن را برای نیاز خودش ذخیره نماید، از گزینه مدیریت نماها استفاده می‌کند."
"چگونه می‌توان لیست اجزا کالا تعریف شده برای یک شرکت خاص در یک گروه هلدینگ را مشاهده کرد؟","با استفاده از گزینه 'نام شرکت'، در صورت داشتن دسترسی، می‌توان شرکت مورد نظر را انتخاب کرد تا لیست اجزا کالا مختص آن شرکت مشاهده شود."
"دکمه 'تنظیمات' چه امکاناتی برای سفارشی‌سازی فهرست ارائه می‌دهد؟","گزینه 'تنظیمات' شامل انتخاب ستون‌ها، مرتب‌سازی، گروه‌بندی و تجمیع فیلترها برای نمایش فهرست می‌باشد."
"پس از انتخاب یکی از ردیف‌ها در فهرست اجزا کالا، چه اقداماتی می‌توان روی آن انجام داد؟","با انتخاب یک ردیف، فرم مشاهده آن نمایش داده می‌شود و در صورت دسترسی می‌توان آن را ویرایش کرد. همچنین، با انتخاب ردیف، گزینه حذف فعال شده و می‌توان آن را حذف نمود."
"چگونه می‌توان یک نمای فیلتر شده خاص از فهرست را با دیگران به اشتراک گذاشت؟","از گزینه 'کپی لینک نما' برای به اشتراک‌گذاری صفحه فهرست با فیلترهای جاری استفاده می‌شود."
"برای دسترسی به صفحه تعریف اجزا کالا از چه مسیری باید اقدام کرد؟","برای تعریف اجزا کالا در ماژول لجستیک، از منو انبار و حسابداری انبار، اطلاعات پایه، اجزا کالا ، گزینه معرفی اجزا کالا (+) را انتخاب نمایید."
"اولین قدم برای معرفی اجزا یک کالا چیست و این بخش به عنوان چه چیزی در نظر گرفته می‌شود؟","ابتدا عنوانی برای اجزای کالا انتخاب می شود که به عنوان فرمول در نظر گرفته می شود."
"پس از تعیین عنوان فرمول، چه اطلاعاتی مربوط به کالای اصلی باید انتخاب شود؟","کالا و مقداری از آن کالا که لازم است برای آن فرمول اجزای تشکیل دهنده تعریف شود انتخاب می شود و در صورت نیاز توضیحات فرمول نیز وارد می‌گردد."
"در بخش 'کالای تشکیل دهنده'، چه جزئیاتی برای هر قلم کالا وارد می‌شود؟","کد، عنوان و مقدار کالاهای تشکیل دهنده و در صورت نیاز مقدار کالا به واحد دوم نیز وارد می شود."
"گزینه 'کپی' در صفحه ایجاد اجزا کالا چه کاربردی دارد؟","امکان کپی از فرمول انتخابی و تغییر اطلاعات آن جهت تسهیل کاربری نیز وجود دارد."
"چه تفاوتی بین عملکرد دکمه 'ذخیره' و گزینه 'سایر عملیات' وجود دارد؟","دکمه 'ذخیره' امکان 'ذخیره' و 'ذخیره و ایجاد' اجزا کالا جدید را فراهم می‌کند، در حالی که 'سایر عملیات' امکان ایجاد یک اجزا کالای جدید دیگر و همچنین نمایش فهرست کلی اجزا کالا را فراهم می‌سازد."
"در سیستم انبار، 'گروهبندی های کالا مشترک/خدمت مشترک' چه کاربردی دارد؟","از گروهبندی های کالا مشترک/خدمت مشترک برای تعریف گروه های کالا و گروه های خدمات استفاده می شود."
"گروهبندی کالا و خدمات برای چه منظوری تعریف می شود؟","گروهبندی کالا و خدمات با اهداف متفاوتی می تواند تعریف شود."
"گروه بندی های تعریف شده برای کالا و خدمات در کجا مورد استفاده قرار می گیرند؟","این گروهبندی ها در ماژول های مختلف مورد استفاده قرار می گیرند."
"در سیستم انبار، 'گروهبندی های کالا مشترک / خدمت مشترک' برای چه منظوری استفاده می‌شود؟","برای تعریف گروه‌های کالا و گروه‌های خدمات استفاده می‌شود."
"گروه‌بندی‌های تعریف شده برای کالا و خدمات در کجا قابل استفاده هستند؟","این گروه‌بندی‌ها می‌توانند در ماژول‌های مختلف مورد استفاده قرار گیرند."
"دلایل تعریف گروه‌بندی کالا و خدمات چیست؟","گروه‌بندی کالا و خدمات می‌تواند با اهداف متفاوتی تعریف شود."
"چگونه می توان به فهرست گروهبندی های کالا مشترک/خدمت مشترک دسترسی پیدا کرد؟","برای دسترسی به این فهرست، باید از منوی ماژول لجستیک، انبار و حسابداری انبار، گزینه اطلاعات پایه و سپس گروهبندی های کالا/خدمت را انتخاب نمود."
"چه ستون هایی به صورت پیش فرض در فهرست گروهبندی های کالا/خدمت نمایش داده می شوند؟","ستون های قابل نمایش در این فهرست عبارتند از: عنوان و تفصیل پذیر."
"کاربرد گزینه 'جدید' در صفحه ی فهرست گروهبندی های کالا/خدمت چیست؟","با استفاده از گزینه 'جدید' می توان گروهبندی های کالا مشترک/خدمت مشترک جدید در سیستم تعریف کرد."
"در شرکت هایی که به صورت هلدینگ هستند، چگونه می توان گروهبندی های مربوط به یک شرکت خاص را مشاهده کرد؟","از طریق گزینه 'نام شرکت'، کاربر در صورت داشتن دسترسی می تواند شرکت مورد نظر خود را انتخاب کند تا لیست گروهبندی های کالا/خدمت مختص آن شرکت را مشاهده نماید."
"گزینه 'تنظیمات' در صفحه فهرست چه امکاناتی را برای کاربر فراهم می کند؟","گزینه 'تنظیمات' شامل امکان انتخاب ستون ها، مرتب سازی، گروه بندی و تجمیع فیلترها برای نحوه نمایش فهرست می باشد."
"برای به اشتراک گذاری نمای فعلی فهرست همراه با فیلترهای اعمال شده از کدام گزینه باید استفاده کرد؟","از گزینه 'کپی لینک نما' برای به اشتراک گذاری صفحه فهرست با فیلترهای جاری استفاده می شود."
"چه اقدامی برای فعال شدن گزینه 'حذف' لازم است و این گزینه چه عملی انجام می دهد؟","گزینه 'حذف' پس از انتخاب یک یا چند ردیف از فهرست فعال می شود و امکان حذف رکوردهای انتخاب شده را فراهم می کند."
"با توجه به گزینه های 'مدیریت نماها' و 'تنظیمات'، چه چیزی می توان در مورد قابلیت شخصی سازی این صفحه استنباط کرد؟","می توان استنباط کرد که کاربر کنترل کاملی بر روی نحوه نمایش اطلاعات دارد و می تواند فیلدهای نمایشی، چیدمان ستون ها و شرایط فیلتر را بر اساس نیازهای خود ذخیره و مدیریت کند."
"در سیستم انبار از چه چیزی برای تعریف گروه های کالا و خدمات استفاده می شود؟","در سیستم انبار، از گروهبندی های کالا مشترک/خدمت مشترک برای تعریف گروه های کالا و خدمات استفاده می شود."
"گروهبندی کالا و خدمات با چه اهدافی تعریف می شود و در کجا مورد استفاده قرار می گیرد؟","گروهبندی کالا و خدمات با اهداف متفاوتی می تواند تعریف شود و در ماژول های مختلف مورد استفاده قرار گیرد."
"چه چیزی می توان از قابلیت تعریف گروهبندی کالا و خدمات برای اهداف متفاوت و استفاده در ماژول های مختلف استنباط کرد؟","می توان استنباط کرد که این گروهبندی ها ساختاری انعطاف پذیر دارند و به یک منظور یا یک بخش خاص از سیستم محدود نمی شوند."
"چگونه می توان به فهرست گروهبندی های کالا/خدمت دسترسی پیدا کرد؟","برای مشاهده ی لیست گروهبندی های کالا/خدمت می توان از منوی ماژول لجستیک، انبار و حسابداری انبار، اطلاعات پایه، گروهبندی های کالا/خدمت را انتخاب نمود."
"چه ستون هایی در فهرست گروهبندی های کالا/خدمت قابل نمایش هستند؟","ستون های قابل نمایش در فهرست گروهبندی های کالا/خدمت عبارتند از عنوان و تفصیل پذیر."
"کاربرد گزینه ی ""فیلتر"" در بالای صفحه فهرست گروهبندی های کالا/خدمت چیست؟","گزینه ی ""فیلتر"" به منظور نمایش یا عدم نمایش بخش جستجو و فیلتر مورد استفاده قرار می گیرد."
"گزینه ""تنظیمات"" در صفحه فهرست گروهبندی های کالا/خدمت شامل چه مواردی است؟","گزینه ""تنظیمات"" شامل انتخاب ستون ها، مرتب سازی، گروه بندی و تجمیع فیلترها برای نمایش فهرست می باشد."
"هدف از وجود گزینه ""نام شرکت"" در شرکت هایی که به صورت گروه یا هلدینگ هستند چیست؟","این گزینه به کاربر امکان می دهد تا در صورت داشتن دسترسی، شرکت مورد نظر خود را انتخاب کرده و لیستی از گروهبندی های کالا/خدمت تعریف شده مختص آن شرکت را مشاهده کند."
"گزینه ""مدیریت نماها"" چه زمانی و برای چه منظوری استفاده می شود؟","در صورتی که کاربر نیاز داشته باشد فیلدهای نمایش داده شده در فهرست، چیدمان ستون های فهرست و شرایط آن را برای نیازهای خودش ذخیره نماید، از گزینه مدیریت نماها استفاده می کند."
"چه اتفاقی پس از انتخاب یکی از موارد نمایش داده شده در فهرست رخ می دهد؟","با انتخاب یکی از موارد، فرم مشاهده ردیف انتخابی نمایش داده شده و در صورت داشتن دسترسی می توان آن را ویرایش نمود."
"کاربرد گزینه ""کپی لینک نما"" در صفحه فهرست چیست؟","از این گزینه برای به اشتراک گذاری صفحه فهرست با فیلترهای جاری استفاده می شود."
"چگونه می توان مراحل تعریف گروهبندی های کالا/خدمت را آغاز کرد؟","برای تعریف طبقه حساب در ماژول لجستیک، از منو انبار و حسابداری انبار، اطلاعات پایه، واحد سنجش، گزینه معرفی گروهبندی های کالا/خدمت (+) را انتخاب نمایید."
"در هنگام معرفی گروهبندی های کالا/خدمت، چه پارامترهایی باید تعیین شوند؟","ابتدا عنوان و ماژول های استفاده کننده تعیین شده و امکان تفصیل پذیر بودن گروه بندی، امکان عضویت در گروه های میانی و امکان عضویت در بیش از یک گروه انتخاب می شود."
"چه محدودیتی در مورد تعریف گروه بندی با امکان تفصیل پذیر بودن وجود دارد؟","تنها می توان یک گروه بندی با امکان تفصیل پذیر بودن تعریف کرد."
"گزینه ""ذخیره"" در صفحه ی ایجاد گروهبندی جدید چه امکاناتی را فراهم می کند؟","این گزینه امکان ""ذخیره"" و ""ذخیره و ایجاد"" گروهبندی های کالا/خدمت جدید را فراهم می کند."
"اطلاعات مدیریت موجودی در سیستم انبار به چه منظور به کار می رود؟","از اطلاعات مدیریت موجودی برای تعریف اطلاعات مدیریت موجودی و حدود کنترل موجودی در شرکت استفاده می شود."
"هدف اصلی از تعریف اطلاعات مدیریت موجودی چیست؟","اطلاعات مدیریت موجودی با هدف معرفی حدود کنترل موجودی و استفاده در ماژول های لجستیک تعریف می شود."
"در یک ساختار چندشرکتی، اطلاعات مدیریت موجودی چگونه باید تعریف شود؟","از منظر چندشرکتی، اطلاعات مدیریت موجودی از نوع اطلاعات پایه ای است که نیاز است برای هر شرکت به صورت جداگانه و مستقل تعریف گردد."
"در لایسنس چندشرکتی، چه امکانی برای کاربر در بخش انتخاب شرکت فراهم است؟","در لایسنس چندشرکتی، در بخش انتخاب شرکت در صورت داشتن دسترسی، لیست شرکت ها برای انتخاب نمایش داده می شود."
"چگونه می توان به فهرست اطلاعات مدیریت موجودی دسترسی پیدا کرد؟","از منوی ماژول لجستیک، انبار و حسابداری انبار، اطلاعات پایه، اطلاعات مدیریت موجودی را انتخاب نمایید."
"تمام ستون‌های قابل نمایش در فهرست اطلاعات مدیریت موجودی را نام ببرید.","ستون‌های قابل نمایش عبارتند از: کد، عنوان، واحد اصلی، مرکز نگهداری، انبار، حداقل موجودی، نقطه سفارش، حداکثر موجودی، ذخیره احتیاطی، زمان ذخیره احتیاطی(روز)، مقدار اقتصادی، توضیحات."
"کاربرد گزینه ""مدیریت نماها"" در فهرست اطلاعات مدیریت موجودی چیست؟","اگر کاربر نیاز داشته باشد که فیلدهای نمایشی، چیدمان ستون‌ها و شرایط فهرست را برای خود ذخیره کند، از گزینه مدیریت نماها استفاده می‌کند."
"در شرکت‌های گروهی یا هلدینگ، گزینه ""نام شرکت"" چه امکانی را فراهم می‌کند؟","به کاربر دارای دسترسی اجازه می‌دهد شرکت مورد نظر خود را انتخاب کند تا لیستی از اطلاعات مدیریت موجودی تعریف شده مختص همان شرکت را مشاهده نماید."
"گزینه ""تنظیمات"" در بالای صفحه فهرست چه قابلیت‌هایی را شامل می‌شود؟","شامل انتخاب ستون‌ها، مرتب‌سازی، گروه‌بندی و تجمیع فیلترها برای نمایش فهرست می‌باشد."
"گزینه انتخابی برای ""کالاهای مدیریت موجودی و کالاهای بدون مدیریت موجودی"" چه کاربردی دارد؟","از این گزینه برای نمایش کالاهایی که دارای اطلاعات مدیریت موجودی هستند یا فاقد آن هستند، استفاده می‌شود."
"چه زمانی از گزینه ""بارگذاری مجدد"" استفاده می‌شود؟","زمانی که پس از تغییر، حذف، ایجاد یک رکورد یا انجام فیلتر و جستجو، نیاز به تازه‌سازی فهرست باشد."
"بعد از انتخاب یک ردیف از فهرست اطلاعات مدیریت موجودی چه اتفاقی می‌افتد؟","فرم مشاهده ردیف انتخابی نمایش داده می‌شود و در صورت داشتن دسترسی، می‌توان آن را ویرایش نمود."
"برای ورود به فرم اطلاعات مدیریت موجودی یک کالا چه مسیری باید طی شود؟","ابتدا از منوی انبار و حسابداری انبار، اطلاعات پایه، واحد سنجش، گزینه معرفی اطلاعات مدیریت موجودی را انتخاب کرده، سپس در فرم فهرست، یکی از تب‌های دارای اطلاعات یا فاقد اطلاعات مدیریت موجودی را انتخاب و با انتخاب کالا، وارد فرم اطلاعات مدیریت موجودی کالا می‌شوید."
"پس از ورود به فرم فهرست اطلاعات مدیریت موجودی، اولین قدم قبل از انتخاب کالا چیست؟","کاربر باید یکی از تب‌های ""دارای اطلاعات مدیریت موجودی"" و ""فاقد اطلاعات مدیریت موجودی"" را انتخاب نماید."
"گزینه ""ذخیره"" در صفحه ایجاد اطلاعات مدیریت موجودی جدید چه امکاناتی را فراهم می‌کند؟","این گزینه امکان ""ذخیره"" و ""ذخیره و ایجاد"" اطلاعات مدیریت موجودی جدید را فراهم می‌کند."
"گزینه ""سایر عملیات"" در بالای صفحه ایجاد اطلاعات مدیریت موجودی چه توابعی را ارائه می‌دهد؟","این گزینه امکان ایجاد اطلاعات مدیریت موجودی جدید و نمایش فهرست اطلاعات مدیریت موجودی را فراهم می‌سازد."
"چه زمانی از دکمه ""بارگذاری مجدد"" در صفحه ایجاد اطلاعات مدیریت موجودی استفاده می‌شود؟","گاهی نیاز است بعد از تغییر و ایجاد یک گروهبندی کالا/خدمت، صفحه ایجاد اطلاعات مدیریت موجودی جدید را بارگذاری مجدد نماییم."
"عملیات تعدادی انبار چیست؟","به کلیه فعالیت‌هایی گفته می‌شود که در آن‌ها تعداد کالاهای وارد شده یا خارج شده از انبار ثبت و ضبط می‌شود."
"عملیات تعدادی انبار چه اهمیتی در مدیریت موجودی دارد؟","این عملیات به عنوان اولین قدم در مدیریت موجودی انبار محسوب می‌شود."
"عملیات تعدادی انبار شامل چه مواردی می‌شود؟","شامل الگوی سند انبار، سند انبار، قلم سند انبار، درخواست کالا از انبار، قلم درخواست کالا از انبار و سند تجمیعی است."
"چرا و توسط چه کسی از الگوی سند انبار استفاده می شود؟","برای ثبت گردش کالا از ثبت سند استفاده می‌شود و با توجه به رویدادی که در واقعیت رخ می‌دهد، انباردار از الگوی سند مناسب آن استفاده می‌کند."
"الگوی سند انبار چه امکانی را فراتر از اطلاعات استاندارد به شرکت‌ها می‌دهد؟","هر شرکت می‌تواند علاوه بر اطلاعات اجباری هر سند، اطلاعات دیگری را به منظور استفاده در گزارش‌ها و فرایندهای انبار، در الگوی سند انبار تعریف و تنظیم نماید."
"اولین مرحله برای ثبت یک سند انبار چیست؟","برای ثبت سند انبار ابتدا لازم است شرکت و الگوی مناسب برای ثبت سند انتخاب شود."
"کاربر چگونه می‌تواند یک الگوی سند پرکاربرد را برای دسترسی سریع‌تر ذخیره کند؟","کاربر می‌تواند با انتخاب گزینه ""افزودن به منو""، یک منو با عنوان ""الگوهای سند منتخب"" به منوهای خود اضافه کند که الگوی انتخابی زیر آن نمایش داده می‌شود."
"در ابتدای شروع به کار با سیستم، الگوهای استاندارد انبار چگونه ایجاد می‌شوند؟","در ابتدای شروع به کار سیستم، از استقرار الگوی سند انبار به منظور ایجاد الگوهای استاندارد استفاده می‌شود."
"یک الگوی سند انبار شامل چه بخش‌هایی است؟","الگوهای سند انبار دارای بخش‌های اطلاعات اصلی، سایر طرف مقابل‌ها، اطلاعات تکمیلی و فیلدهای اضافه می‌باشد."
"چگونه می توان به فهرست الگوی سند انبار دسترسی یافت؟","برای مشاهده لیست سند انبار می‌توان از منوی ماژول لجستیک، انبار و حسابداری انبار، عملیات تعدادی انبار، الگوی سند انبار را انتخاب نمود."
"ستون‌های قابل نمایش در فهرست الگوی سند انبار کدامند؟","ستون‌های قابل نمایش در فهرست سند انبار عبارتند از کد الگو، عنوان، جهت سند، نوع سند، نوع تاثیر بر سند، نوع طرف مقابل و وضعیت."
"گزینه ""ایجاد الگوهای پیشفرض"" چه کاری انجام می‌دهد؟","با استفاده از این گزینه، همه الگوهای استاندارد معنادار برای شرایط شرکت انتخاب شده، نمایش داده می‌شود."
"گزینه ""تغییر وضعیت"" چه زمانی فعال می‌شود و چه کاربردی دارد؟","در صورت انتخاب یکی از ردیف‌های فهرست، گزینه تغییر وضعیت نمایش داده شده و می‌توان رکورد یا رکوردهای انتخاب شده را تغییر وضعیت داد."
"در یک ساختار شرکتی گروهی یا هلدینگ، گزینه ""نام شرکت"" چه امکانی را فراهم می‌کند؟","به کاربر دارای دسترسی این امکان را می‌دهد که شرکت مورد نظر خود را انتخاب کرده تا بتواند لیستی از الگوهای اسناد انبار ثبت شده مختص آن شرکت را مشاهده کند."
"چگونه یک کاربر می‌تواند چیدمان و فیلترهای فهرست را برای استفاده‌های بعدی خود ذخیره کند؟","در صورتی که کاربر نیاز داشته باشد فیلدهای نمایش داده شده، چیدمان ستون‌ها و شرایط آن را برای نیاز خودش ذخیره نماید، از گزینه مدیریت نماها استفاده می‌کند."
"گزینه ""تنظیمات"" در بالای صفحه فهرست چه قابلیت‌هایی را ارائه می‌دهد؟","شامل انتخاب ستون‌ها، مرتب‌سازی، گروه‌بندی و تجمیع فیلترها برای نمایش فهرست می‌باشد."
"با انتخاب یکی از موارد موجود در فهرست الگوی سند انبار، چه اتفاقی می‌افتد؟","فرم مشاهده ردیف انتخابی نمایش داده شده و در صورت داشتن دسترسی می‌توان آن را ویرایش نمود."
"چه ستون‌هایی در فهرست الگوی سند انبار قابل مشاهده هستند؟","ستون‌های قابل نمایش عبارتند از: کد الگو، عنوان، جهت سند، نوع سند، نوع تاثیر بر سند، نوع طرف مقابل و وضعیت."
"چگونه می‌توان به فهرست الگوی سند انبار در سیستم دسترسی پیدا کرد؟","برای مشاهده لیست سند انبار می‌توان از منوی ماژول لجستیک، انبار و حسابداری انبار، عملیات تعدادی انبار، الگوی سند انبار را انتخاب نمود."
"گزینه 'نام شرکت' در ساختارهای هلدینگ چه کاربردی دارد؟","در شرکت‌هایی که به صورت گروه یا هلدینگ هستند، این گزینه به کاربر دارای دسترسی اجازه می‌دهد شرکت مورد نظر خود را انتخاب کند تا لیست الگوهای اسناد انبار مختص آن شرکت را مشاهده نماید."
"هدف از گزینه 'ایجاد الگوهای پیشفرض' چیست؟","با استفاده از این گزینه، تمام الگوهای استاندارد و معنادار برای شرایط شرکت انتخاب شده، نمایش داده می‌شود."
"گزینه 'تنظیمات' در بالای صفحه فهرست چه امکاناتی را شامل می‌شود؟","گزینه تنظیمات شامل انتخاب ستون‌ها، مرتب‌سازی، گروه‌بندی و تجمیع فیلترها برای نمایش فهرست می‌باشد."
"گزینه 'تغییر وضعیت' تحت چه شرایطی ظاهر می‌شود و چه عملی انجام می‌دهد؟","این گزینه در صورت انتخاب یک یا چند ردیف از فهرست نمایش داده می‌شود و به کاربر امکان می‌دهد وضعیت رکورد یا رکوردهای انتخاب شده را تغییر دهد."
"با توجه به گزینه‌های 'مدیریت نماها' و 'کپی لینک نما'، سیستم چه امکاناتی برای سفارشی‌سازی و به اشتراک‌گذاری نماهای فهرست فراهم می‌کند؟","سیستم به کاربر اجازه می‌دهد تا فیلدهای نمایشی، چیدمان ستون‌ها و شرایط فهرست را برای نیاز خود ذخیره کرده و مدیریت نماید. همچنین امکان به اشتراک‌گذاری صفحه فهرست با فیلترهای جاری از طریق یک لینک فراهم است."
"برای تعریف الگوی سند انبار از کدام مسیر در نرم افزار باید اقدام کرد؟","برای تعریف الگوی سند انبار باید از ماژول لجستیک، منو انبار و حسابداری انبار، عملیات تعدادی، سند انبار، گزینه ثبت سند انبار (+) را انتخاب نمود."
"چهار بخش اصلی برای مشاهده و ویرایش الگوهای سند انبار کدامند؟","این چهار بخش عبارتند از: i. اطلاعات اصلی, ii. سایر طرف مقابل ها, iii. اطلاعات تکمیلی, iv. فیلدهای اضافه."
"در بخش اطلاعات اصلی یک الگوی سند انبار، کدام فیلدها غیرقابل تغییر هستند؟","فیلدهای نوع سند، جهت سند، نوع خرید (در اسناد خرید) و نوع تاثیر بر موجودی غیرقابل تغییر هستند."
"حداکثر تعداد ردیف‌های مجاز در یک سند انبار چقدر است؟","تعداد اقلام سند به صورت پیشفرض 200 ردیف بوده و حداکثر میتواند 500 رکورد باشد."
"کاربرد بخش ""مبناها و عطف ها"" در تعریف الگوی سند چیست؟","این بخش لیست مبناها و عطف‌های معنادار برای الگوی انتخابی را نمایش می‌دهد و کاربر می‌تواند ثبت ردیف سند انبار بدون عطف یا مبنای انتخابی را اجباری نماید."
"در کدام دسته از اسناد انبار، طرف مقابل ""مرکز هزینه"" است؟","طرف مقابل در اسناد دریافت از تولید مرکز، برگشت دریافت از تولید مرکز، ارسال به تولید مرکز، برگشت ارسال به تولید مرکز، مصرف مرکز، برگشت مصرف مرکز، تحویل دارایی ثابت به مرکز، برگشت تحویل دارایی ثابت به مرکز، ارسال ضایعات مرکز، برگشت ارسال ضایعات مرکز، و دریافت ضایعات مرکز، مرکز هزینه می‌باشد."
"در کدام دسته از اسناد انبار، طرف مقابل ""پروژه"" است؟","طرف مقابل در اسناد دریافت از تولید پروژه، برگشت دریافت از تولید پروژه، ارسال به تولید پروژه، برگشت ارسال به تولید پروژه، مصرف پروژه، برگشت مصرف پروژه، تحویل دارایی ثابت به پروژه، برگشت تحویل دارایی ثابت به پروژه، ارسال ضایعات پروژه، برگشت ارسال ضایعات پروژه، و دریافت ضایعات پروژه، پروژه می‌باشد."
"کدام اسناد انبار فاقد فیلد ""طرف مقابل"" هستند؟","اسناد رسید ابتدای دوره دائم، رسید ابتدای دوره موقت و رسید ابتدای دوره ضایعات دارای طرف مقابل نمی‌باشند."
"در اسناد رسید و حواله انتقال بین انبار، چه فیلدی جایگزین فیلد طرف مقابل می‌شود؟","در این اسناد، به جای فیلد طرف مقابل، فیلد ""انبار مقابل"" وجود دارد که لیستی از انبارها را نمایش می‌دهد."
"ویژگی‌های غیرقابل تغییر در الگوی سند انبار ""خرید داخلی"" کدامند؟","نوع سند: خرید، نوع خرید: داخلی، جهت سند: ورودی، نوع تأثیر بر موجودی: دائم، نوع طرف مقابل: تأمین کننده."
"چه تفاوتی بین ""نوع تأثیر بر موجودی"" در الگوی سند ""رسید خرید خارجی"" و ""برگشت خرید خارجی موقت"" وجود دارد؟","در الگوی رسید خرید خارجی، نوع تأثیر بر موجودی ""دائم"" است، در حالی که در الگوی برگشت خرید خارجی موقت، این تأثیر ""موقت"" است."
"در الگوی ""برگشت دریافت از تولید مرکز""، کدام الگو به عنوان سند عطف غیرقابل تغییر عمل می‌کند؟","در این الگو، ""دریافت از تولید مرکز"" به عنوان الگوی سند عطف غیرقابل تغییر تعیین شده است."
"""نوع کارکرد"" برای کالاهای موجود در الگوی ""تحویل دارایی ثابت به مرکز"" چیست؟","نوع کارکرد برای این الگو ""خریدنی و ساختنی"" است."
"سایر طرف مقابل‌ها در الگوی ""تحویل فروش"" شامل چه مواردی است؟","سایر طرف مقابل‌ها در این الگو شامل موسسه حمل، حمل کننده و کارمند فروش می‌باشد."
"اطلاعات تکمیلی مورد نیاز برای الگوی ""مصرف مرکز"" چیست؟","اطلاعات تکمیلی برای این الگو شامل شماره دستور تولید، شماره سفارش تولید، شماره عملیات تولید، شیفت تولید و تاریخ تولید می‌باشد."
"کدام الگوهای سند انبار فاقد اطلاعات تکمیلی هستند؟","رسید دائم سایر و حواله دائم سایر دارای اطلاعات تکمیلی نمی‌باشند."
"چگونه می‌توان یک الگوی سند انبار جدید بر اساس یک الگوی استاندارد موجود ایجاد کرد؟","با استفاده از گزینه ""کپی"" می‌توان از یک الگوی استاندارد کپی تهیه کرده و با کد و عنوان جدید و تنظیمات جدید ذخیره نمود."
"سیستم چگونه الگوهای استاندارد را از الگوهای کپی‌شده توسط کاربر متمایز می‌کند؟","عدد 99 در ابتدای کدهای الگوهای کپی شده توسط کاربر قرار می‌گیرد تا کدهای استاندارد از کدهای ایجاد شده توسط کاربر تفکیک گردند."
"از ثابت و غیرقابل ویرایش بودن برخی فیلدها مانند ""نوع سند"" و ""جهت سند"" در الگوهای استاندارد، چه نتیجه‌ای در مورد منطق سیستم می‌توان گرفت؟","این موضوع نشان می‌دهد که ماهیت و کارکرد اصلی هر نوع سند (مانند خرید، تولید، فروش) در سیستم از پیش تعریف شده و ثابت است تا یکپارچگی فرآیندها و صحت گزارش‌گیری تضمین شود."
"چه رابطه‌ای بین ""سند مبنا"" و ""الگوی سند عطف"" در تعریف الگوها وجود دارد؟","""سند مبنا"" به یک سند پیش‌نیاز برای صدور سند فعلی اشاره دارد (مانند درخواست کالا برای سند مصرف)، در حالی که ""الگوی سند عطف"" به الگویی اشاره می‌کند که سند فعلی برگشتی یا اصلاحی برای آن است (مانند الگوی مصرف مرکز برای برگشت مصرف مرکز)."
"از چه مسیری می‌توان به فهرست الگوهای سند انبار در سیستم دسترسی پیدا کرد؟","برای مشاهده‌ی لیست سند انبار می‌توان از منوی ماژول لجستیک، انبار و حسابداری انبار، عملیات تعدادی انبار، الگوی سند انبار را انتخاب نمایید."
"ستون‌های پیش‌فرض قابل مشاهده در فهرست الگوی سند انبار کدامند؟","ستون‌های قابل نمایش عبارتند از کد الگو، عنوان، جهت سند، نوع سند، نوع تاثیر بر سند، نوع طرف مقابل و وضعیت."
"گزینه ""مدیریت نماها"" در فهرست الگوی سند انبار چه کاربردی دارد؟","در صورتی که کاربر نیاز داشته باشد فیلدهای نمایش داده شده در فهرست، چیدمان ستون‌های فهرست و شرایط آن را برای نیاز خودش ذخیره نماید، از گزینه مدیریت نماها استفاده می‌کند."
"کاربرد گزینه ""نام شرکت"" در بالای صفحه فهرست چیست؟","در شرکت‌هایی که به صورت گروه یا هلدینگ می‌باشند، با استفاده از این گزینه می‌توان در صورت داشتن دسترسی، شرکت مورد نظر خود را انتخاب کرد تا لیستی از الگوهای اسناد انبار ثبت شده مختص آن شرکت را مشاهده کرد."
"گزینه ""ایجاد الگوهای پیشفرض"" چه عملی را انجام می‌دهد؟","با استفاده از این گزینه، همه الگوهای استاندارد معنادار برای شرایط شرکت انتخاب شده، نمایش داده می‌شود."
"تفاوت بین گزینه ""فیلتر"" و بخش ""جستجو و فیلتر"" چیست؟","گزینه ""فیلتر"" برای نمایش یا عدم نمایش بخش جستجو به کار می‌رود، در حالی که بخش ""جستجو و فیلتر"" امکان انتخاب ستون‌های مشخص برای جستجو میان داده‌های آن ستون را فراهم می‌کند."
"چگونه می‌توان عرض تمام ستون‌های جدول فهرست را به صورت خودکار تنظیم کرد؟","تنظیم اتوماتیک عرض تمامی ستون‌های جدول فهرست از طریق گزینه ""تنظیم کننده عرض ستون"" انجام می‌شود."
"گزینه ""کپی لینک نما"" چه امکانی را فراهم می‌کند؟","از این گزینه برای به اشتراک گذاری صفحه فهرست با فیلترهای جاری استفاده می‌شود."
"گزینه ""تغییر وضعیت"" در چه شرایطی نمایش داده می‌شود و چه کاربردی دارد؟","در صورت انتخاب یکی از ردیف‌های فهرست، گزینه تغییر وضعیت نمایش داده شده و می‌توان رکورد یا رکوردهای انتخاب شده را تغییر وضعیت نمود."
"از وجود گزینه ""نام شرکت"" در بالای فهرست، چه استنباطی در مورد معماری سیستم می‌توان داشت؟","این گزینه نشان می‌دهد که سیستم برای پشتیبانی از ساختارهای چند شرکتی (هلدینگ) طراحی شده است و می‌تواند داده‌های شرکت‌های مختلف را به صورت تفکیک شده مدیریت کند."
"پس از انتخاب یکی از الگوها در فهرست، چه اتفاقی می‌افتد؟","با انتخاب یکی از موارد نمایش داده شده در فهرست، فرم مشاهده ردیف انتخابی نمایش داده شده و در صورت داشتن دسترسی می‌توان آن را ویرایش نمود."
"چه اطلاعاتی در ستون های فهرست سند انبار قابل نمایش است؟","شماره سند، الگوی سند، نوع سند، انبار، تاریخ، وضعیت سند، وضعیت قیمت گذاری، وضعیت سند حسابداری و توضیحات."
"چگونه می توان به صفحه ی فهرست سند انبار دسترسی پیدا کرد؟","از منوی ماژول لجستیک، انبار و حسابداری انبار، عملیات تعدادی انبار، گزینه سند انبار انتخاب می شود."
"کاربرد اصلی گزینه آبشاری ""فهرست سند انبار"" چیست؟","با استفاده از این گزینه می توان نماهای تعریف شده در سیستم را مشاهده کرده و تنظیمات نما را ذخیره و آن ها را مدیریت کرد."
"گزینه ""مدیریت نماها"" چه امکانی را برای کاربر فراهم می کند؟","کاربر می تواند فیلدهای نمایش داده شده در فهرست، چیدمان ستون های فهرست و شرایط آن را برای نیاز خودش ذخیره نماید."
"در شرکت های هلدینگ، چگونه می توان اسناد انبار یک شرکت خاص را مشاهده کرد؟","با استفاده از گزینه ""نام شرکت"" و در صورت داشتن دسترسی، شرکت مورد نظر انتخاب می شود تا لیست اسناد انبار مختص آن شرکت نمایش داده شود."
"رابطه بین گزینه ""سال مالی"" و ""نام شرکت"" چیست؟","گزینه سال مالی وابسته به نام شرکت است و با توجه به شرکت انتخابی، سالهای تعریف شده برای آن شرکت نمایش داده می شود."
"وظیفه دکمه ""جدید"" در صفحه فهرست سند انبار چیست؟","با استفاده از این گزینه می توان یک سند انبار جدید ثبت کرد."
"در چه مواقعی از گزینه ""بارگذاری مجدد"" استفاده می شود؟","زمانی که نیاز است بعد از تغییر یا حذف و ایجاد یک سند یا پس از اعمال فیلتر و جستجو، فهرست مجددا بارگذاری شود."
"فرآیند وارد کردن اطلاعات اسناد انبار از طریق اکسل چگونه است؟","ابتدا فایل نمونه از طریق گزینه ""دریافت از اکسل"" دانلود می شود، سپس اطلاعات در قالب آن فایل وارد می گردد و فایل تکمیل شده از طریق همین گزینه به سیستم وارد می شود."
"گزینه ""تنظیمات"" در بالای فهرست سند انبار شامل چه مواردی است؟","شامل انتخاب ستون ها، مرتب سازی، گروه بندی و تجمیع فیلترها برای نمایش فهرست می باشد."
"کاربرد گزینه ""کپی لینک نما"" چیست؟","از این گزینه برای به اشتراک گذاری صفحه فهرست با فیلترهای جاری استفاده می شود."
"چگونه می توان عرض تمام ستون های جدول فهرست را به صورت خودکار تنظیم کرد؟","از طریق گزینه ""تنظیم کننده عرض ستون"" می توان عرض تمامی ستون های جدول را به صورت اتوماتیک تنظیم کرد."
"گزینه ""حذف"" در چه شرایطی فعال می شود و چه کاری انجام می دهد؟","در صورت انتخاب یکی از ردیف های فهرست، گزینه حذف فعال شده و می توان رکورد یا رکوردهای انتخاب شده را حذف نمود."
"کاربرد گزینه ""چاپ"" در فهرست اسناد انبار چیست؟","از طریق این گزینه می توان سند انبار انتخابی یا اسناد انتخابی را چاپ نمود."
"پس از انتخاب یک ردیف در فهرست اسناد انبار چه اتفاقی می افتد؟","فرم پیش نمایش ردیف انتخابی نمایش داده شده و در صورت داشتن دسترسی می توان آن را ویرایش نمود."
"در فرم پیش نمایش سند انبار چه اطلاعاتی قابل مشاهده است؟","اطلاعات سربرگ و به طور خلاصه اطلاعات اقلام سند انبار قابل مشاهده است."
"چه قابلیتی در فرم پیش نمایش برای قیمت سند وجود دارد؟","می توان از لینک قیمت سند برای ثبت (در صورت امکان) و یا مشاهده قیمت سند استفاده کرد."
"از متن چه چیزی در مورد سطوح دسترسی کاربران می توان استنباط کرد؟","سیستم دارای کنترل‌های دسترسی کاربر است، زیرا اشاره شده است که برای انتخاب شرکت دیگر، ویرایش سند، و ثبت قیمت سند نیاز به دسترسی وجود دارد."
"چگونه می توان فرم ثبت سند انبار را در ماژول لجستیک باز کرد؟","برای دسترسی به فرم ثبت سند انبار، از منوی انبار و حسابداری انبار، به بخش عملیات تعدادی رفته، سند انبار را انتخاب کرده و سپس روی گزینه ثبت سند انبار (+) کلیک نمایید."
"اولین قدم برای تعریف یک الگوی سند انبار جدید چیست؟","برای تعریف یک الگوی سند انبار، ابتدا باید یکی از الگوهای استاندارد را از فهرست انتخاب کرده و وارد فرم مشاهده و ویرایش آن شد."
"چهار بخش اصلی در فرم مشاهده و ویرایش الگوهای سند انبار کدامند؟","چهار بخش اصلی عبارتند از: اطلاعات اصلی، سایر طرف مقابل ها، اطلاعات تکمیلی و فیلدهای اضافه."
"در بخش اطلاعات اصلی الگوی سند انبار، کدام فیلدها غیرقابل ویرایش یا تغییر هستند؟","کد الگو، نوع سند، جهت سند، نوع خرید (در اسناد خرید) و نوع تاثیر بر موجودی غیرقابل تغییر هستند."
"تعداد ردیف های پیشفرض و حداکثر تعداد ردیف های مجاز در یک سند انبار چقدر است؟","تعداد اقلام سند به صورت پیشفرض 200 ردیف است و حداکثر می تواند 500 رکورد باشد."
"کاربرد گزینه 'اجباری و ویرایش در قلم' برای طرف مقابل در الگوی سند انبار چیست؟","این گزینه برای فعال کردن امکان تغییر طرف مقابل در اقلام (ردیف های) سند انبار استفاده می شود."
"در اسناد رسید و حواله انتقال بین انبار، چه فیلدی جایگزین فیلد 'طرف مقابل' می شود؟","در این اسناد، به جای فیلد 'طرف مقابل'، فیلد 'انبار مقابل' وجود دارد که لیستی از انبارها را نمایش می دهد."
"کدام دسته از اسناد انبار فاقد طرف مقابل هستند؟","اسناد رسید ابتدای دوره دائم، رسید ابتدای دوره موقت و رسید ابتدای دوره ضایعات دارای طرف مقابل نمی باشند."
"طرف مقابل در اسناد مربوط به خرید داخلی و خارجی (مانند رسید خرید داخلی و برگشت خرید خارجی) چه نوعی است؟","طرف مقابل در این اسناد 'تأمین کننده' است."
"در اسنادی مانند 'دریافت از تولید مرکز' یا 'مصرف مرکز'، طرف مقابل چه ماهیتی دارد؟","طرف مقابل در این گونه اسناد، 'مرکز هزینه' می باشد."
"برای اسناد مربوط به پروژه مانند 'ارسال به تولید پروژه' یا 'مصرف پروژه'، طرف مقابل چیست؟","طرف مقابل در این اسناد 'پروژه' است."
"در الگوی سند انبار 'تحویل فروش' و 'برگشت تحویل فروش'، طرف مقابل چه کسی است؟","طرف مقابل در این دو الگو 'مشتری' می باشد."
"ویژگی های ثابت و غیرقابل تغییر الگوی سند انبار 'خرید داخلی' چیست؟","""نوع سند: خرید، نوع خرید: داخلی، جهت سند: ورودی، نوع تأثیر بر موجودی: دائم، نوع طرف مقابل: تأمین کننده"""
"چه تفاوتی در 'نوع تأثیر بر موجودی' بین الگوی 'خرید داخلی' و 'خرید داخلی موقت' وجود دارد؟","'نوع تأثیر بر موجودی' در الگوی خرید داخلی 'دائم' است، در حالی که در الگوی خرید داخلی موقت 'موقت' می باشد."
"الگوی سند عطف برای 'برگشت خرید داخلی موقت' چیست و آیا قابل تغییر است؟","الگوی سند عطف برای آن 'خرید داخلی موقت' است و این ویژگی غیرقابل تغییر می باشد."
"در الگوی 'رسید دریافت از تولید مرکز'، چه انواعی از کارکرد کالا پشتیبانی می شود؟","انواع کارکرد پشتیبانی شده عبارتند از: خریدنی، ساختنی، قابل فروش و غیر موجودی."
"سند مبنا برای الگوی 'مصرف مرکز' و 'مصرف پروژه' چیست؟","سند مبنا برای هر دو الگو 'درخواست کالا' است."
"در الگوی سند 'حواله انتقال بین انبار'، چرا فیلد طرف مقابل وجود ندارد؟","زیرا در اسناد انتقال بین انبار، به جای طرف مقابل، از فیلد 'انبار مقابل' برای مشخص کردن انبار مقصد استفاده می‌شود."
"هنگام کپی کردن یک الگوی سند انبار، چه پیشوندی به کد و عنوان الگوی جدید اضافه می شود؟","پیشوند کد الگوهای کپی شده '99' و پیشوند عنوان الگوهای کپی شده، عنوان الگوی مبدا می باشد."
"هدف از افزودن پیشوند '99' به کدهای الگوی کپی شده چیست؟","هدف از این کار، تفکیک و شناسایی کدهای استاندارد از کدهایی است که توسط کاربر از روی الگوهای استاندارد کپی و سفارشی‌سازی شده‌اند."
"اگر یک الگوی استاندارد توسط کاربر ویرایش شده باشد و سپس از آن کپی گرفته شود، آیا تغییرات به الگوی جدید منتقل می شود؟","بله، کپی از الگوی ویرایش شده توسط مشتری تهیه شده و حاوی تغییرات مشتری است."
"در بخش 'سایر طرف مقابل ها' برای الگوی 'رسید خرید داخلی'، چه طرف مقابل هایی قابل انتخاب هستند؟","سایر طرف مقابل ها در رسید خرید داخلی شامل پیمانکار، مرکز هزینه، پروژه، موسسه حمل و حمل کننده می باشد."
"فیلدهای اطلاعات تکمیلی منحصر به الگوهای 'تحویل دارایی ثابت به مرکز' و 'تحویل دارایی ثابت به پروژه' چیست؟","تنها فیلد اطلاعات تکمیلی برای این الگوها، 'شماره پلاک دارایی ثابت' می باشد."
"کدام الگوهای سند انبار فاقد بخش اطلاعات تکمیلی هستند؟","الگوهای 'رسید دائم سایر' و 'حواله دائم سایر' دارای اطلاعات تکمیلی نمی‌باشند."
"چه چیزی را می توان از غیرقابل تغییر بودن فیلدهایی مانند 'نوع سند' و 'جهت سند' در الگوهای استاندارد استنباط کرد؟","این موضوع نشان می دهد که ساختار و منطق اصلی هر نوع تراکنش انبار (مانند خرید، فروش، تولید) در سیستم از پیش تعریف شده و ثابت است تا از یکپارچگی و صحت عملیات اطمینان حاصل شود و کاربران تنها مجاز به سفارشی‌سازی جزئیات فرعی هستند."
"با مقایسه ویژگی‌های الگوهای 'کسری انبارگردانی دائم' و 'کسری انبارگردانی دائم مرکز'، چه تفاوت کلیدی در تعریف آنها وجود دارد؟","تفاوت کلیدی در این است که الگوی 'کسری انبارگردانی دائم مرکز' دارای یک 'نوع طرف مقابل' ثابت از نوع 'مرکز هزینه' است، در حالی که الگوی 'کسری انبارگردانی دائم' فاقد این فیلد است."
"اطلاعات تکمیلی مورد نیاز برای الگوهای مربوط به تولید (مانند رسید دریافت از تولید مرکز) چه مواردی را شامل می‌شود که در الگوهای خرید وجود ندارد؟","این اطلاعات شامل مواردی مانند شماره دستور تولید، شماره سفارش تولید، شماره عملیات تولید، شیفت تولید و تاریخ تولید است که به طور خاص به فرآیندهای تولید مرتبط هستند."
"چگونه می‌توان به فرم ثبت سند انبار در ماژول لجستیک دسترسی پیدا کرد؟","برای دسترسی به فرم ثبت سند انبار، باید از منو انبار و حسابداری انبار، به بخش عملیات تعدادی، سپس سند انبار رفته و گزینه ثبت سند انبار (+) را انتخاب نمود."
"چهار بخش اصلی در فرم مشاهده و ویرایش الگوی سند انبار کدامند؟","چهار بخش اصلی عبارتند از: i. اطلاعات اصلی, ii. سایر طرف مقابل ها, iii. اطلاعات تکمیلی, iv. فیلدهای اضافه."
"در بخش اطلاعات اصلی یک الگوی سند انبار، کدام فیلدها غیرقابل تغییر هستند؟","فیلدهای نوع سند، جهت سند، نوع خرید (در اسناد خرید) و نوع تاثیر بر موجودی غیرقابل تغییر هستند."
"تعداد پیش‌فرض و حداکثر تعداد اقلام مجاز در یک سند انبار چقدر است؟","تعداد اقلام سند به صورت پیش‌فرض 200 ردیف است و حداکثر می‌تواند 500 رکورد باشد."
"هدف از بخش 'مبناها و عطف‌ها' در تعریف الگوی سند انبار چیست؟","این بخش لیستی از مبناها و عطف‌های معنادار برای الگوی انتخابی را نمایش می‌دهد و کاربر می‌تواند ثبت ردیف سند انبار بدون عطف یا مبنا را اجباری کند تا ثبت عطف و مبنای انتخابی برای الگو الزامی شود."
"در اسناد رسید و حواله انتقال بین انبار، به جای فیلد 'طرف مقابل' چه فیلدی وجود دارد و چه لیستی را نمایش می‌دهد؟","در این اسناد، به جای فیلد طرف مقابل، فیلد 'انبار مقابل' وجود دارد که لیستی از انبارها را نمایش می‌دهد."
"کدام دسته از اسناد انبار فاقد طرف مقابل هستند؟","اسناد رسید ابتدای دوره دائم، رسید ابتدای دوره موقت و رسید ابتدای دوره ضایعات دارای طرف مقابل نمی‌باشند."
"طرف مقابل در اسناد مربوط به فروش مانند 'تحویل فروش' و 'برگشت تحویل فروش' چه نوع موجودیتی است؟","طرف مقابل در اسناد تحویل فروش و برگشت تحویل فروش، 'مشتری' است."
"ویژگی‌های اصلی و غیرقابل تغییر الگوی سند انبار 'خرید داخلی' چیست؟","ویژگی‌های الگوی سند انبار خرید داخلی عبارتند از: نوع سند: خرید، نوع خرید: داخلی، جهت سند: ورودی، نوع تأثیر بر موجودی: دائم، نوع کارکرد: خریدنی و قابل فروش، نوع طرف مقابل: تأمین کننده."
"چه تفاوتی در 'نوع تأثیر بر موجودی' بین الگوی 'خرید داخلی' و 'خرید داخلی موقت' وجود دارد؟","در الگوی 'خرید داخلی'، نوع تأثیر بر موجودی 'دائم' است، در حالی که در الگوی 'خرید داخلی موقت'، این نوع تأثیر 'موقت' است."
"در الگوی سند انبار 'برگشت خرید داخلی موقت'، کدام الگو به عنوان 'الگوی سند عطف' عمل می‌کند؟","در الگوی سند انبار برگشت خرید داخلی موقت، 'خرید داخلی موقت' به عنوان الگوی سند عطف غیرقابل تغییر تعیین شده است."
"نوع طرف مقابل برای الگوهای سند انبار مرتبط با تولید در یک 'مرکز' (مانند رسید دریافت از تولید مرکز) چیست؟","نوع طرف مقابل برای این الگوها 'مرکز هزینه' است و این ویژگی غیرقابل تغییر می‌باشد."
"نوع طرف مقابل برای الگوهای سند انبار مرتبط با 'پروژه' (مانند مصرف پروژه) چیست؟","نوع طرف مقابل برای این الگوها 'پروژه' است و این ویژگی غیرقابل تغییر می‌باشد."
"در فرآیند کپی کردن یک الگوی سند انبار، چه پیشوندی به کد و عنوان الگوی جدید اضافه می‌شود؟","پیشوند کد الگوهای کپی شده '99' است و پیشوند عنوان الگوی کپی شده، عنوان الگوی مبدا می‌باشد."
"اطلاعات تکمیلی مورد نیاز برای الگوی سند 'تحویل دارایی ثابت به مرکز' شامل چه فیلدی است؟","اطلاعات تکمیلی برای این الگو فقط شامل 'شماره پلاک دارایی ثابت' می‌باشد."
"چه نوع طرف مقابل‌هایی به عنوان 'سایر طرف مقابل ها' برای الگوی سند 'تحویل فروش' قابل انتخاب هستند؟","برای الگوی تحویل فروش، سایر طرف مقابل‌ها شامل 'موسسه حمل'، 'حمل کننده' و 'کارمند فروش' می‌باشد."
"اطلاعات تکمیلی مورد نیاز برای ثبت سند 'حواله انتقال بین انبار' چه مواردی را در بر می‌گیرد؟","این اطلاعات شامل شماره بازرسی کیفیت، شماره چک لیست، شماره آزمایشگاه، تایید ارفاقی، نتیجه بازرسی، نام راننده، نام خودرو، شماره پلاک، شماره بارنامه، تاریخ بارنامه و تلفن راننده می‌باشد."
"کدام الگوهای سند انبار دارای اطلاعات تکمیلی نمی‌باشند؟","الگوهای 'رسید دائم سایر' و 'حواله دائم سایر' دارای اطلاعات تکمیلی نمی‌باشند."
"چه استنباطی می‌توان از غیرقابل ویرایش بودن فیلدهایی مانند 'نوع سند' و 'جهت سند' در الگوهای استاندارد داشت؟","این ویژگی نشان می‌دهد که سیستم برای حفظ یکپارچگی و جلوگیری از خطاهای منطقی حسابداری، قوانین اصلی و جهت تراکنش‌ها (ورودی/خروجی) را برای هر نوع سند به صورت ثابت تعریف کرده و به کاربر اجازه تغییر آن را نمی‌دهد."
"فرآیند کپی کردن یک الگو چه امکانی را برای سفارشی‌سازی در اختیار کاربر قرار می‌دهد؟","این فرآیند به کاربر اجازه می‌دهد تا از یک الگوی استاندارد (حتی اگر قبلاً ویرایش شده باشد) یک نسخه جدید با کد و عنوان متفاوت ایجاد کند و فیلدهایی که در الگوهای استاندارد قابل تغییر هستند را مطابق نیاز خود سفارشی‌سازی نماید."
"با توجه به تعریف طرف مقابل برای اسناد مختلف (مانند تأمین‌کننده برای خرید، مشتری برای فروش، پروژه برای تولید)، چه چیزی در مورد ساختار داده‌ای سیستم می‌توان استنباط کرد؟","می‌توان استنباط کرد که سیستم دارای یک ساختار داده‌ای یکپارچه و مرتبط با ماژول دفترکل است که در آن، طرف مقابل‌ها بر اساس نقش‌های از پیش تعریف‌شده (تفصیل‌ها) دسته‌بندی شده و به صورت هوشمند بر اساس نوع تراکنش انبار انتخاب می‌شوند تا از صحت ثبت‌های مالی و لجستیکی اطمینان حاصل شود."
"اجباری کردن ثبت 'مبنا' یا 'عطف' برای یک الگو چه تأثیری بر فرآیندهای انبارداری دارد؟","اجباری کردن این موارد باعث افزایش دقت و قابلیت ردیابی در فرآیندها می‌شود. به عنوان مثال، ثبت یک سند 'برگشت خرید' تنها با ارجاع به سند 'خرید' اصلی امکان‌پذیر خواهد بود که این امر به کنترل دقیق‌تر موجودی و عملیات مالی کمک می‌کند."
"برای مشاهده فهرست سند انبار در سیستم، کاربر باید کدام مسیر را در منو طی کند؟","برای مشاهده‌ی لیست سند انبار می‌توان از منوی ماژول لجستیک، انبار و حسابداری انبار، عملیات تعدادی انبار، سند انبار را انتخاب نمایید."
"چه ستون‌هایی در صفحه فهرست سند انبار قابل نمایش هستند؟","ستون‌های قابل نمایش در فهرست سند انبار عبارتند از شماره سند، الگوی سند، نوع سند، انبار، تاریخ، وضعیت سند، وضعیت قیمت گذاری، وضعیت سند حسابداری و توضیحات."
"کاربرد دکمه 'جدید' در صفحه فهرست سند انبار چیست؟","با استفاده از گزینه 'جدید' می‌توان یک سند انبار جدید در سیستم ثبت کرد."
"گزینه 'فیلتر' در بالای صفحه فهرست سند انبار چه عملکردی دارد؟","گزینه 'فیلتر' به منظور نمایش یا عدم نمایش بخش جستجو و فیلتر مورد استفاده قرار می‌گیرد."
"ابزار 'تنظیم کننده عرض ستون' در فهرست سند انبار چه کاری انجام می‌دهد؟","این ابزار وظیفه تنظیم اتوماتیک عرض تمامی ستون‌های جدول فهرست را بر عهده دارد."
"در یک ساختار شرکتی هلدینگی، گزینه 'نام شرکت' در صفحه اسناد انبار چه امکانی را فراهم می‌کند؟","در شرکت‌هایی که به صورت گروه یا هلدینگ هستند، این گزینه به کاربر دارای دسترسی اجازه می‌دهد شرکت مورد نظر خود را انتخاب کرده تا لیست اسناد انبار مختص به همان شرکت را مشاهده نماید."
"گزینه 'سال مالی' در فهرست اسناد انبار به کدام پارامتر دیگر وابسته است؟","گزینه 'سال مالی' به 'نام شرکت' وابسته است و با انتخاب هر شرکت، سال‌های مالی تعریف شده برای همان شرکت نمایش داده می‌شود."
"چگونه یک کاربر می‌تواند نمای سفارشی خود از فهرست اسناد انبار را برای استفاده‌های بعدی ذخیره کند؟","کاربر می‌تواند با استفاده از گزینه 'مدیریت نماها'، فیلدهای نمایشی، چیدمان ستون‌ها و شرایط تعریف شده را برای نیازهای خود ذخیره نماید."
"فرآیند وارد کردن اطلاعات اسناد انبار از طریق فایل اکسل به سیستم چگونه است؟","کاربر ابتدا فایل نمونه را از طریق گزینه 'دریافت از اکسل' دانلود می‌کند، اطلاعات را در آن وارد کرده و سپس فایل تکمیل شده را از همان طریق در سیستم بارگذاری می‌کند. پس از تایید، سیستم پیام موفقیت یا عدم موفقیت عملیات را نمایش می‌دهد."
"چه زمانی کاربر نیاز به استفاده از گزینه 'بارگذاری مجدد' پیدا می‌کند؟","زمانی که پس از تغییر، حذف، یا ایجاد یک سند، یا پس از اعمال فیلتر و جستجو، نیاز به بروزرسانی و نمایش مجدد فهرست باشد، از این گزینه استفاده می‌شود."
"برای فعال شدن گزینه 'حذف' در فهرست سند انبار، چه شرطی باید برقرار باشد؟","گزینه 'حذف' تنها در صورتی فعال می‌شود که کاربر یک یا چند ردیف از فهرست را انتخاب کرده باشد."
"با انتخاب یک ردیف در فهرست اسناد انبار، چه امکاناتی در اختیار کاربر قرار می‌گیرد؟","پس از انتخاب یک ردیف، فرم پیش‌نمایش آن نمایش داده می‌شود که در صورت داشتن دسترسی، قابل ویرایش است. همچنین کاربر می‌تواند بین پیش‌نمایش اسناد حرکت کرده، اطلاعات خلاصه اقلام را ببیند و به لینک قیمت‌گذاری سند دسترسی پیدا کند."
"هدف از طراحی گزینه 'کپی لینک نما' در صفحه فهرست اسناد انبار چیست؟","از این گزینه برای به اشتراک گذاشتن صفحه فهرست، همراه با تمامی فیلترهای جاری اعمال‌شده بر روی آن، استفاده می‌شود."
"وجود امکاناتی چون 'مدیریت نماها' و 'تنظیمات' پیشرفته، چه موضوعی را در مورد رویکرد طراحی سیستم نشان می‌دهد؟","این امکانات نشان می‌دهد که سیستم با رویکرد ارائه انعطاف‌پذیری بالا طراحی شده است تا کاربران بتوانند محیط کاری را مطابق با نیازهای خاص خود سفارشی‌سازی کنند."
"از وجود ستون‌هایی مانند 'وضعیت سند' و 'وضعیت قیمت گذاری' چه استنباطی در مورد فرآیندهای انبارداری در این سیستم می‌توان داشت؟","وجود این ستون‌ها نشان می‌دهد که یک سند انبار در سیستم مراحل مختلفی از چرخه حیات خود، از جمله ثبت اولیه، نهایی شدن و قیمت‌گذاری را طی می‌کند و وضعیت آن در هر مرحله برای کاربر قابل مشاهده و پیگیری است."
"چگونه می‌توان فرایند ثبت یک سند انبار جدید را در سیستم آغاز کرد؟","برای ثبت سند انبار، از منو انبار و حسابداری انبار، به بخش عملیات تعدادی رفته و از زیرمنوی سند انبار، گزینه ثبت سند انبار (+) را انتخاب می‌کنیم."
"اولین اقداماتی که کاربر باید برای ثبت سند انبار جدید انجام دهد چیست؟","برای ثبت سند انبار ابتدا لازم است شرکت و الگوی مناسب برای ثبت سند انتخاب شود."
"در فرم ثبت سند انبار، تکمیل کدام فیلدها اجباری است؟","فیلدهای اجباری برای ثبت سند انبار عبارتند از: انبار، تاریخ و شماره."
"قابلیت 'افزودن به منو' در هنگام انتخاب الگو برای ثبت سند انبار چه کاربردی دارد؟","اگر الگو و شرکت انتخابی برای کاربر پرکاربرد باشد، می‌تواند با استفاده از گزینه 'افزودن به منو'، یک میانبر به آن الگو در منوی اصلی با عنوان 'الگوهای سند منتخب' ایجاد کند."
"چگونه شماره سند انبار در سیستم تعیین می شود؟","در صورتی که برای اسناد روش شماره‌گذاری تعریف شده باشد، شماره به صورت اتوماتیک تخصیص داده می‌شود؛ در غیر این صورت، شماره باید توسط انباردار به صورت دستی وارد گردد."
"فیلد 'تاریخ' در سند انبار چه تأثیری بر موجودی کالا دارد؟","تاریخ ثبت سند انبار، تاریخی است که موجودی کالا بر اساس نوع سند (افزایشی یا کاهشی) در آن تغییر می‌کند."
"نقش فیلد 'طرف مقابل' در ثبت سند انبار چیست و لیست آن چگونه تعیین می‌شود؟","فیلد 'طرف مقابل' برای مشخص کردن شخص یا شرکتی است که تراکنش با او انجام شده و لیست افراد قابل انتخاب در آن بر اساس الگوی انتخابی و تنظیمات آن الگو نمایش داده می‌شود."
"چگونه می‌توان اطلاعات تکمیلی بیشتری را در فرم ثبت سند انبار به صورت اجباری یا اختیاری تعریف کرد؟","از طریق تنظیمات 'الگوی سند انبار' می‌توان فیلدهای بیشتری را تعریف کرد. اگر فیلدی در الگو اجباری تعیین شود، در بخش اصلی اطلاعات سند نمایش داده می‌شود و اگر اختیاری باشد، در بخش 'سایر اطلاعات' قرار می‌گیرد."
"برای ثبت اقلام در سند انبار چه اطلاعاتی باید وارد شود؟","برای ثبت هر قلم، باید کالا، واحد سنجش آن و مقدار کالا وارد شود. اگر کالا واحد سنجش دومی داشته باشد، مقدار آن نیز باید مشخص گردد."
"در سایدبار (نوار کناری) فرم ثبت سند انبار چه اطلاعاتی نمایش داده می‌شود؟","در سایدبار، جمع کل اقلام سند به واحدهای ثبت سند، واحد اصلی و واحد دوم نمایش داده می‌شود. همچنین پس از ذخیره، اسناد مرتبط و با انتخاب هر ردیف، مشخصات تکمیلی کالا نیز در این بخش قابل مشاهده است."
"گزینه 'سایر عملیات' در بالای صفحه ثبت سند انبار چه امکاناتی را فراهم می‌کند؟","این گزینه امکان ایجاد سند انبار جدید، نمایش فهرست اسناد انبار، دسترسی به قیمت سند، مشاهده سند حسابداری و تاریخچه تغییر وضعیت را فراهم می‌سازد."
"سه وضعیت اصلی که یک سند انبار در چرخه حیات خود می‌تواند داشته باشد کدامند؟","وضعیت‌های اصلی یک سند انبار عبارتند از: ثبت شده، تایید شده و باطل شده."
"مفهوم 'وضعیت مبلغی سند' در صفحه مشاهده سند انبار چیست؟","این وضعیت، نرخ‌دهی اسناد ورودی و قیمت‌گذاری کاردکس اسناد خروجی را نمایش می‌دهد."
"تفاوت بین وضعیت مبلغی 'نرخ دهی شده' و 'قیمت گذاری شده' برای یک سند انبار چیست؟","وضعیت 'نرخ دهی شده' به این معناست که تمام ردیف‌های یک سند ورودی به صورت کامل نرخ‌دهی شده‌اند، در حالی که 'قیمت گذاری شده' نشان می‌دهد که یک سند خروجی، قیمت‌گذاری کاردکس شده است."
"وضعیت 'حسابداری نشده' در صفحه مشاهده سند انبار به چه معناست؟","این وضعیت نشان می‌دهد که برای سند انبار مربوطه، هنوز سند حسابداری صادر نشده است."
"در صفحه مشاهده سند انبار، در چه شرایطی دکمه 'ذخیره' فعال می‌شود؟","اگر وضعیت سند 'ثبت شده' باشد، دکمه ذخیره غیرفعال است. به محض تغییر در هر یک از فیلدهای سند، این دکمه فعال شده و کاربر می‌تواند تغییرات را ذخیره نماید."
"برای تغییر وضعیت یک سند از حالت 'ثبت شده' به 'تایید شده' یا 'باطل شده' از کدام گزینه باید استفاده کرد؟","برای تایید، ابطال و یا برگشت از تایید یک سند، از گزینه 'تغییر وضعیت' استفاده می‌شود."
"گزینه 'کپی' در صفحه مشاهده سند انبار چه عملی انجام می‌دهد و چه اطلاعاتی را منتقل می‌کند؟","این گزینه یک سند انبار جدید با الگوی مشابه ایجاد کرده و اطلاعات درج شده در فیلدهای سربرگ و اقلام سند انبار مبدأ را به سند جدید در یک تب جدید منتقل می‌کند."
"آیا الگوی چاپ سند انبار قابل تغییر است؟","بله، یک الگوی پیش‌فرض برای چاپ وجود دارد، اما کاربر در صورت داشتن دسترسی می‌تواند الگوهای آن را تغییر داده و با عنوان الگوی چاپ جدید ذخیره نماید."
"با توجه به تنظیمات الگوها، چگونه می‌توان استنباط کرد که سیستم ثبت سند انبار قابلیت سفارشی‌سازی برای شرکت‌های مختلف را دارد؟","سیستم از طریق 'الگوی سند انبار' به شرکت‌ها اجازه می‌دهد تا فیلدهای اطلاعاتی مورد نیاز خود (مانند اطلاعات سایر طرف مقابل‌ها و اطلاعات تکمیلی) را تعریف کرده و حتی آن‌ها را بر اساس نیاز خود اجباری کنند، که این نشان‌دهنده انعطاف‌پذیری و قابلیت سفارشی‌سازی سیستم است."
"در صفحه مشاهده سند انبار، فیلد ""نام الگوی سند انبار"" چه اطلاعاتی را نمایش می‌دهد؟","نام الگوی سند انباری است که از روی آن سند انبار ایجاد شده است."
"گزینه ""وضعیت سند"" در فرم مشاهده سند انبار چه حالت‌هایی را می‌تواند داشته باشد؟","وضعیت سند می‌تواند یکی از این سه حالت باشد: تایید شده، ثبت شده و باطل شده."
"اولین وضعیت یک سند انبار پس از ایجاد چیست و برای تغییر آن (مانند تایید یا ابطال) از چه گزینه‌ای استفاده می‌شود؟","اولین وضعیت یک سند، ""ثبت شده"" می‌باشد و برای تایید، ابطال یا برگشت از تایید آن از گزینه ""تغییر وضعیت"" استفاده می‌شود."
"در چه شرایطی دکمه ""ذخیره"" در فرم مشاهده سند انبار غیرفعال است و چه عاملی آن را مجدداً فعال می‌کند؟","اگر وضعیت سند ""ثبت شده"" باشد، گزینه ذخیره غیرفعال است. به محض تغییر در یکی از فیلدهای سند، این گزینه فعال شده و کاربر می‌تواند تغییرات را ذخیره نماید."
"عملکرد گزینه ""کپی"" در صفحه مشاهده یک سند انبار چیست؟","با استفاده از این گزینه می‌توان از روی سند انبار موجود، یک سند انبار دیگر با الگوی مشابه به همراه اطلاعات درج شده در فیلدهای سربرگ و اقلام، در یک تب جدید ایجاد کرد."
"سه حالت مختلف ""وضعیت مبلغی سند"" برای یک سند انبار ورودی بر اساس نرخ‌دهی اقلام آن چیست؟","اگر سند ورودی نرخ دهی نشده باشد، وضعیت آن ""بدون قیمت"" است. اگر ردیف‌های اقلام به صورت ناقص نرخ دهی شده باشند، وضعیت ""نرخ دهی ناقص"" است و اگر تمام ردیف‌ها به صورت کامل نرخ دهی شده باشند، وضعیت ""نرخ دهی شده"" خواهد بود."
"وضعیت مبلغی یک سند انبار خروجی چگونه مشخص می‌شود؟","اگر سند خروجی قیمت گذاری کاردکس شده باشد، وضعیت سند ""قیمت گذاری شده"" و اگر قیمت گذاری کاردکس نشده باشد، وضعیت ""بدون قیمت"" خواهد بود."
"گزینه ""وضعیت صدور سند حسابداری"" چه اطلاعاتی را در مورد سند انبار نمایش می‌دهد؟","این گزینه نشان می‌دهد که آیا سند حسابداری برای سند انبار مربوطه صادر شده است یا خیر. اگر صادر نشده باشد وضعیت ""حسابداری نشده"" و اگر صادر شده باشد وضعیت ""حسابداری شده"" خواهد بود."
"کاربرد گزینه ""چاپ"" در فرم سند انبار چیست و چه امکانی برای سفارشی‌سازی آن وجود دارد؟","از گزینه چاپ برای چاپ سند انبار استفاده می‌شود. برای این کار یک الگوی پیشفرض وجود دارد و در صورت داشتن دسترسی، می‌توان الگوهای آن را تغییر داد و به عنوان یک الگوی چاپ جدید ذخیره نمود."
"گزینه ""سایر عملیات"" در صفحه مشاهده سند انبار چه امکاناتی را در اختیار کاربر قرار می‌دهد؟","این گزینه امکان ایجاد یک سند انبار جدید و همچنین نمایش فهرست اسناد انبار را فراهم می‌سازد."
"فیلدهای ""نام شرکت"" و ""سال مالی"" در فرم مشاهده سند انبار به ترتیب چه مواردی را نشان می‌دهند؟","""نام شرکت""، شرکتی را که سند انبار در آن ایجاد شده نمایش می‌دهد و ""سال مالی""، سال مالی مربوط به همان شرکت را که سند در آن ثبت شده است، نمایش می‌دهد."
"کاربرد گزینه ""بارگذاری مجدد"" در فرم مشاهده سند انبار چیست؟","این گزینه امکان بارگذاری مجدد فرم سند انبار را فراهم می‌کند."
"در صفحه مشاهده سند انبار، فیلد ""نام الگوی سند انبار"" چه اطلاعاتی را نمایش می‌دهد؟","نام الگوی سند انباری است که از روی آن سند انبار ایجاد شده است."
"گزینه ""وضعیت سند"" در فرم مشاهده سند انبار چه حالت‌هایی را می‌تواند داشته باشد؟","وضعیت سند می‌تواند یکی از این سه حالت باشد: تایید شده، ثبت شده و باطل شده."
"اولین وضعیت یک سند انبار پس از ایجاد چیست و برای تغییر آن (مانند تایید یا ابطال) از چه گزینه‌ای استفاده می‌شود؟","اولین وضعیت یک سند، ""ثبت شده"" می‌باشد و برای تایید، ابطال یا برگشت از تایید آن از گزینه ""تغییر وضعیت"" استفاده می‌شود."
"در چه شرایطی دکمه ""ذخیره"" در فرم مشاهده سند انبار غیرفعال است و چه عاملی آن را مجدداً فعال می‌کند؟","اگر وضعیت سند ""ثبت شده"" باشد، گزینه ذخیره غیرفعال است. به محض تغییر در یکی از فیلدهای سند، این گزینه فعال شده و کاربر می‌تواند تغییرات را ذخیره نماید."
"عملکرد گزینه ""کپی"" در صفحه مشاهده یک سند انبار چیست؟","با استفاده از این گزینه می‌توان از روی سند انبار موجود، یک سند انبار دیگر با الگوی مشابه به همراه اطلاعات درج شده در فیلدهای سربرگ و اقلام، در یک تب جدید ایجاد کرد."
"سه حالت مختلف ""وضعیت مبلغی سند"" برای یک سند انبار ورودی بر اساس نرخ‌دهی اقلام آن چیست؟","اگر سند ورودی نرخ دهی نشده باشد، وضعیت آن ""بدون قیمت"" است. اگر ردیف‌های اقلام به صورت ناقص نرخ دهی شده باشند، وضعیت ""نرخ دهی ناقص"" است و اگر تمام ردیف‌ها به صورت کامل نرخ دهی شده باشند، وضعیت ""نرخ دهی شده"" خواهد بود."
"وضعیت مبلغی یک سند انبار خروجی چگونه مشخص می‌شود؟","اگر سند خروجی قیمت گذاری کاردکس شده باشد، وضعیت سند ""قیمت گذاری شده"" و اگر قیمت گذاری کاردکس نشده باشد، وضعیت ""بدون قیمت"" خواهد بود."
"گزینه ""وضعیت صدور سند حسابداری"" چه اطلاعاتی را در مورد سند انبار نمایش می‌دهد؟","این گزینه نشان می‌دهد که آیا سند حسابداری برای سند انبار مربوطه صادر شده است یا خیر. اگر صادر نشده باشد وضعیت ""حسابداری نشده"" و اگر صادر شده باشد وضعیت ""حسابداری شده"" خواهد بود."
"کاربرد گزینه ""چاپ"" در فرم سند انبار چیست و چه امکانی برای سفارشی‌سازی آن وجود دارد؟","از گزینه چاپ برای چاپ سند انبار استفاده می‌شود. برای این کار یک الگوی پیشفرض وجود دارد و در صورت داشتن دسترسی، می‌توان الگوهای آن را تغییر داد و به عنوان یک الگوی چاپ جدید ذخیره نمود."
"گزینه ""سایر عملیات"" در صفحه مشاهده سند انبار چه امکاناتی را در اختیار کاربر قرار می‌دهد؟","این گزینه امکان ایجاد یک سند انبار جدید و همچنین نمایش فهرست اسناد انبار را فراهم می‌سازد."
"فیلدهای ""نام شرکت"" و ""سال مالی"" در فرم مشاهده سند انبار به ترتیب چه مواردی را نشان می‌دهند؟","""نام شرکت""، شرکتی را که سند انبار در آن ایجاد شده نمایش می‌دهد و ""سال مالی""، سال مالی مربوط به همان شرکت را که سند در آن ثبت شده است، نمایش می‌دهد."
"کاربرد گزینه ""بارگذاری مجدد"" در فرم مشاهده سند انبار چیست؟","این گزینه امکان بارگذاری مجدد فرم سند انبار را فراهم می‌کند."
"سیستم انبار علاوه بر نگهداری موجودی تعدادی، چه مسئولیت مهم دیگری را بر عهده دارد؟","سیستم انبار مسئولیت نگهداری موجودی مبلغی را نیز بر عهده دارد."
"قیمت‌گذاری برای اسناد انبار ورودی که بدون عطف هستند، به چه روش‌هایی انجام می‌شود؟","قیمت اسناد ورودی بدون عطف به صورت دستی یا از طریق خواندن اطلاعات از زیرسیستم تعیین می‌شود."
"مبنای محاسبه قیمت برای اسناد انبار خروجی چیست؟","قیمت اسناد خروجی بر اساس محاسبات کاردکس اجرا و تعیین می‌شود."
"برای دسترسی به فهرست اسناد انبار از طریق منوهای سیستم، چه مسیری را باید طی کرد؟","برای مشاهده‌ی لیست سند انبار می‌توان از منوی ماژول لجستیک، انبار و حسابداری انبار، عملیات تعدادی انبار، سند انبار را انتخاب نمود."
"در صفحه فهرست سند انبار، چه ستون‌هایی برای نمایش اطلاعات اسناد وجود دارد؟","ستون‌های قابل نمایش در فهرست سند انبار عبارتند از: شماره سند، الگوی سند، نوع سند، انبار، تاریخ سند و وضعیت سند."
"کاربرد گزینه آبشاری ""فهرست سند انبار"" در بالای صفحه چیست؟","با استفاده از این گزینه می‌توان نماهای تعریف شده در سیستم را مشاهده کرد و همچنین تنظیمات مربوط به نما را ذخیره و مدیریت نمود."
"در ساختارهای شرکتی هلدینگ یا گروه، گزینه ""نام شرکت"" در بالای فهرست سند انبار چه کاربردی دارد؟","در شرکت‌هایی که به صورت گروه یا هلدینگ هستند، با استفاده از این گزینه می‌توان در صورت داشتن دسترسی، شرکت مورد نظر را انتخاب کرد تا لیستی از سندهای انبار ثبت شده مختص آن شرکت نمایش داده شود."
"چه رابطه‌ای بین گزینه‌های ""نام شرکت"" و ""سال مالی"" در صفحه فهرست سند انبار وجود دارد؟","گزینه ""سال مالی"" وابسته به ""نام شرکت"" است؛ با توجه به شرکت انتخابی، سال‌های مالی تعریف شده برای همان شرکت نمایش داده می‌شود."
"گزینه ""تنظیمات"" در بالای فهرست سند انبار، چه امکاناتی را برای سفارشی‌سازی نمایش فهرست فراهم می‌کند؟","گزینه ""تنظیمات"" شامل انتخاب ستون‌ها، مرتب‌سازی، گروه‌بندی و تجمیع فیلترها برای نمایش فهرست می‌باشد."
"چگونه می‌توان یک نمای خاص از فهرست اسناد انبار را با فیلترهای اعمال‌شده برای دیگران به اشتراک گذاشت؟","از گزینه ""کپی لینک نما"" برای به اشتراک‌گذاری صفحه فهرست با فیلترهای جاری استفاده می‌شود."
"در چه مواقعی کاربر نیاز به استفاده از گزینه ""بارگذاری مجدد"" در صفحه فهرست سند انبار پیدا می‌کند؟","گاهی پس از تغییر، حذف، ایجاد یک سند جدید یا اعمال فیلتر و جستجو، نیاز است که فهرست با استفاده از این گزینه مجدداً بارگذاری شود."
"گزینه ""تنظیم کننده عرض ستون"" چه عملکردی در جدول فهرست اسناد انبار دارد؟","تنظیم اتوماتیک عرض تمامی ستون‌های جدول فهرست از طریق این گزینه انجام می‌شود."
"بخش ""جستجو و فیلتر"" در بالای صفحه فهرست سند انبار چه امکانی به کاربر می‌دهد؟","در این بخش کاربر می‌تواند ستون‌های مورد نظر خود را برای فیلتر کردن و جستجو میان داده‌های آن ستون انتخاب نماید."
"در فرم مشاهده سند انبار، گزینه ""وضعیت سند"" چه حالت‌هایی را می‌تواند نمایش دهد؟","این گزینه وضعیت سند را مشخص می‌کند که عبارت است از: تایید شده، ثبت شده و باطل شده."
"اولین وضعیت یک سند انبار چیست و از گزینه ""تغییر وضعیت"" برای چه اقداماتی می‌توان استفاده کرد؟","اولین وضعیت یک سند، ""ثبت شده"" می‌باشد و برای تایید آن، برگشت از تایید، یا ابطال سند از گزینه ""تغییر وضعیت"" استفاده می‌شود."
"در فرم مشاهده سند انبار، دکمه ""ذخیره"" در چه حالتی غیرفعال است و چه عاملی باعث فعال شدن آن می‌شود؟","این گزینه در ابتدا غیرفعال است. اگر وضعیت سند ""ثبت شده"" باشد، با تغییر اطلاعات فیلدهای سربرگ یا اقلام سند، این گزینه برای کاربر فعال می‌شود."
"در چه شرایطی امکان حذف یک سند انبار از طریق گزینه ""حذف"" وجود ندارد؟","اگر سند انبار تایید شده و یا ابطال شده باشد، نمی‌توان آن را حذف کرد."
"پس از ورود به فرم قیمت سند، کدام چهار فیلد اصلی غیرقابل تغییر هستند؟","فیلدهای تاریخ سند، شماره سند، عنوان سند و عنوان انبار غیرقابل تغییر می‌باشند."
"برای تغییر ارز جهت ثبت قیمت یک سند خرید خارجی، چه پیش‌نیازهایی لازم است؟","کاربر باید لایسنس ارزی را در اختیار داشته باشد و سپس می‌تواند از طریق سلکتور ارز، نوع ارز را تغییر دهد."
"در فرم قیمت سند، کاربر چگونه قیمت کالا را وارد می‌کند و مبلغ کل چگونه محاسبه می‌شود؟","کاربر در فیلد ""فی""، قیمت واحد کالا را وارد کرده و سیستم با توجه به تعداد کالا، مبلغ را محاسبه می‌نماید."
"برای ثبت تخفیف و کرایه حمل در یک سند انبار، کاربر باید از کدام گزینه استفاده کند؟","در صورتی که کاربر نیاز به ثبت تخفیف و کرایه حمل داشته باشد، باید از طریق گزینه ""عوامل مبلغی"" اقدام نماید."
"برای محاسبه مالیات بر ارزش افزوده در سیستم، چه پیش‌نیازهایی باید تعریف شده باشد و در غیر این صورت چه اتفاقی می‌افتد؟",""چهار پیش‌نیاز لازم است: تعریف گروه مالیاتی، تخصیص گروه مالیاتی به کالا، تعریف گروه مالیاتی طرف تجاری، و تعریف نرخ مالیات. در صورتی که این موارد تعیین نشده باشد، کاربر با پیام خطا مواجه می‌شود.""
"گزینه ""کپی"" در فرم مشاهده سند انبار چه کاربردی دارد؟","با استفاده از این گزینه می‌توان از روی سند انبار مربوطه، یک سند انبار دیگری با الگوی مشابه به همراه اطلاعات درج شده در فیلدهای سربرگ و اقلام سند انبار در تب جدید ایجاد کرد."
"گزینه ""وضعیت صدور سند حسابداری"" چه اطلاعاتی را مشخص می‌کند؟","این گزینه نشان می‌دهد که آیا سند حسابداری برای سند خرید داخلی صادر شده است یا خیر و وضعیت آن ""حسابداری نشده"" یا ""حسابداری شده"" خواهد بود."
"فرم ""قلم سند انبار"" در سیستم انبار چه کاربرد اصلی دارد؟","از فرم ""قلم سند انبار"" برای مشاهده اطلاعات کلیه اقلام اسناد ورودی و خروجی کالا به انبار استفاده می شود."
"اطلاعات موجود در فرم ""قلم سند انبار"" به عنوان مبنای چه فرآیندهایی در مدیریت انبار مورد استفاده قرار می‌گیرد؟","این اطلاعات به عنوان مبنایی برای کنترل موجودی، تهیه گزارشات و تصمیم‌گیری‌های مرتبط با انبار استفاده می‌شوند."
"اهمیت استراتژیک اطلاعات ثبت شده در بخش ""قلم سند انبار"" برای یک سازمان چیست؟","اهمیت آن در این است که مبنای تصمیم‌گیری‌های مدیریتی، کنترل موجودی و تهیه گزارش‌های کلیدی مرتبط با انبار را فراهم می‌کند."
"برای مشاهده فهرست اقلام سند انبار، کاربر باید چه مسیری را در منوی سیستم طی کند؟","کاربر می‌تواند از منوی ماژول لجستیک، انبار و حسابداری انبار، عملیات تعدادی انبار، گزینه قلم سند انبار را انتخاب نماید."
"فهرست اقلام سند انبار شامل چه ستون‌هایی برای نمایش اطلاعات کالاها و اسناد مرتبط است؟","ستون‌های قابل نمایش عبارتند از: شماره سند، عنوان سند، نوع سند، عنوان انبار، تاریخ سند، کد کالا، عنوان کالا، واحد سنجش، مقدار، مقدار به واحد اصلی، مقدار به واحد دوم، وضعیت سند و توضیحات."
"گزینه آبشاری ""فهرست سند انبار"" در بالای صفحه چه کاربردی دارد و کاربر چگونه می‌تواند یک نمای سفارشی را برای خود ذخیره کند؟","از این گزینه می‌توان نماهای تعریف شده را مشاهده، ذخیره و مدیریت کرد. اگر کاربر بخواهد چیدمان ستون‌ها و شرایط نمایش فهرست را برای خود ذخیره نماید، از گزینه مدیریت نماها استفاده می‌کند."
"در یک ساختار هلدینگ، گزینه ""نام شرکت"" در فهرست اقلام سند انبار چه تاثیری بر داده‌های نمایش داده شده دارد؟","با استفاده از این گزینه، کاربرِ دارای دسترسی می‌تواند شرکت مورد نظر خود را انتخاب کرده تا لیستی از اقلام سندهای انبار ثبت شده مختص همان شرکت را مشاهده کند."
"چه وابستگی‌ای بین گزینه‌های ""نام شرکت"" و ""سال مالی"" در صفحه فهرست اقلام سند انبار وجود دارد؟","گزینه ""سال مالی"" وابسته به ""نام شرکت"" است و با توجه به شرکت انتخابی، فقط سال‌های مالی تعریف شده برای همان شرکت نمایش داده می‌شود."
"گزینه ""تنظیمات"" در بالای فهرست اقلام سند انبار چه امکاناتی برای سفارشی‌سازی نمایش فهرست ارائه می‌دهد؟","این گزینه شامل امکانات انتخاب ستون‌ها، مرتب‌سازی، گروه‌بندی و تجمیع فیلترها برای نمایش فهرست می‌باشد."
"کاربرد گزینه ""کپی لینک نما"" در صفحه فهرست اقلام سند انبار چیست؟","از این گزینه برای به اشتراک‌گذاری صفحه فهرست، همراه با فیلترهای جاری اعمال شده، با دیگران استفاده می‌شود."
"بخش ""جستجو و فیلتر"" در صفحه فهرست اقلام سند انبار چه قابلیتی را فراهم می‌کند؟","در این بخش می‌توان ستون‌های مورد نظر را برای فیلتر کردن و جستجو میان داده‌های موجود در آن ستون انتخاب نمود."
"عملکرد گزینه ""تنظیم کننده عرض ستون"" در جدول فهرست اقلام سند انبار چیست؟","تنظیم اتوماتیک عرض تمامی ستون‌های جدول فهرست از طریق این گزینه انجام می‌شود."
"وجود سه ستون مجزا برای مقادیر (مقدار، مقدار به واحد اصلی، مقدار به واحد دوم) در فهرست اقلام سند انبار، بیانگر چه قابلیتی در سیستم است؟","این موضوع نشان می‌دهد که سیستم قادر است مقادیر کالاها را بر اساس واحدهای سنجش مختلف (واحد اصلی، واحد دوم و واحد تراکنش) به صورت تفکیک شده ردیابی و نمایش دهد."
"گزینه ""بارگذاری مجدد"" در صفحه فهرست اقلام سند انبار در چه مواقعی استفاده می‌شود؟","گاهی نیاز است بعد از تغییر، حذف و ایجاد یک سند یا اعمال فیلتر و جستجو، فهرست با استفاده از این گزینه مجددا بارگذاری شود."
"صفحه 'فهرست اقلام درخواست کالا' چه اطلاعات اصلی را به کاربر نمایش می‌دهد؟","در این صفحه می‌توان لیستی از کالاها به همراه اطلاعات مربوط به فرم درخواست کالای مرتبط با آن کالاها را مشاهده کرد."
"برای مشاهده لیست اقلام درخواست کالا در سیستم، چه مسیری را باید در منو دنبال کرد؟","از منوی ماژول لجستیک، انبار و حسابداری انبار، گزینه عملیات تعدادی انبار و سپس 'قلم درخواست کالا از انبار' را انتخاب می‌کنیم."
"گزینه 'نام شرکت' در بالای فهرست اقلام درخواست کالا، چه امکانی را برای سازمان‌های هلدینگ فراهم می‌کند؟","در شرکت‌هایی که به صورت گروه یا هلدینگ هستند، این گزینه به کاربر دارای دسترسی اجازه می‌دهد شرکت مورد نظر خود را انتخاب کرده و لیست اقلام درخواست کالای مختص به آن شرکت را مشاهده کند."
"کاربرد گزینه 'مدیریت نماها' که در متن به آن اشاره شده، چیست؟","کاربر می‌تواند فیلدهای نمایش داده شده در فهرست، چیدمان ستون‌های فهرست و شرایط آن را برای نیاز خودش ذخیره نماید."
"در چه شرایطی کاربر از دکمه 'بارگذاری مجدد' در صفحه فهرست اقلام درخواست کالا استفاده می‌کند؟","گاهی پس از تغییر، حذف و ایجاد یک سند درخواست یا استفاده از فیلتر و جستجو، برای بروزرسانی فهرست از این گزینه استفاده می‌شود."
"گزینه‌های 'تغییر وضعیت' و 'حذف' در فهرست اقلام درخواست کالا چه زمانی فعال می‌شوند؟","این گزینه‌ها در صورت انتخاب یک یا چند ردیف از فهرست فعال می‌شوند."
"کاربرد گزینه 'تنظیم کننده عرض ستون' در صفحه فهرست چیست؟","از این گزینه برای تنظیم اتوماتیک عرض تمامی ستون‌های جدول فهرست استفاده می‌شود."
"در فهرست اقلام درخواست کالا، چه ستون‌هایی برای پیگیری اطلاعات مالی و پروژه‌ای یک قلم کالا وجود دارد؟","ستون‌های شخص/شرکت، مرکز هزینه و پروژه برای این منظور در نظر گرفته شده‌اند."
"فرآیند تغییر وضعیت یک یا چند قلم درخواست کالا چگونه انجام می‌شود؟","پس از انتخاب ردیف یا ردیف‌های مورد نظر از فهرست، گزینه 'تغییر وضعیت' فعال شده و کاربر می‌تواند با توجه به دسترسی خود، وضعیت آن‌ها را تغییر دهد."
"چه تفاوتی بین اطلاعات 'مرکز نگهداری' و 'مرکز نگهداری فرستنده' در ستون‌های فهرست اقلام وجود دارد؟","'مرکز نگهداری' به محلی که کالا را درخواست کرده اشاره دارد، در حالی که 'مرکز نگهداری فرستنده' به مبدا احتمالی ارسال کالا (در سناریوهای انتقالی) اشاره می‌کند."
"بر اساس ستون‌های قابل نمایش، چه جزئیاتی در مورد مقادیر و واحدهای اندازه‌گیری کالا قابل مشاهده است؟","ستون‌های 'عنوان واحد سنجش'، 'مقدار به واحد اصلی' و 'مقدار به واحد دوم' جزئیات دقیق مقادیر کالا بر اساس واحدهای مختلف سنجش را نمایش می‌دهند."
"وجود ستون 'وضعیت قلم سند' در فهرست اقلام، چه قابلیتی را برای مدیریت درخواست‌ها فراهم می‌کند؟","این قابلیت امکان پیگیری مرحله به مرحله هر قلم کالا به صورت مجزا را فراهم می‌کند، که نشان‌دهنده وجود یک گردش کار (workflow) برای پردازش درخواست‌ها در سیستم است."
"نمایش فهرستی مجزا برای 'اقلام' درخواست کالا، به جای نمایش آن‌ها فقط در خود 'سند' درخواست، چه مزیتی در گزارش‌گیری و تحلیل داده‌ها دارد؟","این ویژگی امکان تحلیل و فیلتر کردن داده‌ها را در سطح جزئی‌ترین اطلاعات (هر قلم کالا) فراهم می‌کند و به مدیران اجازه می‌دهد گزارش‌های دقیقی بر اساس کالاهای خاص، مراکز هزینه یا پروژه‌ها تهیه کنند، بدون اینکه درگیر اطلاعات کلی سند شوند."
"در سیستم انبار، تعریف 'اسناد تجمیعی انبار' چیست؟","به اسنادی گفته می‌شود که چندین اقلام سند انبار با جزئیات مختلف را در یک سند واحد جمع‌آوری می‌کنند."
"استفاده از اسناد تجمیعی انبار چه مزایایی به همراه دارد؟","این نوع اسناد، برای ساده‌سازی فرآیندهای انبار و حسابداری، کاهش خطای انسانی و بهبود دقت در گزارش‌گیری از انبار مورد استفاده قرار می‌گیرند."
"در سیستم انبار، یک کاربر از چه روش‌هایی می‌تواند برای ثبت یک سند انبار تجمیعی اقدام کند؟","کاربر می‌تواند با انتخاب یک سند درخواست کالا و ثبت سند انبار بر مبنای آن، یا با انتخاب مستقیم کالاها و افزودن آن‌ها به لیست اقلام سند، یک سند تجمیعی ایجاد کند."
"چگونه اسناد تجمیعی به کاهش خطای انسانی و بهبود دقت گزارش‌گیری کمک می‌کنند؟","با جمع‌آوری چندین قلم سند در یک سند واحد، این اسناد فرآیندهای انبار و حسابداری را ساده‌سازی کرده و با کاهش تعداد اسناد ورودی، احتمال بروز خطا را کاهش داده و دقت گزارش‌ها را افزایش می‌دهند."
"صفحه 'فهرست اسناد تجمیعی' از چه تب‌هایی تشکیل شده و کاربرد هر کدام چیست؟","این صفحه دارای دو تب است. تب اول لیستی از درخواست‌های کالا را نمایش می‌دهد و تب دوم لیستی از کالاهای تعریف شده در سیستم را نشان می‌دهد. از هر دو تب می‌توان برای ثبت تجمیعی سند انبار استفاده کرد."
"در تب 'درخواست کالا' از صفحه اسناد تجمیعی، چه شرطی برای انتخاب چند درخواست جهت ثبت سند انبار وجود دارد؟","شرط لازم این است که درخواست‌های کالای انتخاب شده، همگی دارای 'نوع درخواست کالای مشترک' باشند."
"چگونه کاربر می‌تواند بین حالت نمایش 'درخواست کالا' و 'کالا' در صفحه اسناد تجمیعی جابجا شود؟","با استفاده از گزینه 'درخواست کالا / کالا' که در بالای صفحه قرار دارد، می‌توان تب مورد نظر را برای صدور تجمیعی سند انبار انتخاب نمود."
"برای دسترسی به صفحه 'اسناد تجمیعی' در ماژول لجستیک، چه مسیری را باید طی کرد؟","از منوی ماژول لجستیک، انبار و حسابداری انبار، بخش عملیات تعدادی انبار، گزینه 'اسناد تجمیعی' را انتخاب می‌نماییم."
"گزینه 'تنظیمات' در بالای صفحه اسناد تجمیعی چه امکاناتی را برای شخصی‌سازی فهرست فراهم می‌کند؟","این گزینه شامل امکانات انتخاب ستون‌ها، مرتب‌سازی، گروه‌بندی و تجمیع فیلترها برای نمایش فهرست می‌باشد."
"در تب دوم صفحه اسناد تجمیعی (فهرست کالا)، چه اطلاعاتی در مورد قیمت‌گذاری و طبقه‌بندی کالاها قابل مشاهده است؟","ستون‌های 'طبقه حساب کالا' و 'روش قیمت گذاری' اطلاعات مربوط به طبقه‌بندی و قیمت‌گذاری کالاها را نمایش می‌دهند."
"تفاوت اصلی بین دو رویکرد موجود در تب‌های صفحه اسناد تجمیعی برای ایجاد سند انبار چیست؟","در تب اول، مبنای ایجاد سند، یک یا چند 'درخواست کالای' از قبل ثبت شده است، در حالی که در تب دوم، کاربر مستقیماً یک یا چند 'کالای' تعریف شده را بدون وجود درخواست قبلی انتخاب کرده و برایشان سند انبار صادر می‌کند."
"کاربرد گزینه 'کپی لینک نما' در صفحه اسناد تجمیعی چیست؟","از این گزینه برای به اشتراک‌گذاری نمای فعلی صفحه فهرست، به همراه تمام فیلترهای اعمال شده بر روی آن، استفاده می‌شود."
"چرا سیستم کاربر را ملزم می‌کند که برای تجمیع چند درخواست کالا، آن‌ها از یک نوع مشترک باشند؟","این الزام به این دلیل است که نوع درخواست (مثلاً مصرف، تولید، ضایعات) ماهیت و فرآیند حسابداری سند انبار نهایی را تعیین می‌کند. مشترک بودن نوع درخواست‌ها تضمین می‌کند که سند انبار تجمیعی از نظر منطقی و فرآیندی یکپارچه و صحیح باشد."
"مقایسه ستون‌های دو تب 'درخواست کالا' و 'کالا' چه چیزی را در مورد ماهیت دو فرآیند نشان می‌دهد؟","ستون‌های تب اول (مانند درخواست‌کننده، تاریخ نیاز، مرکز هزینه) نشان‌دهنده یک فرآیند مبتنی بر تقاضا و نیاز سازمانی هستند. در مقابل، ستون‌های تب دوم (مانند روش قیمت‌گذاری، نوع کالا) یک فرآیند مبتنی بر مدیریت مستقیم موجودی و کالا را نشان می‌دهند که لزوماً به یک درخواست خاص وابسته نیست."
"گزینه 'مدیریت نماها' چه نقشی در افزایش کارایی کاربر در صفحه اسناد تجمیعی با دو تب مجزا ایفا می‌کند؟","از آنجایی که هر تب ستون‌ها و کاربرد متفاوتی دارد، 'مدیریت نماها' به کاربر اجازه می‌دهد تا برای هر تب، نماهای سفارشی و بهینه شده خود را (شامل ستون‌ها، فیلترها و ترتیب) ذخیره کند و به سرعت بین آن‌ها جابجا شود، که این امر کارایی را به شدت افزایش می‌دهد."
"در چه شرایطی کاربر نیاز به استفاده از دکمه 'بارگذاری مجدد' در صفحه اسناد تجمیعی پیدا می‌کند؟","پس از تغییر، حذف یا ایجاد یک سند درخواست کالا، یا تعریف، تغییر و حذف یک کالا، و یا پس از اعمال فیلتر و جستجو، برای مشاهده آخرین تغییرات در فهرست، نیاز به بارگذاری مجدد است."
"در فرآیند ثبت سند تجمیعی از تب 'درخواست کالا'، پس از انتخاب رکوردهای مورد نظر چه اقدامی باید انجام داد؟","پس از انتخاب رکوردهای درخواست‌های کالا، باید بر روی دکمه 'ثبت سند' کلیک کرد."
"در پنجره باز شده برای ثبت سند تجمیعی، کدام فیلدها برای کاربر اجباری هستند؟","کاربر می بایست فیلدهای اجباری 'الگوی سند انبار' و 'انبار' را انتخاب نماید."
"چه شرطی برای فعال شدن دکمه 'ثبت سند' هنگام انتخاب چند درخواست کالا وجود دارد؟","کاربر فقط می‌تواند درخواست‌های کالایی را همزمان انتخاب کند که نوع آن‌ها با یکدیگر مشابه باشد، در غیر این صورت دکمه 'ثبت سند' غیر فعال می‌شود."
"در فرآیند ثبت سند تجمیعی، فیلد 'طرف مقابل سربرگ' چگونه و در چه زمانی در فرم ظاهر می‌شود؟","با انتخاب 'الگوی سند'، فیلد 'طرف مقابل سربرگ' به صورت اتوماتیک ظاهر می‌شود و کاربر می‌تواند طرف مقابل سند را انتخاب نماید."
"مراحل کامل ثبت سند تجمیعی از تب 'درخواست کالا' را شرح دهید.","کاربر یک یا چند درخواست کالا با نوع مشابه را انتخاب کرده و دکمه 'ثبت سند' را کلیک می‌کند. در پنجره باز شده، الگوی سند انبار و انبار را انتخاب کرده و سپس طرف مقابل سند را (که پس از انتخاب الگو ظاهر می‌شود) مشخص می‌کند."
"مراحل کامل ثبت سند تجمیعی از تب 'کالا' را شرح دهید.","کاربر یک یا چند کالا را انتخاب کرده و روی دکمه 'ثبت سند' کلیک می‌کند. سپس الگوی سند انبار و انبار را به عنوان فیلدهای اجباری انتخاب کرده و در صورتی که الگو نیازمند طرف مقابل باشد، آن را نیز انتخاب می‌کند."
"نقش 'الگوی سند انبار' در فرآیند ثبت سند تجمیعی چیست؟","انتخاب 'الگوی سند انبار' یک مرحله اجباری است که ساختار و فیلدهای مورد نیاز سند انبار نهایی، از جمله لزوم وجود فیلد 'طرف مقابل'، را تعیین می‌کند."
"چه تفاوتی در نمایش فیلد 'طرف مقابل' بین فرآیند ثبت سند از تب 'کالا' و تب 'درخواست کالا' وجود دارد؟","در تب 'درخواست کالا'، با انتخاب الگو، فیلد طرف مقابل به صورت اتوماتیک ظاهر می‌شود. در تب 'کالا'، این فیلد تنها در صورتی ظاهر می‌شود که در الگوی سند انتخاب شده، تعریف شده باشد."
"چرا انتخاب 'الگوی سند انبار' به عنوان اولین فیلد اجباری در پنجره ثبت، از نظر طراحی سیستم منطقی است؟","زیرا الگو، ساختار کلی، نوع، و فیلدهای الزامی سند انبار نهایی را مشخص می‌کند. سیستم با دریافت الگو در ابتدا، می‌تواند فرم را به صورت پویا و بر اساس قوانین آن الگو (مانند نمایش فیلد طرف مقابل) برای کاربر آماده کند."
"فرآیند 'عملیات مبلغی انبار' یا ارزش گذاری کالاها در انبار چیست؟","فرآیندی است که در آن، به هر کالا در انبار یک ارزش ریالی اختصاص داده می‌شود."
"عملیات مبلغی انبار شامل چه مواردی می‌شود؟","این عملیات شامل سه بخش اصلی است: فهرست بها، استقرار حساب انبار و قیمت گذاری کاردکس."
"ارزش ریالی یک کالا در انبار بر اساس چه عواملی محاسبه و تعیین می‌گردد؟","ارزش کالا بر اساس قیمت خرید آن، هزینه‌های جانبی مانند حمل و نقل و سایر هزینه‌های مرتبط با آن کالا تعیین می‌شود."
"هدف اصلی عملیات مبلغی انبار چیست و این فرآیند مشخصاً برای کدام نوع از اسناد انبار انجام می‌شود؟","هدف اصلی این است که مشخص شود هر کالا در انبار چقدر ارزش دارد و این عملیات به طور خاص برای قیمت‌گذاری اسناد خروجی انجام می‌گیرد."
"در فرآیند ثبت سند تجمیعی از تب 'درخواست کالا'، پس از انتخاب رکوردهای مورد نظر چه اقدامی باید انجام داد؟","پس از انتخاب رکوردهای درخواست‌های کالا، باید بر روی دکمه 'ثبت سند' کلیک کرد."
"در پنجره باز شده برای ثبت سند تجمیعی، کدام فیلدها برای کاربر اجباری هستند؟","کاربر می بایست فیلدهای اجباری 'الگوی سند انبار' و 'انبار' را انتخاب نماید."
"چه شرطی برای فعال شدن دکمه 'ثبت سند' هنگام انتخاب چند درخواست کالا وجود دارد؟","کاربر فقط می‌تواند درخواست‌های کالایی را همزمان انتخاب کند که نوع آن‌ها با یکدیگر مشابه باشد، در غیر این صورت دکمه 'ثبت سند' غیر فعال می‌شود."
"در فرآیند ثبت سند تجمیعی، فیلد 'طرف مقابل سربرگ' چگونه و در چه زمانی در فرم ظاهر می‌شود؟","با انتخاب 'الگوی سند'، فیلد 'طرف مقابل سربرگ' به صورت اتوماتیک ظاهر می‌شود و کاربر می‌تواند طرف مقابل سند را انتخاب نماید."
"مراحل کامل ثبت سند تجمیعی از تب 'درخواست کالا' را شرح دهید.","کاربر یک یا چند درخواست کالا با نوع مشابه را انتخاب کرده و دکمه 'ثبت سند' را کلیک می‌کند. در پنجره باز شده، الگوی سند انبار و انبار را انتخاب کرده و سپس طرف مقابل سند را (که پس از انتخاب الگو ظاهر می‌شود) مشخص می‌کند."
"مراحل کامل ثبت سند تجمیعی از تب 'کالا' را شرح دهید.","کاربر یک یا چند کالا را انتخاب کرده و روی دکمه 'ثبت سند' کلیک می‌کند. سپس الگوی سند انبار و انبار را به عنوان فیلدهای اجباری انتخاب کرده و در صورتی که الگو نیازمند طرف مقابل باشد، آن را نیز انتخاب می‌کند."
"نقش 'الگوی سند انبار' در فرآیند ثبت سند تجمیعی چیست؟","انتخاب 'الگوی سند انبار' یک مرحله اجباری است که ساختار و فیلدهای مورد نیاز سند انبار نهایی، از جمله لزوم وجود فیلد 'طرف مقابل'، را تعیین می‌کند."
"چه تفاوتی در نمایش فیلد 'طرف مقابل' بین فرآیند ثبت سند از تب 'کالا' و تب 'درخواست کالا' وجود دارد؟","در تب 'درخواست کالا'، با انتخاب الگو، فیلد طرف مقابل به صورت اتوماتیک ظاهر می‌شود. در تب 'کالا'، این فیلد تنها در صورتی ظاهر می‌شود که در الگوی سند انتخاب شده، تعریف شده باشد."
"چرا انتخاب 'الگوی سند انبار' به عنوان اولین فیلد اجباری در پنجره ثبت، از نظر طراحی سیستم منطقی است؟","زیرا الگو، ساختار کلی، نوع، و فیلدهای الزامی سند انبار نهایی را مشخص می‌کند. سیستم با دریافت الگو در ابتدا، می‌تواند فرم را به صورت پویا و بر اساس قوانین آن الگو (مانند نمایش فیلد طرف مقابل) برای کاربر آماده کند."
"صفحه 'فهرست اسناد فهرست بها' چه اطلاعاتی را در اختیار کاربر قرار می‌دهد؟","در این صفحه می‌توان لیستی از فهرست‌های بهای تعریف شده در سیستم را مشاهده کرد."
"برای دسترسی به لیست فهرست‌های بها در سیستم، چه مسیری در منوها باید دنبال شود؟","از منوی ماژول لجستیک، انبار و حسابداری انبار، بخش عملیات مبلغی انبار، گزینه 'فهرست بها' را انتخاب می‌کنیم."
"چه ستون‌هایی در جدول 'فهرست اسناد فهرست بها' قابل نمایش هستند؟","ستون‌های قابل نمایش عبارتند از: کد، عنوان، نوع سند، طرف مقابل، از تاریخ، تا تاریخ و ایجاد کننده فهرست بها."
"برای ایجاد یک فهرست بهای جدید از طریق صفحه فهرست، از کدام گزینه باید استفاده کرد؟","با استفاده از گزینه 'جدید' که در بالای صفحه قرار دارد، می‌توان فهرست بهای جدید تعریف کرد."
"گزینه 'مدیریت نماها' که در زیرمنوی آبشاری 'فهرست بها' قرار دارد، چه کاربردی دارد؟","در صورتی که کاربر نیاز داشته باشد فیلدهای نمایشی، چیدمان ستون‌ها و شرایط فهرست را برای نیاز خودش ذخیره نماید، از گزینه 'مدیریت نماها' استفاده می‌کند."
"نقش گزینه 'نام شرکت' در بالای صفحه فهرست بها برای شرکت‌های هلدینگ چیست؟","در شرکت‌هایی که به صورت گروه یا هلدینگ هستند، این گزینه به کاربر دارای دسترسی اجازه می‌دهد شرکت مورد نظر را انتخاب کرده تا لیست فهرست بهای تعریف شده مختص آن شرکت را مشاهده کند."
"گزینه 'حذف' در صفحه فهرست اسناد فهرست بها در چه شرایطی فعال می‌شود و چه عملی انجام می‌دهد؟","در صورت انتخاب یک یا چند ردیف از فهرست، گزینه 'حذف' فعال شده و کاربر می‌تواند رکورد یا رکوردهای انتخاب شده را حذف نماید."
"چگونه می‌توان یک نمای خاص از فهرست بها با فیلترهای مشخص را برای دیگران ارسال کرد؟","از گزینه 'کپی لینک نما' برای به اشتراک‌گذاری صفحه فهرست با فیلترهای جاری استفاده می‌شود."
"گزینه 'تنظیمات' در نوار ابزار بالای فهرست چه امکاناتی برای سفارشی‌سازی نمایش داده‌ها فراهم می‌کند؟","این گزینه شامل انتخاب ستون‌ها، مرتب‌سازی، گروه‌بندی و تجمیع فیلترها برای نمایش فهرست می‌باشد."
"کاربرد دکمه 'بارگذاری مجدد' در صفحه فهرست بها چیست؟","گاهی پس از تغییر، حذف و ایجاد یک فهرست بها یا اعمال فیلتر و جستجو، برای مشاهده تغییرات و به‌روزرسانی لیست، از این گزینه استفاده می‌شود."
"از وجود ستون‌های 'از تاریخ' و 'تا تاریخ' در فهرست بها چه استنباطی در مورد عملکرد این فهرست‌ها می‌توان کرد؟","این ستون‌ها نشان می‌دهют که هر فهرست بها دارای یک بازه زمانی اعتبار مشخص است و قیمت‌ها یا شرایط تعریف شده در آن تنها در آن بازه زمانی معتبر هستند."
"وجود ستون‌هایی مانند 'نوع سند' و 'طرف مقابل' در فهرست بها، بیانگر چه ویژگی‌ای در طراحی سیستم است؟","این ستون‌ها نشان می‌دهند که فهرست‌های بها می‌توانند به فرآیندهای تجاری خاص (مانند خرید یا فروش از طریق نوع سند) و به اشخاص یا شرکت‌های خاص (طرف مقابل) مرتبط شوند، که این بیانگر انعطاف‌پذیری سیستم در مدیریت قیمت‌گذاری است."
"چرا قابلیت 'مدیریت نماها' برای صفحه‌ای مانند 'فهرست بها' یک ابزار کارآمد محسوب می‌شود؟","زیرا به کاربران مختلف اجازه می‌دهد تا بر اساس نقش و نیاز خود (مثلا مدیر خرید فقط فهرست‌های بهای خرید را ببیند)، نماهای شخصی‌سازی شده با ستون‌ها و فیلترهای دلخواه ایجاد و ذخیره کنند، که این امر باعث دسترسی سریع‌تر به اطلاعات مرتبط و افزایش بهره‌وری می‌شود."
"برای تعریف یک فهرست بهای جدید در ماژول لجستیک، چه اطلاعاتی در بخش اصلی فرم باید وارد شود؟","باید اطلاعاتی شامل کد، عنوان، نوع سند، طرف مقابل، ارز، از تاریخ، تا تاریخ، پارامترها و توضیحات تعریف شود."
"در سیستم، برای چه انواعی از اسناد می‌توان فهرست بها تعریف کرد؟","انواع سند فهرست بها شامل خرید، تولید و ابتدای دوره می‌باشد."
"پس از تعریف اطلاعات اصلی یک فهرست بها، چگونه می‌توان لیست کالاها را به آن اضافه کرد؟","در جدول پایین صفحه، از طریق گزینه 'جدید' می‌توان لیست کالاهای مربوط به آن فهرست بها را برای قیمت‌گذاری انتخاب کرد."
"برای دسترسی به فرم تعریف فهرست بهای جدید، چه مسیری را باید در منوهای سیستم دنبال کرد؟","از منوی انبار و حسابداری انبار، بخش عملیات مبلغی انبار، گزینه 'فهرست بها (+)' را انتخاب می‌کنیم."
"گزینه 'ذخیره' در بالای صفحه ایجاد فهرست بها چه امکاناتی را در اختیار کاربر قرار می‌دهد؟","این گزینه امکان 'ذخیره' کردن و 'ذخیره و ایجاد' یک فهرست بهای جدید دیگر را فراهم می‌کند."
"منوی 'سایر عملیات' در صفحه تعریف فهرست بها چه گزینه‌هایی را ارائه می‌دهد؟","این گزینه امکان ایجاد یک فهرست بهای جدید دیگر و همچنین نمایش فهرستی از تمام فهرست‌های بهای تعریف شده را فراهم می‌سازد."
"کاربرد دکمه 'بارگذاری مجدد' در فرم معرفی فهرست بها چیست؟","این گزینه امکان بارگذاری مجدد فرم معرفی حوزه فهرست بها را فراهم می‌کند."
"از وجود فیلدهایی مانند 'طرف مقابل' و 'ارز' در فرم تعریف فهرست بها، چه چیزی در مورد قابلیت‌های سیستم قیمت‌گذاری می‌توان استنباط کرد؟","این فیلدها نشان می‌دهند که سیستم قیمت‌گذاری انعطاف‌پذیر است و می‌تواند فهرست‌های بهای اختصاصی برای اشخاص یا شرکت‌های خاص (طرف مقابل) و با ارزهای مختلف تعریف کند."
"چرا فرآیند تعریف فهرست بها به دو بخش اصلی (اطلاعات کلی) و جزئیات (لیست کالاها) تقسیم شده است؟","این طراحی ساختاری به کاربر اجازه می‌دهد تا یک چهارچوب کلی (مانند دوره اعتبار، طرف مقابل، نوع سند) را یک بار تعریف کند و سپس کالاهای متعددی را به آن چهارچوب مرتبط سازد، که این امر از تکرار اطلاعات جلوگیری کرده و مدیریت فهرست بها را ساده‌تر می‌کند."
"برای صدور اسناد حسابداری انبار، چه پیش‌نیازی باید فراهم شود؟","لازم است تا معین‌های مربوط به هر سند و هر عملیات مشخص شوند."
"در یک سیستم حسابداری انبار، به چه روش‌هایی می‌توان معین‌های مربوط به یک سند را مشخص کرد؟","کاربر می‌تواند به‌صورت دستی در هر سند معین مربوطه را مشخص نماید و یا به‌صورت خودکار بر اساس تنظیمات قبلی، معین‌ها را برای سند فراخوانی کند."
"فرم 'استقرار اسناد انبار' در نرم‌افزار چه کاربردی دارد؟","این فرم برای فراخوانی خودکار معین‌ها در اسناد انبار استفاده می‌شود؛ در آن معین‌ها تعیین شده و متناسب با تنظیمات این فرم، در هر سند به‌صورت خودکار فراخوانی می‌شوند."
"آیا پس از فراخوانی خودکار یک معین در سند انبار، کاربر امکان تغییر آن را دارد؟","بله، در صورت نیاز کاربر می‌تواند معین دیگری را به صورت دستی در سند انبار انتخاب و تغییر دهد."
"استفاده از فرم 'استقرار اسناد انبار' برای تعیین خودکار معین‌ها چه مزیتی نسبت به ورود دستی دارد؟","این کار فرآیند را تسریع کرده و با فراخوانی خودکار معین‌های از پیش تعیین‌شده، نیاز به انتخاب دستی در هر سند را از بین برده و احتمال خطا را کاهش می‌دهد."
"قابلیت تغییر دستی معین‌های فراخوانی شده به صورت خودکار، چه چیزی را در مورد فلسفه طراحی سیستم نشان می‌دهد؟","این قابلیت نشان می‌دهد که سیستم ضمن ارائه اتوماسیون برای ساده‌سازی و کاهش خطا، انعطاف‌پذیری و کنترل نهایی را در اختیار کاربر قرار می‌دهد تا در موارد خاص بتواند تصمیمات متفاوتی اتخاذ کند."
"صفحه 'فهرست استقرار حساب انبار' چه چیزی را نمایش می‌دهد؟","در این صفحه می‌توان لیستی از استقرار حساب‌های پیش‌فرض تعریف شده در سیستم را مشاهده کرد."
"برای دسترسی به فهرست استقرار حساب انبار، چه مسیری را در منوهای سیستم باید دنبال کرد؟","از منوی ماژول لجستیک، انبار و حسابداری انبار، بخش عملیات مبلغی انبار، گزینه 'استقرار حساب انبار' را انتخاب می‌کنیم."
"چه ستون‌هایی در جدول 'فهرست استقرار حساب انبار' به نمایش در می‌آیند؟","ستون‌های قابل نمایش عبارتند از: گروه حساب، پارامتریک، معین و استقرار یافته."
"گزینه 'ایجاد گروه حساب‌های پیش فرض' در بالای صفحه چه کاربردی دارد و چه نمونه‌هایی از این گروه‌ها را می‌توان ایجاد کرد؟","این گزینه برای ایجاد گروه حساب‌های پیش‌فرض سیستم استفاده می‌شود، مانند موجودی کالا، طرف مقابل خرید، طرف مقابل خرید برآوردی، و مصرف کالا."
"پس از انتخاب یکی از ردیف‌ها در فهرست استقرار حساب انبار، چه اتفاقی می‌افتد؟","فرم مشاهده ردیف انتخابی نمایش داده شده و در صورتی که کاربر دسترسی داشته باشد، می‌تواند آن را ویرایش نماید."
"کاربرد گزینه 'مدیریت نماها' در صفحه استقرار حساب انبار چیست؟","این گزینه به کاربر امکان می‌دهد تا نماهای تعریف شده را مشاهده کرده و تنظیمات نما مانند فیلدهای نمایشی، چیدمان ستون‌ها و شرایط آن را برای نیاز خود ذخیره و مدیریت کند."
"گزینه 'نام شرکت' در بالای این فهرست، چه امکانی را برای شرکت‌های هلدینگ فراهم می‌کند؟","به کاربر دارای دسترسی اجازه می‌دهد تا شرکت مورد نظر خود را انتخاب کرده و لیست استقرار حساب‌های مربوط به آن شرکت را مشاهده کند."
"کاربرد دکمه 'بارگذاری مجدد' در صفحه فهرست استقرار حساب انبار چیست؟","گاهی پس از تغییر یک گروه حساب یا اعمال فیلتر و جستجو، برای به‌روزرسانی و مشاهده آخرین تغییرات در فهرست، از این گزینه استفاده می‌شود."
"از وجود گزینه 'ایجاد گروه حساب های پیش فرض' چه استنباطی در مورد فرآیند راه‌اندازی سیستم می‌توان داشت؟","این ویژگی نشان می‌دهد که سیستم دارای یک مرحله راه‌اندازی اولیه است که در آن، حساب‌های کلیدی و استاندارد حسابداری (مانند موجودی کالا) تعریف می‌شوند تا در ادامه، عملیات به صورت یکپارچه و استاندارد انجام شود."
"رابطه منطقی بین ستون‌های 'گروه حساب'، 'معین' و 'استقرار یافته' در این فهرست چیست؟","رابطه منطقی به این صورت است که برای یک 'گروه حساب' مشخص (مثلاً مصرف کالا)، یک حساب 'معین' خاص از سرفصل حساب‌ها اختصاص داده می‌شود و ستون 'استقرار یافته' وضعیت نهایی شدن این ارتباط را نشان می‌دهد."
"چرا وجود قابلیتی برای ایجاد گروه حساب‌های پیش‌فرض برای یکپارچگی فرآیندهای حسابداری در یک سازمان مهم است؟","این قابلیت تضمین می‌کند که تمامی عملیات مشابه (مانند تمام خریدهای کالا) به یک حساب استاندارد و از پیش تعریف‌شده متصل شوند، که این امر از پراکندگی اطلاعات جلوگیری کرده، گزارش‌گیری مالی را دقیق و قابل اعتماد می‌سازد و به رعایت استانداردهای حسابداری کمک می‌کند."
"برای دسترسی به صفحه استقرار حساب انبار در ماژول لجستیک، چه مسیری را باید در منوها دنبال کرد؟","برای استقرار حساب انبار، باید از منوی انبار و حسابداری انبار، زیرمنوی عملیات مبلغی انبار، گزینه استقرار حساب انبار را انتخاب نمود."
"اولین اقدام ضروری که کاربر باید در صفحه استقرار حساب انبار انجام دهد چیست؟","کاربر ابتدا باید با استفاده از دکمه ""ایجاد گروه حساب های پیش فرض"" در بالای صفحه، گروه‌های حساب پیش‌فرضی را که در سیستم تعبیه شده است، ایجاد نماید."
"چگونه یک حساب معین مشخص به یک گروه حساب در صفحه استقرار حساب انبار تخصیص داده می‌شود؟","کاربر پس از انتخاب ردیف گروه حساب مورد نظر، در فیلد ""معین""، حساب معین مربوط به آن گروه را از فهرست معین‌هایی که قبلاً در سیستم تعریف شده، انتخاب می‌کند."
"فیلد ""دارای پارامتر"" در فرآیند استقرار حساب انبار چه کاربردی دارد و یک مثال برای استفاده از آن چیست؟","فیلد ""دارای پارامتر"" برای تعریف پارامترهایی استفاده می‌شود که بر اساس آن، حساب معین متفاوتی اعمال گردد. به عنوان مثال، می‌توان مشخص کرد که برای یک الگوی سند خاص، معین متفاوتی استفاده شود."
"چه قابلیت‌هایی از طریق گزینه ""سایر عملیات"" در بالای صفحه استقرار حساب انبار در دسترس است؟","گزینه ""سایر عملیات"" امکان ایجاد یک فهرست بهای جدید و همچنین نمایش لیستی از فهرست‌های بهای موجود را فراهم می‌کند."
"در چه شرایطی از دکمه ""بارگذاری مجدد"" در صفحه استقرار حساب انبار استفاده می‌شود؟","زمانی که یک گروه حساب تغییر داده می‌شود، برای اعمال و مشاهده تغییرات نیاز است که آن را با استفاده از دکمه ""بارگذاری مجدد""، دوباره بارگذاری نمود."
"گزینه ""ذخیره"" در صفحه استقرار حساب انبار چه امکاناتی را برای کاربر فراهم می‌کند؟","این گزینه به کاربر امکان می‌دهد تا تغییرات را ""ذخیره"" کند یا علاوه بر ذخیره، یک نوع انبار جدید نیز ""ذخیره و ایجاد"" نماید."
"در سیستم انبار، منظور از ""قیمت‌گذاری کاردکس"" چیست؟","به فرآیند تعیین ارزش واحد هر کالا در انبار، قیمت‌گذاری کاردکس گفته می‌شود."
"ارزش تعیین شده در فرآیند قیمت‌گذاری کاردکس، مبنای چه محاسباتی در یک شرکت قرار می‌گیرد؟","این ارزش، مبنایی برای محاسبه ارزش کل موجودی انبار، هزینه‌های تولید و فروش، و همچنین محاسبه سود و زیان شرکت است."
"چه پیش‌نیازی برای انجام قیمت‌گذاری اسناد خروجی در سیستم انبار وجود دارد؟","پیش از قیمت‌گذاری اسناد خروجی، حتما باید عملیات قیمت‌گذاری برای وارده‌ها انجام شده باشد."
"بر اساس متن، تنها راهکار موجود برای قیمت‌گذاری اسناد خروجی در سیستم انبار چیست؟","قیمت گذاری اسناد خروجی فقط از طریق قیمت گذاری کاردکس امکان پذیر است."
"در سیستم انبار چند روش برای قیمت‌گذاری وجود دارد و نام آنها چیست؟","در سیستم انبار دو روش قیمت گذاری وجود دارد: ۱- میانگین ۲- شناسایی ویژه."
"در روش قیمت‌گذاری ""میانگین""، قیمت واحد هر کالا چگونه محاسبه می‌شود؟","در روش میانگین، قیمت واحد هر کالا، برابر با میانگین قیمت تمام کالاهای مشابهی است که در انبار موجود هستند."
"روش قیمت‌گذاری ""شناسایی ویژه"" چگونه نرخ کالای خروجی را تعیین می‌کند؟","در روش شناسایی ویژه، نرخ هر واحد کالای خروجی برابر با نرخ همان واحد رسید کالایی است که کالا مشخصاً از محل آن خارج می‌شود."
"برای ثبت اسناد تجمیعی در ماژول لجستیک، کاربر باید به کدام منو و بخش مراجعه کند؟","برای ثبت سند تجمیعی، باید از منوی انبار و حسابداری انبار، بخش عملیات تعدادی انبار، گزینه اسناد تجمیعی را انتخاب نمود."
"در فرآیند ثبت اسناد تجمیعی، از طریق کدام دو تب می‌توان فرآیند را آغاز کرد؟","کاربر می‌تواند فرآیند ثبت سند تجمیعی را از تب ""درخواست کالا"" یا تب ""کالا"" آغاز کند."
"در تب ""درخواست کالا""، چگونه می‌توان از یک یا چند درخواست، یک سند انبار صادر کرد؟","با انتخاب رکوردهای درخواست‌های کالا و کلیک بر روی دکمه ""ثبت سند""، یک پنجره باز می‌شود که کاربر پس از تکمیل فیلدهای اجباری الگوی سند انبار و انبار، می‌تواند سند را صادر کند."
"چه شرطی برای انتخاب همزمان چند ""درخواست کالا"" جهت صدور سند انبار وجود دارد و در صورت عدم رعایت آن چه اتفاقی می‌افتد؟","کاربر فقط می‌تواند درخواست‌های کالایی را همزمان انتخاب کند که نوع آن‌ها با یکدیگر مشابه باشد؛ در غیر این صورت، دکمه ""ثبت سند"" غیرفعال می‌شود."
"هنگام ثبت سند تجمیعی، چه زمانی فیلد ""طرف مقابل سربرگ"" به صورت خودکار ظاهر می‌شود؟","پس از اینکه کاربر الگوی سند انبار را انتخاب می‌کند، فیلد ""طرف مقابل سربرگ"" به صورت اتوماتیک ظاهر می‌شود تا کاربر آن را انتخاب نماید."
"در پنجره باز شده پس از کلیک روی ""ثبت سند""، کدام فیلدها به عنوان فیلدهای اجباری معرفی شده‌اند؟","فیلدهای ""الگوی سند انبار"" و ""انبار"" به عنوان فیلدهای اجباری معرفی شده‌اند که کاربر باید آن‌ها را انتخاب نماید."
"چگونه می‌توان از تب ""کالا"" برای ثبت یک سند انبار تجمیعی استفاده کرد؟","در تب ""کالا""، کاربر یک یا چند کالا را انتخاب کرده، روی دکمه ""ثبت سند"" کلیک می‌کند و پس از انتخاب الگوی سند انبار و انبار (که اجباری هستند)، سند را ثبت می‌کند. اگر الگو نیاز به طرف مقابل داشته باشد، این فیلد نیز ظاهر می‌شود."
"چگونه می‌توان به بخش ""عملیات گروهی اسناد انبار"" در ماژول لجستیک دسترسی پیدا کرد؟","برای دسترسی به این بخش، از منوی انبار و حسابداری انبار، گزینه عملیات گروهی اسناد انبار (+) را انتخاب نمایید."
"در فرآیند ثبت عملیات گروهی اسناد انبار، اولین قدم برای تعیین بازه تاریخی چیست؟","ابتدا باید مشخص شود که بازه تاریخی بر اساس سند انبار است یا بر اساس قیمت سند."
"برای فیلتر کردن اسناد جهت انجام عملیات گروهی، چه پارامترهایی باید مشخص شوند؟","شعبه، مرکز نگهداری، انبار، کالا، حوزه قیمت‌گذاری، الگوی سند و طرف مقابل باید مشخص شوند."
"گزینه ""تغییر وضعیت"" در عملیات گروهی اسناد انبار چه امکانی را برای کاربر فراهم می‌کند؟","کاربر می‌تواند اسناد انبار فیلتر شده را با استفاده از این گزینه تایید یا از حالت تایید خارج (برگشت از تایید) نماید."
"با استفاده از گزینه ""حسابداری"" در عملیات گروهی اسناد انبار، چه اقداماتی می‌توان بر روی اسناد فیلتر شده انجام داد؟","می‌توان برای اسناد انبار فیلتر شده، سند حسابداری به صورت جداگانه یا تجمیعی صادر کرد و یا اسناد حسابداری صادر شده را حذف نمود."
"گزینه ""نرخ دهی"" برای کدام دسته از اسناد انبار و بر چه اساسی کاربرد دارد؟","این گزینه برای نرخ‌دهی اسناد انبار ورودی بدون عطف، بر اساس فهرست بها استفاده می‌شود."
"چه اطلاعاتی در فیلد ""نام شرکت"" در صفحه عملیات گروهی اسناد انبار نمایش داده می‌شود؟","شرکتی را که ثبت عملیات گروهی اسناد انبار در آن انجام می‌شود، نمایش می‌دهد."
"چه رابطه‌ای بین گزینه‌های ""سال مالی"" و ""نام شرکت"" در صفحه عملیات گروهی اسناد انبار وجود دارد؟","گزینه ""سال مالی"" وابسته به ""نام شرکت"" است و با توجه به شرکت انتخابی، سال‌های مالی تعریف شده برای آن شرکت نمایش داده می‌شود."
"تنظیمات پیشفرض کاربر در انبار شامل چه دو دسته اصلی می‌باشد؟","تنظیمات پیشفرض کاربر در انبار شامل دو بخش عمومی و عملیات تعدادی انبار است."
"در بخش تنظیمات عمومی، چه پیش‌فرض‌هایی برای ماژول انبار قابل تعیین است؟","شرکت پیش فرض و سال مالی پیش فرض."
"چه رابطه‌ای بین تنظیمات ""شرکت پیش فرض"" و ""سال مالی پیش فرض"" وجود دارد؟","سال مالی بر اساس شرکت انتخابی در بخش شرکت پیش فرض محدود می گردد."
"در تنظیمات عملیات تعدادی انبار، برای بخش ""سند انبار"" چه پیش‌فرض‌هایی می‌توان تعریف کرد؟","انبار پیش فرض و تاریخ پیش فرض."
"گزینه‌های موجود برای ""تاریخ پیش فرض"" در تنظیمات سند انبار کدامند؟","تاریخ روز یا تاریخ آخرین سند."
"در تنظیمات عملیات تعدادی انبار، برای بخش ""درخواست کالا"" چه پیش‌فرض‌هایی می‌توان تعریف کرد؟","مرکز نگهداری پیش فرض، انبار پیش فرض، و تاریخ پیش فرض."
"در تنظیمات درخواست کالا، لیست ""انبار پیش فرض"" چگونه محدود می‌شود؟","انبارهای این لیست بر اساس مرکز نگهداری انتخاب شده در بخش ""مرکز نگهداری پیش فرض"" محدود می گردد."
"گزینه‌های موجود برای ""تاریخ پیش فرض"" در تنظیمات درخواست کالا کدامند؟","تاریخ روز یا تاریخ آخرین درخواست کالا."
"هدف از تنظیمات پیشفرض در بخش ""عمومی"" چیست؟","در این بخش پیش فرض های مورد نیاز برای استفاده در کل ماژول انبار تعیین می گردد."
"هدف از تنظیمات پیشفرض در زیربخش ""سند انبار"" چیست؟","در این بخش پیش فرض های مورد نیاز برای استفاده در سند انبار تعیین می گردد."
"در پیام‌های خطای سیستم انبار، از چه علامت‌هایی برای نمایش پارامترهای ورودی کاربر استفاده می‌شود؟","در تمامی پیام های خطای این بخش از علامت های { و } برای پارامترهای ورودی کاربر در فرم ها استفاده شده است."
"فرآیند نمایش یک پیام خطا در سیستم انبار چگونه است، با توجه به مثالی که در آن وضعیت یک قلم سند ""تایید شده"" می‌باشد؟","در پیام خطای ""امکان ویرایش/حذف قلم درخواست کالا در وضعیت {عنوان وضعیت} وجود ندارد""، پارامتر {عنوان وضعیت} با مقدار واقعی وضعیت یعنی ""تایید شده"" جایگزین شده و پیام نهایی به کاربر نمایش داده می‌شود."
"چگونه پارامترهای داینامیک در قالب پیام‌های خطای سیستم انبار گنجانده می‌شوند؟","پارامترهای ورودی کاربر در قالب‌هایی با علامت‌های { و } قرار می‌گیرند و هنگام نمایش خطا، این پارامترها با مقادیر واقعی جایگزین می‌شوند."
"در هنگام تعریف الگوی سند انبار، چه پیامی نشان می‌دهد که رسید موقت برای اسناد خروجی قابل استفاده نیست؟","پیام خطای ""رسید موقت نمی تواند برای سند خروجی انتخاب شود."" نمایش داده می‌شود."
"نمایش خطای ""رسید موقت نمی تواند برای سند خروجی انتخاب شود"" بیانگر چه قانونی در سیستم است؟","این خطا بدین معناست که تنها اسناد ورودی می توانند از نوع تاثیر بر موجودی موقت استفاده نمایند."
"هنگامی که کاربر با خطای مربوط به عدم امکان انتخاب رسید موقت برای سند خروجی مواجه می‌شود، چه اقداماتی برای رفع آن باید انجام دهد؟","کاربر لازم است نوع تاثیر بر موجودی و یا انتخاب مبنای رسید موقت را بازنگری نموده و یکی از آن ها را تغییر دهد."
"چه پیام خطایی در زمان ثبت سند انبار نشان می‌دهد که دوره مجاز برای باز بودن انبار به پایان رسیده است؟","تاریخ سند از حداکثر تاریخ مجاز برای ذخیره سند انبار برای کالای {عنوان کالا} در انبار {عنوان انبار} بزرگتر است. باید انبار را قطعی کنید."
"مواجه شدن با خطای ""تاریخ سند از حداکثر تاریخ مجاز بزرگتر است"" در فرم ثبت سند انبار، به چه معناست؟","این خطا بدین معناست که برای کالای انتخابی در انبار انتخابی، امکان ثبت سند وجود ندارد زیرا انبار بیش از حد مجاز باز مانده است."
"برای رفع خطای مربوط به عبور از حداکثر تاریخ مجاز سند انبار، کاربر چه اقدامی باید انجام دهد؟","لازم است از طریق فرم قطعی کردن، انبار را انتخاب کرده و تاریخ جدیدی را برای قطعی کردن انتخاب نماید."
"علت اصلی بروز خطای ""تاریخ سند از حداکثر تاریخ مجاز بزرگتر است"" به کدام بخش از تنظیمات سیستم بازمی‌گردد؟","حداکثر دوره مجاز برای باز بودن انبار در بخش تنظیمات انبار تعریف شده است و این خطا زمانی رخ می‌دهد که این دوره سپری شده باشد."
"چه پیام خطایی در زمان ثبت سند انبار نشان می‌دهد که انبار انتخابی عضو هیچ حوزه قیمت‌گذاری نیست؟","انبار باید عضو یک حوزه قیمت گذاری باشد."
"مشاهده پیام خطای ""انبار باید عضو یک حوزه قیمت گذاری باشد"" به چه معناست؟","این پیام بدین معناست که انبار انتخاب شده در سند جاری فاقد حوزه قیمت گذاری است."
"برای رفع خطای مربوط به عدم عضویت انبار در یک حوزه قیمت‌گذاری، کاربر چه اقدامی باید انجام دهد؟","لازم است کاربر از طریق فرم حوزه قیمت گذاری، حوزه مناسب برای انبار جاری را انتخاب کرده و آن انبار را به حوزه قیمت گذاری مناسب اضافه نماید."
"چه پیام خطایی نشان می‌دهد که نوع انبار کالا با نوع انبار انتخاب شده در سند یکسان نیست؟","کالا باید دارای نوع انبار ِ یکسان با انبار ِ سربرگ باشد."
"معنای پیام خطای ""کالا باید دارای نوع انبار ِ یکسان با انبار ِ سربرگ باشد"" چیست؟","این پیام بدین معناست که کالای انتخاب شده در قلم سند انبار دارای نوع انبار مشابه با انبار سربرگ سند انبار نیست."
"برای رفع خطای عدم یکسانی نوع انبار کالا و انبار سند، چه راهکارهایی پیشنهاد شده است؟","کاربر باید فرم کالا و انبار را کنترل کند تا نوع انبار برای هر دو یکسان باشد. برای این کار، یا باید نوع انبار را در فرم انبار تغییر دهد و یا نوع انبار صحیح را به کالای قلم سند انبار اضافه نماید."
"هنگام مواجهه با خطای عدم تطابق نوع انبار کالا و انبار، چه نکته مهمی را باید در نظر گرفت؟","نکته بسیار مهم این است که شاید این شرایط به درستی در سیستم تنظیم شده باشد و کالای مورد نظر واقعاً اجازه ورود به انبار انتخاب شده را نداشته باشد."
"چه پیام خطایی نشان می‌دهد که به دلیل وجود انبارگردانی فعال، امکان ثبت سند انبار وجود ندارد؟","انبارگردانی {عنوان انبارگردانی} برای انبار {عنوان انبار} در تاریخ سند انبار با وضعیت {وضعیت انبارگردانی} و تنظیمات مجاز نبودن ثبت سند انبار حین انبارگردانی، وجود دارد، امکان ثبت سند انبار وجود ندارد."
"علت اصلی نمایش پیام خطا مبنی بر وجود انبارگردانی فعال چیست؟","علت این است که برای کالای انتخاب شده در سند، یک انبارگردانی در حال انجام وجود دارد و تنظیمات آن انبارگردانی اجازه ثبت سند در حین اجرا را نمی‌دهد."
"اگر کاربری با خطای وجود انبارگردانی مواجه شود و تنظیمات سیستم مبنی بر عدم ثبت سند در حین انبارگردانی صحیح باشد، چه باید بکند؟","در این حالت تنظیمات به درستی انجام شده و کاربر نیاز است تا پایان انبارگردانی صبر کرده و سند انبار خود را پس از اتمام انبارگردانی در سیستم ثبت نماید."
"در چه شرایطی کاربر می‌تواند برای رفع خطای انبارگردانی، وضعیت آن را به ""شروع نشده"" تغییر دهد؟","در صورتی که امکان تغییر وضعیت انبارگردانی وجود داشته باشد و هنوز برای آن ثبتی (شمارشی) انجام نشده باشد."
"اگر برای کسب و کار معنادار باشد، کاربر چگونه می‌تواند تنظیمات انبارگردانی را تغییر دهد تا بتواند سند انبار ثبت کند؟","کاربر می‌تواند در تنظیمات این انبارگردانی، گزینه ""ثبت سند در حین انبارگردانی مجاز است"" را انتخاب نماید تا بتواند سند انبار را ثبت کند."
"برای حل مشکل عدم امکان ثبت سند به دلیل انبارگردانی فعال، چه راهکارهای متفاوتی بر اساس شرایط مختلف وجود دارد؟","۱- اگر تنظیمات صحیح است، کاربر باید تا پایان انبارگردانی صبر کند. ۲- اگر هنوز شمارش شروع نشده، وضعیت انبارگردانی را به ""شروع نشده"" تغییر دهد. ۳- اگر منطقی است، تنظیمات انبارگردانی را برای مجاز کردن ثبت سند در حین عملیات، تغییر دهد."
"چه پیام خطایی نشان می‌دهد که یک قلم درخواست کالا به دلیل وضعیتش قابل ویرایش یا حذف نیست؟","امکان ویرایش/حذف قلم درخواست کالا در وضعیت {عنوان وضعیت} وجود ندارد."
"معنای کلی پیام خطای ""امکان ویرایش/حذف قلم درخواست کالا در وضعیت ... وجود ندارد"" چیست؟","این پیام بدین معناست که قلم درخواست کالا در وضعیتی قرار دارد که امکان حذف و یا ویرایش آن وجود ندارد."
"اگر وضعیت یک قلم درخواست کالا ""تایید شده"" باشد، برای ویرایش یا حذف آن چه اقدامی لازم است؟","ابتدا لازم است آن را برگشت از تایید نمود تا امکان حذف و یا ویرایش آن وجود داشته باشد."
"در چه وضعیت‌هایی، یک قلم سند درخواست کالا به هیچ وجه قابل حذف یا ویرایش نیست؟","در صورتی که قلم سند در وضعیت در حال تحویل، ابطال و یا بسته باشد، امکان حذف و یا ویرایش آن وجود ندارد."
"چه پیام خطایی در زمان عملیات پایان سال نشان می‌دهد که انبار تا پایان سال مالی قطعی نشده است؟","انبار / انبار-کالای {عنوان انبار/انبار-کالا} در سال مالی جاری تا آخرین روز سال مالی قطعی نشده است. امکان بستن تعدادی انبار/انبار-کالا وجود ندارد."
"بروز خطای ""انبار قطعی نشده است"" در عملیات پایان سال، بیانگر چه پیش‌نیازی است؟","این خطا بدین معناست که قبل از اجرای عملیات پایان سال، نیاز است که کاربر ابتدا انبارهای مورد نظر را قطعی کند."
"برای رفع خطای عدم قطعیت انبار در عملیات پایان سال، کاربر چه اقدامی باید انجام دهد؟","کاربر باید از فرم عملیات قطعی کردن، آخرین روز سال مالی را انتخاب کرده و انبار را قطعی نماید."
"پس از قطعی کردن انبار تا آخرین روز سال مالی، چه امکانی برای کاربر فراهم می‌شود؟","پس از این اقدام، کاربر می‌تواند عملیات بستن تعدادی پایان سال را انجام دهد."
"چه پیام خطایی نشان می‌دهد که به دلیل اجرای قیمت‌گذاری کاردکس در سال مالی جدید، امکان برگشت از عملیات پایان سال مبلغی سال قبل وجود ندارد؟","کالای {عنوان کالا} در حوزه {عنوان حوزه} در سال مالی {عنوان سال مالی} در قیمت گذاری کاردکس شرکت کرده است. امکان حذف قیمت سند ابتدای سال وجود ندارد."
"علت اصلی نمایش پیام خطای ""امکان حذف قیمت سند ابتدای سال وجود ندارد"" هنگام برگشت از عملیات پایان سال چیست؟","این خطا بدین معناست که در سال مالی جدید، عملیات قیمت گذاری کاردکس اجرا شده است."
"برای اینکه کاربر بتواند عملیات بستن مبلغی سال گذشته را برگرداند، ابتدا چه پیش‌نیازی را باید در سال مالی جدید برطرف کند؟","ابتدا لازم است قیمت گذاری کاردکس انجام شده در سال جدید را برگرداند."
"چه عاملی می‌تواند به طور کلی مانع از برگشت قیمت گذاری کاردکس در سال جدید و در نتیجه، مانع برگشت از بستن مبلغی سال قبل شود؟","در صورتی که سند حسابداری قطعی شده در سال مالی جدید صادر شده باشد، امکان حذف سند حسابداری و به تبع آن برگشت قیمت گذاری در سال جدید وجود ندارد."



















































































































