Question,Answer
برای چه منظوری از تنظیمات دفتر کل استفاده می‌شود؟,از تنظیمات دفتر کل برای پیکربندی ویژگی‌های اساسی و بنیادی دفتر کل استفاده می‌شود.
چگونه می‌توان به صفحه تنظیمات در بخش حسابداری مالی دسترسی پیدا کرد؟,برای ورود به صفحه تنظیمات، باید مسیر منوی اصلی، سپس حسابداری مالی و در نهایت تنظیمات را دنبال کرد.
انتخاب‌های مختلف در فرم تنظیمات دفتر کل چه حوزه‌هایی از سیستم را تحت تاثیر قرار می‌دهد؟,هر یک از انتخاب‌های این فرم بر روند انجام تعاریف، عملیات و گزارش‌گیری‌های سیستم تاثیرگذار خواهد بود.
با توجه به تاثیرات گسترده تنظیمات دفتر کل، چه استنباطی در مورد اهمیت مرحله پیکربندی آن می‌توان کرد؟,استنباط می‌شود که پیکربندی این بخش بسیار حیاتی است، زیرا ویژگی‌های بنیادی سیستم را تعیین کرده و بر تمام فرآیندهای حسابداری و گزارش‌دهی در آینده اثر مستقیم دارد.
تحت چه شرایطی دیگر امکان تغییر ارز عملیاتی سیستم وجود نخواهد داشت؟,پس از ثبت اولین سند حسابداری در سیستم، امکان تغییر ارز عملیاتی وجود نخواهد داشت.
"گزینه ""ثبت نرخ تبدیل به صورت دستی در اسناد"" چه امکانی را برای کاربر فراهم می‌کند؟",در صورت فعال بودن این گزینه، کاربر هنگام ثبت سند حسابداری امکان وارد کردن نرخ تبدیل ارز به صورت دستی را خواهد داشت.
در صورتی که گزینه ثبت نرخ دستی نرخ تبدیل ارز غیرفعال باشد، کاربر چگونه باید نرخ را وارد کند؟,در این حالت، کاربر برای ورود نرخ تبدیل باید از نرخ‌های تبدیلی که از قبل در سیستم تعریف شده است، انتخاب نماید.
"فعال کردن گزینه ""نمایش اطلاعات ارز مبنا در سیستم"" چه تاثیری بر فرم سند حسابداری دارد؟","با فعال کردن این گزینه، فیلدهای مربوط به ""ارز مبنا"" و ""نرخ تبدیل ارز مبنا"" در هنگام ثبت سند حسابداری نمایش داده می‌شود."
"در یک سند حسابداری، مقدار پیش‌فرض برای ""ارز مبنا"" چیست و آیا این مقدار قابل تغییر است؟",به صورت پیش‌فرض، ارز مبنا برابر با ارز سند حسابداری در نظر گرفته می‌شود، اما کاربر می‌تواند در صورت نیاز آن را تغییر دهد.
چرا انتخاب اولیه ارز عملیاتی در یک سیستم حسابداری یک تصمیم بسیار حیاتی و غیرقابل بازگشت محسوب می‌شود؟,زیرا پس از ثبت تنها یک سند حسابداری، این انتخاب قفل شده و دیگر هرگز قابل تغییر نخواهد بود، که این امر بر تمام عملیات مالی آینده سیستم تاثیر دائمی می‌گذارد.
چه نوع حساب‌هایی دارای ماهیت بستانکار هستند؟,حساب‌های بدهی‌ها، حقوق مالکانه و درآمدها دارای ماهیت بستانکار هستند.
ماهیت حساب‌های انتظامی در سیستم حسابداری چگونه طبقه‌بندی می‌شود؟,"برای حساب‌های انتظامی ماهیت ""مهم نیست"" در نظر گرفته می‌شود."
برای تشخیص ماهیت یک حساب در حسابداری، چه دو سوالی می‌توان مطرح کرد؟,می‌توان پرسید: ۱) این حساب چه چیزی را نشان می‌دهد (دارایی، بدهی، سرمایه، هزینه، درآمد)؟ ۲) ثبت رویداد در این حساب چه اثری بر معادله حسابداری دارد (افزایش یا کاهش دارایی، بدهی یا سرمایه)؟
جهت معرفی یک ساختار حساب جدید، چه اطلاعاتی باید در فرم اولیه وارد شود؟,یک کد (حداکثر 4 کاراکتر) و یک عنوان برای ساختار حساب جدید باید معرفی شود و همچنین طول کد هر سطح حساب (گروه، کل، معین) باید مشخص گردد.
"فعال کردن گزینه ""استفاده از کاراکتر در کد حساب ها"" چه تغییری در نحوه کدگذاری حساب‌ها ایجاد می‌کند؟",در صورت فعال بودن این گزینه، کد همه حساب‌ها می‌تواند ترکیبی از عدد، حروف و کاراکتر باشد، در غیر این صورت کد حساب‌ها فقط می‌تواند عددی باشد.
ماهیت ارتباط ساختار حساب‌ها با شرکت و دفتر چگونه است و این به چه معناست؟,ارتباط ساختار حساب‌ها با شرکت و دفتر یک به چند است، به این معنی که یک ساختار حساب می‌تواند در چندین دفتر و شرکت مختلف گروه به کار گرفته شود.
دو شرط اساسی برای کد و عنوان ساختار حساب‌ها چیست؟,کد و عنوان ساختار حساب‌ها باید یکتا باشند.
در چه شرایطی امکان حذف یک ساختار حساب وجود نخواهد داشت؟,در صورتی که حتی یک حساب در آن ساختار حساب تعریف شده باشد، امکان حذف آن وجود نخواهد داشت.
طول کد حساب‌ها در یک سطح مشخص (مانند گروه، کل یا معین) در چه زمانی دیگر قابل ویرایش نخواهد بود؟,طول کد حساب‌ها در هر سطح، بعد از تعریف اولین حساب در همان سطح، دیگر قابل ویرایش نمی‌باشد.
ساختار کد یک حساب سطح پایین‌تر (مانند معین) چگونه از کدهای سطوح بالاتر خود تاثیر می‌پذیرد؟,کد حساب در سطوح کل و معین از کد حساب سطح بالاتر از خود تبعیت می‌کند. به عنوان مثال، اگر کد گروه 1 رقم، کل 2 رقم و معین 2 رقم باشد، کد نهایی معین یک عدد 5 رقمی خواهد بود که از ترکیب این سه کد تشکیل شده است.
حداکثر مجموع طول کدهای گروه حساب، حساب کل و حساب معین چند رقم می‌تواند باشد؟,حداکثر جمع طول کد گروه حساب، حساب کل و معین ۱۲ رقم می‌باشد.
آیا می‌توان از کاراکتر فاصله (space) در کد حساب‌ها استفاده کرد؟,"خیر، امکان استفاده از ""فاصله"" (space) در کد حساب وجود ندارد."
پس از ذخیره کردن فرم تعریف ساختار حساب جدید، سیستم کاربر را به چه صفحه‌ای هدایت می‌کند؟,با انتخاب گزینه ذخیره، کاربر وارد صفحه‌ای برای تعریف حساب‌ها می‌شود.
سه قانون یکتا بودن (uniqueness) در تعریف کُد و عنوان حساب‌ها در سطوح مختلف چیست؟,۱. کد هر سطح حساب باید در ساختار حساب یکتا باشد. ۲. ترکیب کد معین، کل و گروه در سطح ساختار حساب یکتا است. ۳. عنوان هر گروه حساب باید در ساختار حساب یکتا باشد.
تحت چه شرایطی امکان ویرایش کد یک گروه حساب وجود دارد؟,ویرایش کد گروه حساب تنها در صورتی امکان‌پذیر است که هیچ حساب کلی برای آن گروه تعریف نشده باشد.
هنگام تعریف یک حساب کل، کدام فیلدها به صورت پیش‌فرض از گروه حساب مربوطه مقداردهی می‌شوند و آیا قابل تغییر هستند؟,نوع حساب و ماهیت حساب به صورت پیش‌فرض بر اساس گروه حساب تکمیل شده‌اند اما در زمان تعریف حساب کل قابل تغییر هستند.
در زمان تعریف یک حساب معین، کدام بخش از کد آن توسط سیستم تعیین شده و غیرقابل تغییر است؟,ارقام اولیه فیلد کد که از کدهای تعیین شده برای گروه حساب و حساب کلِ مربوطه مقدار می‌گیرد، غیرقابل تغییر است.
در چه صورتی امکان ویرایش نوع حساب یک معین وجود نخواهد داشت؟,امکان ویرایش نوع حساب معین پس از استفاده در الگوی تسعیر ارز یا عملیات پایان سال وجود ندارد.
جهت صدور سند تعدیل ماهیت، وجود چه حسابی برای معین‌های بدهکار یا بستانکار الزامی است؟,وجود حساب مقابل تعدیل ماهیت برای حساب‌هایی که خلاف ماهیت شده‌اند، اجباری است.
"حداقل پنج شرط برای انتخاب یک حساب معین به عنوان ""حساب مقابل تعدیل ماهیت"" چیست؟","۱. فعال باشد. ۲. نوع حساب آن با معین جاری یکسان باشد. ۳. ویژگی‌های ارزی، پیگیری و مقداری آن با معین جاری یکسان باشد. ۴. تفصیلی‌های انتخاب شده در آن دقیقاً برابر با معین جاری باشد. ۵. ماهیت حساب آن خلاف ماهیت حساب معین جاری باشد."""""""
اگر در فرم یک حساب معین، تغییراتی ایجاد شود که شرایط یکسانی آن با حساب مقابل تعدیل ماهیت از بین برود، چه اتفاقی رخ می‌دهد؟,هنگام ذخیره فرم، سیستم پیغام هشدار می‌دهد و در صورت تأیید و ذخیره، حساب مقابل حذف می‌شود.
"فیلد ""کنترل ماهیت حساب"" چه گزینه‌هایی دارد و انتخاب گزینه ""معین و تفصیل انتخابی"" چه کنترلی را اعمال می‌کند؟","این فیلد گزینه‌های ""بدون کنترل""، ""معین""، و ""معین و تفصیل انتخابی"" را دارد. با انتخاب ""معین و تفصیل انتخابی""، کنترل خلاف ماهیت شدن در سطح معین و تفصیلِ انتخابیِ قلم سند انجام می‌شود."
"ویژگی ""امکان صدور سند حسابداری از ماژول‌ها"" چه کاربردی برای جلوگیری از مغایرت‌های مالی دارد؟",این ویژگی با مشخص کردن ماژول‌های مجاز برای استفاده از یک معین، از ایجاد سند برای آن معین توسط ماژول‌های غیرمجاز جلوگیری کرده و مانع از ایجاد مغایرت بین حسابداری و سایر ماژول‌ها می‌شود.
سه وضعیت ممکن برای موجودیت‌هایی مانند حساب معین در سیستم چیست؟,ثبت اولیه، فعال، و غیر فعال.
"موجودیتی که در وضعیت ""ثبت اولیه"" قرار دارد، چه ویژگی‌هایی دارد؟",در این وضعیت، موجودیت امکان حذف و هرگونه ویرایشی را دارد و در هیچ‌یک از عملیات‌ها و گزارش‌های ماژول‌ها قابل مشاهده و استفاده نیست.
"چه تفاوتی بین وضعیت ""فعال"" و ""غیر فعال"" یک موجودیت وجود دارد؟",موجودیت فعال قابل استفاده در عملیات است ولی قابل حذف نیست. موجودیت غیر فعال در ثبت عملیات و تراکنش‌های جدید مشاهده نمی‌شود اما سوابق قبلی آن باقی می‌ماند.
"اگر کاربری پس از تعریف یک موجودیت، گزینه ""تغییر وضعیت به فعال"" را مشاهده نکند، چه استنباطی می‌توان در مورد دسترسی‌های او داشت؟",می‌توان استنباط کرد که آن کاربر دسترسی لازم برای فعال کردن آن نوع موجودیت را ندارد.
"انتخاب ""ویژگی ارزی"" برای یک حساب معین، چه تاثیری در فرم سند حسابداری دارد؟",با انتخاب ویژگی ارزی، فیلدهای مرتبط با ارز سند و ارز مبنا برای یک قلم در اسناد حسابداری به کاربر نمایش داده می‌شود.
"در چه صورت امکان غیرفعال کردن ""ویژگی ارزی"" برای یک حساب وجود نخواهد داشت؟",امکان غیرفعال کردن ویژگی ارزی برای یک حساب، پس از استفاده در اسناد یا الگوی تسعیر ارز وجود نخواهد داشت.
"انتخاب ""ویژگی قلم پولی"" برای یک حساب معین چه امکانی را فراهم می‌کند؟",با انتخاب ویژگی قلم پولی، آن حساب معین در الگوی سند تسعیر ارز قابل انتخاب خواهد بود.
"تفاوت بین فعال کردن ""ویژگی پیگیری"" به صورت اجباری و اختیاری چیست؟",اگر ویژگی پیگیری فعال و اجباری باشد، تکمیل شماره و تاریخ پیگیری در قلم سند الزامی است. اما اگر اختیاری باشد، این فیلدها نمایش داده می‌شوند ولی تکمیل آنها الزامی نیست.
فهرست تفصیلی‌های سیستمی که در زبانه تفصیل‌ها قابل انتخاب هستند شامل چه مواردی است؟,طرف تجاری، مرکز هزینه، پروژه، سایر اشخاص حقیقی/حقوقی، شعبه، حساب بانکی، صندوق، تنخواه، گروه مشتری، گروه محصول، دفتر فروش، حوزه قیمت‌گذاری، کالا.
"در بخش تفصیل‌ها، به ازای هر معین چند نوع تفصیلی ""سایر"" قابل انتخاب است و چه کاربردی دارند؟","دو ردیف تفصیلی ""سایر ۱"" و ""سایر ۲"" قابل انتخاب است که در هر کدام می‌توان یک نوع تفصیل غیرسیستمی (تعریف شده توسط شرکت) را انتخاب کرد."
"عملکرد گزینه ""گروه‌بندی"" در زبانه تفصیل‌ها چیست و چه محدودیتی دارد؟",این گزینه به کاربر اجازه می‌دهد تا با قرار دادن چند تفصیلِ اختیاری در یک گروه، تکمیل حداقل یکی از آنها را هنگام ذخیره سند الزامی کند. حداکثر ۲ گروه‌بندی تفصیل قابل تعریف است.
"آیا می‌توان یک تفصیل از نوع اجباری را در ""گروه‌بندی تفصیل"" قرار داد؟",خیر، انتخاب تفصیل‌های از نوع اجباری در یک گروه به کاربر داده نمی‌شود.
"هدف از تعریف ""شرح‌های استاندارد"" برای یک حساب معین چیست؟",شرح‌های استاندارد، شرح‌های پرتکرار سند هستند که برای راحتی و تسریع در انجام کار تعریف می‌شوند تا کاربر بتواند آنها را از یک لیست انتخاب کند.
آیا می‌توان یک حساب معین را پس از اینکه در یک سند یا عملیات استفاده شد، حذف کرد؟,خیر، امکان حذف یک حساب معین پس از استفاده وجود ندارد.
از صفحه فهرست ساختار حساب‌ها چه قابلیت‌های اصلی در دسترس کاربر قرار دارد؟,در این صفحه، کاربر امکان ایجاد ساختار حساب‌های جدید و همچنین مشاهده ساختار حساب‌هایی که قبلا تعریف شده‌اند را دارد.
برای اینکه بتوان یک ساختار حساب را ویرایش یا حذف کرد، چه شرطی باید برقرار باشد؟,شرط لازم برای ویرایش یا حذف یک ساختار حساب، این است که هیچ حسابی در آن ساختار تعریف نشده باشد.
چند نمونه از اطلاعات پایه عمومی که برای راه اندازی دفتر کل باید تعریف شوند را نام ببرید.,شخص حقیقی/حقوقی، مرکز هزینه، پروژه، بانک، و الگوهای شماره‌گذاری نمونه‌هایی از اطلاعات پایه عمومی هستند.
تعریف اطلاعات پایه عمومی در سیستم دفتر کل باید بر چه مبنایی صورت گیرد؟,تعریف این اطلاعات باید با توجه به نیازمندی‌های خاص هر سازمان انجام شود.
برای تعریف یک شخص حقیقی یا حقوقی جدید در سیستم، از چه مسیری باید اقدام کرد؟,"از منوی اصلی، بخش عمومی، اطلاعات پایه، شخص حقیقی/حقوقی، باید کلید ""+"" را انتخاب کرد."
هنگام معرفی یک شخص حقوقی، کدام فیلد اجباری است و چه فیلدهایی به صورت اختیاری قابل تکمیل هستند؟,نام شخص حقوقی اجباری است. موارد اختیاری شامل نام اختصاری، نوع شخص حقوقی، نوع فعالیت، شناسه ملی، شماره ثبت، تلفن، و وب‌سایت می‌باشد.
در زمان معرفی یک شخص حقیقی، تکمیل کدام فیلدها الزامی است؟,تکمیل فیلدهای نام و نام خانوادگی برای معرفی شخص حقیقی الزامی است.
"چرا مشخص کردن ""نقش"" برای اشخاص در سیستم اهمیت دارد و این کار چه تاثیری در زمان صدور سند حسابداری دارد؟","زیرا یک شخص می‌تواند نقش‌های متفاوتی داشته باشد و با تخصیص نقش، می‌توان در ارتباط با یک حساب معین، فقط اشخاص با نقش مرتبط را نمایش داد. برای مثال، برای معین تنخواه، فقط اشخاص با نقش تنخواه‌دار نمایش داده می‌شوند."""""""
در چه شرایطی انتخاب نقش برای یک طرف تجاری (شخص) اجباری می‌شود؟,برای برقراری ارتباط یک حساب معین با تفصیل طرف تجاری، انتخاب نقش برای آن شخص اجباری است.
بر اساس جدول نقش‌ها، کدام پنج نقش منحصراً به اشخاص حقیقی قابل تخصیص هستند؟,کارمند، صندوق‌دار، تنخواه‌دار، کارمند فروش، و حمل‌کننده.
بر اساس جدول نقش‌ها، کدام سه نقش منحصراً به اشخاص حقوقی قابل تخصیص هستند؟,سرمایه‌پذیر، شرکت حمل و نقل، و بانک.
آیا پس از استفاده از یک نقش در اسناد حسابداری، می‌توان آن را تغییر داد؟,بله، نقش‌ها را می‌توان در طول زمان و حتی پس از استفاده در صدور سند حسابداری، فعال یا غیرفعال کرد.
پس از ذخیره اطلاعات یک شخص، کد تفصیل چگونه تعیین می‌شود؟,کد تفصیل یا توسط کاربر وارد می‌شود و یا در صورت تعریف روش کدگذاری تفصیل‌ها، به صورت پیش‌فرض توسط سیستم تولید می‌شود.
نام حساب تفصیلی برای یک شخص حقیقی و یک شخص حقوقی چگونه به صورت خودکار تعیین می‌گردد؟,نام تفصیل برای شخص حقیقی برابر با نام و نام خانوادگی، و برای شخص حقوقی برابر با نام آن شخص خواهد بود.
برای ثبت یک نشانی جدید برای یک شخص، تکمیل کدام سه فیلد اجباری است؟,عنوان (مانند دفتر مرکزی)، منطقه جغرافیایی، و آدرس.
یک شخص حقیقی یا حقوقی چه تعداد آدرس می‌تواند در سیستم داشته باشد و چگونه آدرس اصلی مشخص می‌شود؟,"هر شخص می‌تواند چندین آدرس ثبت شده داشته باشد، اما فقط یکی از آنها را می‌توان با زدن تیک در ستون ""اصلی"" به عنوان آدرس اصلی انتخاب کرد."
"از اینکه نقش ""بانک"" فقط به شخص حقوقی قابل تخصیص است، چه استنباطی در مورد طراحی سیستم می‌توان داشت؟",این موضوع نشان می‌دهد که سیستم، بانک‌ها را به عنوان یک نهاد حقوقی در نظر می‌گیرد و امکان تعریف بانک به عنوان شخص حقیقی وجود ندارد.
مراکز هزینه از نظر ماهیت به چند دسته تقسیم می‌شوند و این دسته‌ها کدامند؟,مراکز هزینه به لحاظ ماهیت به سه دسته تولیدی، خدماتی و اداری تقسیم می‌شوند.
تفاوت اساسی بین مراکز هزینه تولیدی، خدماتی و اداری چیست؟,مراکز تولیدی مستقیماً در تولید کالا یا خدمات نقش دارند (مانند بخش عملیات)؛ مراکز خدماتی به سایر مراکز، خدمات پشتیبانی ارائه می‌دهند (مانند منابع انسانی و فناوری اطلاعات)؛ و مراکز اداری مسئول امور ستادی و مدیریتی هستند (مانند واحد فروش و مالی).
برای تعریف یک مرکز هزینه جدید در سیستم، چه مسیری باید طی شود و چه اطلاعاتی باید تکمیل گردد؟,"برای تعریف یک مرکز هزینه جدید، از مسیر منوی اصلی/ عمومی/ اطلاعات پایه / مرکز هزینه، کلید ""+"" انتخاب می‌شود و سپس کد، عنوان و نوع مرکز هزینه تکمیل می‌گردد."
"قرار دادن وضعیت یک مرکز هزینه بر روی ""غیر فعال"" چه تأثیری در عملکرد سیستم دارد؟",در صورتی که وضعیت مرکز هزینه غیر فعال باشد، آن مرکز هزینه در عملیات سیستم مشاهده نخواهد شد.
پس از ذخیره فرم ایجاد مرکز هزینه، چه فرآیندی برای ایجاد حساب تفصیل مرتبط با آن طی می‌شود؟,"بعد از ذخیره فرم، در بخش اطلاعات تفصیل، با انتخاب کلید ""ایجاد""، صفحه‌ای باز می‌شود که در آن کد تفصیل به صورت دستی یا خودکار وارد شده و با ذخیره آن، حساب تفصیل مربوط به مرکز هزینه ایجاد می‌گردد."
نام حساب تفصیل مربوط به یک مرکز هزینه چگونه تعیین می‌شود؟,نام تفصیل به طور خودکار برابر با عنوان مرکز هزینه خواهد بود.
در چه شرایطی امکان حذف یک مرکز هزینه وجود ندارد و راهکار جایگزین چیست؟,اگر تفصیل مرکز هزینه استفاده شده باشد، امکان حذف آن وجود ندارد. در این حالت، تنها راهکار موجود، غیر فعال کردن آن مرکز هزینه است.
چگونه می‌توان به فهرست کلیه مراکز هزینه‌ی تعریف‌شده در سیستم دسترسی پیدا کرد؟,با انتخاب کلید سه نقطه که در گوشه سمت چپ و بالای صفحه قرار دارد، می‌توان فهرست مراکز هزینه را مشاهده نمود.
"کاربرد گزینه ""تغییر وضعیت"" در فرم مرکز هزینه چیست و وضعیت پیش‌فرض آن کدام است؟","گزینه ""تغییر وضعیت"" برای فعال یا غیرفعال کردن مرکز هزینه به کار می‌رود. به صورت پیش‌فرض، با ذخیره کردن فرم، این وضعیت ""فعال"" در نظر گرفته می‌شود."
چهار ویژگی اصلی و متمایزکننده یک پروژه کدامند؟,ویژگی‌های متمایز کننده آن شامل منحصر به فرد بودن، داشتن هدف مشخص، محدودیت در زمان و منابع و موقت بودن است.
برای تعریف یک پروژه جدید در سیستم، چه مسیری باید دنبال شود؟,برای تعریف یک پروژه باید از مسیر منوی اصلی/ عمومی/ اطلاعات پایه / پروژه، کلید + را انتخاب کنید.
"هنگام تعریف یک پروژه جدید، چه قانونی برای تخصیص ""کد"" به آن وجود دارد؟",کد مورد نظر برای تعریف پروژه باید در سطح شرکت و سایر پروژه‌ها یکتا باشد.
"تفاوت بین عملکرد کلید ""ذخیره"" و گزینه ""ذخیره و جدید"" در فرم تعریف پروژه چیست؟","با کلید ""ذخیره""، پروژه فعلی ذخیره می‌شود. با گزینه ""ذخیره و جدید""، فرم فعلی ذخیره و بسته شده و صفحه خالی دیگری برای ورود اطلاعات پروژه بعدی باز می‌شود."
غیرفعال کردن یک پروژه چه پیامدی در سیستم به دنبال دارد؟,در صورتی که وضعیت پروژه غیر فعال باشد، آن پروژه در عملیات سیستم مشاهده نمی‌شود.
پس از ذخیره کردن اطلاعات اولیه یک پروژه، فرآیند ایجاد حساب تفصیل برای آن چگونه است؟,"بعد از ذخیره، در بخش اطلاعات تفصیل با انتخاب کلید ""ایجاد""، صفحه‌ای باز می‌شود که می‌توان کد تفصیل را در آن وارد و ذخیره کرد تا تفصیل پروژه ایجاد گردد."
نام حساب تفصیل یک پروژه بر چه اساسی تعیین می‌شود؟,نام تفصیل همواره برابر با عنوان پروژه خواهد بود.
تحت چه شرایطی کد تفصیل یک پروژه به صورت خودکار توسط سیستم تولید می‌شود؟,در صورتی که روش کدگذاری تفصیل برای پروژه تعریف شده باشد، کد تفصیل به صورت خودکار ایجاد می‌شود.
صفحه معرفی بانک از چه بخش‌هایی تشکیل شده است؟,این صفحه دارای دو بخش اطلاعات اصلی و شعبه بانک است.
حداقل اطلاعات مورد نیاز برای اینکه بتوان یک بانک جدید را در سیستم ذخیره کرد چیست؟,برای ذخیره یک بانک، تنها تکمیل کد و عنوان بانک در قسمت اطلاعات اصلی کافی است و می‌توان آن را بدون افزودن اطلاعات شعبه ذخیره نمود.
فرآیند افزودن یک شعبه جدید به بانک در صفحه معرفی بانک چگونه است؟,در قسمت شعبه بانک، با انتخاب گزینه جدید یک ردیف ایجاد می‌شود که در آن کد و عنوان شعبه وارد می‌شود.
هنگام تعریف شعبه بانک، وارد کردن کدام اطلاعات اجباری نیست؟,تکمیل اطلاعات مربوط به شهر، نشانی و تلفن شعبه اختیاری است و در صورت نیاز تکمیل می‌گردد.
با توجه به تعریف بانک در قسمت عمومی، در یک سیستم چند شرکتی، دسترسی به بانک‌های تعریف‌شده چگونه است؟,بانک به ازای کل سیستم تعریف می‌شود، بنابراین در صورت چند شرکتی بودن، همه شرکت‌ها می‌توانند از آن استفاده کنند.
جهت ایجاد یک الگوی شماره‌گذاری جدید در سیستم، چه مسیری باید طی شود؟,"باید از مسیر منوی اصلی/ عمومی/ اطلاعات پایه / الگوی شماره گذاری، کلید ""+"" را انتخاب کرد."
"در تعریف الگوی شماره گذاری، تفاوت اصلی بین روش تشخیص ""خودکار"" و ""دستی"" چیست؟",در روش خودکار، سیستم بر اساس مدل تعریف‌شده شماره‌گذاری می‌کند و امکان ورود دستی شماره نیست، اما در روش دستی، شماره هنگام ایجاد اعلامیه به صورت دستی توسط کاربر وارد می‌شود.
"هنگام تعریف الگوی شماره‌گذاری برای اعلامیه بدهکار/بستانکار، در بخش ""موجودیت"" چه مواردی باید انتخاب شوند؟","در قسمت سیستم، ماژول ""مالی"" و در قسمت موجودیت، ""اعلامیه بدهکار / بستانکار"" باید انتخاب شود."
در بخش تعریف الگوی شماره‌گذاری خودکار، چه تنظیماتی برای ساختار شماره قابل شخصی‌سازی است؟,می‌توان اجزای شماره‌گذاری مانند کد دفتر و سال مالی را انتخاب کرد، ترتیب قرارگیری اجزا (مثلاً سال مالی قبل از سریال) را مشخص نمود و طول کد سریال را تعیین کرد.
جزء پیش‌فرض که در ساختار یک الگوی شماره‌گذاری خودکار وجود دارد چیست؟,"به صورت پیش‌فرض، ""شمارنده سریال"" در اجزای شماره‌گذاری قرار دارد."
"مهم‌ترین اقدامی که در بالای صفحه ""معرفی الگوی شماره‌گذاری"" باید انجام داد چیست؟",ابتدا باید شرکتی که می‌خواهیم الگوی شماره‌گذاری در آن تعریف شود را مشخص کنیم.
چه زمانی کاربر قادر خواهد بود در سیستم اعلامیه بدهکار و بستانکار صادر کند؟,پس از انجام تنظیمات مربوط به الگوی شماره‌گذاری و ذخیره کردن اطلاعات آن، کاربر می‌تواند اعلامیه صادر کند.
برای اطمینان از اینکه شماره سریال تولید شده در الگوی خودکار، طول مشخصی (مثلاً ۴ رقم) داشته باشد، چه باید کرد؟,"در بخش ""الگوی شماره گذاری خودکار"" و پس از انتخاب اجزا، می‌توان طول کد سریال را تعیین کرد."
حداکثر طول مجاز برای تعریف کد حساب تفصیل چقدر است؟,حداکثر طول کد تفصیل ۱۶ رقم می‌باشد.
چه عاملی باعث می‌شود که تنظیمات مربوط به کد حساب تفصیل (طول و نوع کاراکتر) دیگر قابل ویرایش نباشد؟,پس از تعریف اولین حساب تفصیل در سیستم، این تنظیمات قفل شده و دیگر قابل ویرایش نخواهند بود.
چرا مرحله پیکربندی تنظیمات تفصیل پیش از شروع به کار با سیستم، یک اقدام حیاتی و غیرقابل بازگشت است؟,زیرا این تنظیمات که ساختار کدینگ تفصیل را مشخص می‌کنند، باید پیش از تعریف اولین حساب تکمیل شوند و پس از آن دیگر هرگز قابل تغییر نیستند، که این بر تمام داده‌های آتی سیستم تاثیر دائمی دارد.
"منظور از ""ارز عملیاتی"" در سیستم چیست و چه کاربرد مهمی دارد؟",هر کشور ارز مخصوص به خود را دارد که در سیستم به عنوان ارز عملیاتی معرفی می‌شود و کلیه گزارشات قانونی سیستم با این ارز ارائه می‌گردد.
ارزهای خارجی علاوه بر ارز رسمی کشور، در چه نوع مبادلاتی مورد استفاده قرار می‌گیرند؟,ارزهای دیگر علاوه بر ارز رسمی، در مبادلات خارجی کالا و خدمت مانند صادرات و واردات در واحدهای تجاری مورد استفاده قرار می‌گیرند.
کدام ارز به صورت پیش‌فرض در سیستم وجود دارد؟,ارز ریال در سیستم به صورت پیش فرض وجود دارد.
"از اینکه تمام گزارشات قانونی یک سیستم باید بر مبنای ""ارز عملیاتی"" ارائه شود، چه نتیجه‌ای در مورد استانداردسازی مالی آن سیستم می‌توان گرفت؟",این امر نشان می‌دهد که سیستم برای انطباق با مقررات مالی و قانونی کشور طراحی شده است، چرا که گزارش‌دهی رسمی باید بر اساس پول ملی آن کشور صورت پذیرد.
علامت ستاره قرمز که در کنار برخی فیلدها در صفحه تعریف ارز نمایش داده می‌شود، به چه معناست؟,علامت ستاره قرمز نشان می‌دهد که تکمیل آن فیلدها اجباری است.
"در فیلد ""کد"" برای تعریف ارز، کاربر چه انتخاب‌هایی دارد؟","کاربر می‌تواند کد سه حرفی ارز را از فهرست موجود انتخاب کند و یا با انتخاب گزینه ""T""، کد ارز مورد نظر را به صورت دستی تعریف نماید."
"چگونه انتخاب ""کد"" ارز بر مقادیر فیلدهای ""عنوان"" و ""علامت"" تأثیر می‌گذارد؟","با انتخاب کد ارز از فهرست موجود، فیلدهای ""عنوان"" و ""علامت"" به صورت خودکار پر می‌شوند. اما اگر کد به صورت دستی وارد شود، عنوان نیز باید دستی نوشته شود."
"مقدار پیش‌فرض برای فیلد ""واحد مبادله"" چیست و چه محدوده‌ای از اعداد را می‌پذیرد؟",مقدار پیش‌فرض برای واحد مبادله برابر با 1 است و می‌توان اعداد طبیعی از 1 تا 9999 را برای آن انتخاب کرد.
"گزینه‌های موجود برای فیلد ""روش گرد کردن اعشار"" کدامند و مقدار پیش‌فرض آن چیست؟","گزینه‌های قابل انتخاب شامل ""اتوماتیک، به سمت بالا و به سمت پایین"" است و مقدار پیش‌فرض آن ""اتوماتیک"" می‌باشد."
"کاربرد گزینه ""ذخیره و جدید"" در صفحه تعریف ارز چیست؟","با انتخاب گزینه ""ذخیره و جدید""، اطلاعات فعلی ذخیره شده و یک صفحه خالی برای ورود اطلاعات ارز بعدی باز می‌شود."
وضعیت پیش‌فرض یک ارز پس از ثبت در سیستم چیست و چگونه می‌توان آن را تغییر داد؟,"ارز به صورت پیش‌فرض با وضعیت ""فعال"" ثبت می‌شود، اما در صورت عدم نیاز می‌توان با استفاده از گزینه ""تغییر وضعیت""، آن را غیرفعال کرد."
تحت چه شرایطی می‌توان یک ارز تعریف شده را به طور کامل از سیستم حذف کرد؟,یک ارز تعریف شده تنها در صورتی قابل حذف است که در هیچ بخشی از سیستم استفاده نشده باشد.
اگر یک ارز تعریف‌شده در سیستم مورد استفاده قرار گرفته باشد، برای از دور خارج کردن آن چه راهکاری وجود دارد؟,"در صورتی که از یک ارز استفاده شده باشد، امکان حذف آن وجود ندارد و تنها می‌توان آن را از طریق گزینه ""تغییر وضعیت""، غیرفعال نمود."
بر اساس اطلاعات متن، نحوه مدیریت ارزها در ساختارهای هلدینگ (چند شرکتی) چگونه است و چه محدودیتی برای شرکت‌ها وجود دارد؟,در هلدینگ‌ها، ارزها در سطح گروه تعریف می‌شوند و در تمام شرکت‌ها قابل استفاده هستند. این ارزها توسط شرکت‌ها قابل تغییر نمی‌باشند.
از نحوه تعریف ارز در سطح گروه برای هلدینگ‌ها چه استنباطی در مورد معماری سیستم می‌توان داشت؟,این ویژگی نشان می‌دهد که سیستم برای ساختارهای چند شرکتی طراحی شده است و قادر است داده‌های پایه مانند ارز را به صورت متمرکز مدیریت کند تا از یکپارچگی در تمام شرکت‌های زیرمجموعه اطمینان حاصل شود.
چرا در بازار ایران نیاز به تعریف نرخ‌های متفاوتی برای یک ارز واحد مانند دلار وجود دارد؟,زیرا ارزها در بازار ایران با نرخ‌های گوناگونی مانند نیمایی، سامانه سنا، بازار توافقی و بازار آزاد عرضه می‌شوند و لازم است بتوان یک ارز را با این نرخ‌های متفاوت در اسناد حسابداری ثبت کرد.
"برای تعریف یک ""نوع نرخ ارز"" جدید در سیستم، چه مسیری باید طی شود؟",برای تعریف نوع نرخ ارز باید از مسیر منوی اصلی/ عمومی/ ارز/ نوع نرخ ارز اقدام کرد.
"فعال کردن گزینه ""امکان محاسبه معکوس"" در فرم تعریف نوع نرخ ارز، چه قابلیتی را فراهم می‌کند؟",با فعال کردن این گزینه، اگر نرخ تبدیلی مانند دلار به ریال تعریف شود، سیستم قادر خواهد بود در زمان ثبت سند حسابداری، محاسبه معکوس آن یعنی ریال به دلار را نیز با همان نرخ انجام دهد.
آیا کاربر می‌تواند نوع نرخ ارز دلخواه خود را به عنوان نرخ پیش‌فرض در سیستم معرفی کند؟,بله، با وجود اینکه نرخ میانگین به صورت پیش‌فرض در سیستم تعریف شده است، کاربر می‌تواند نرخ دلخواه خود را تعریف کرده و آن را به عنوان پیش‌فرض معرفی نماید.
پس از استفاده از یک نوع نرخ ارز در اسناد، چه امکانی برای مدیریت آن در سیستم وجود دارد؟,"امکان تغییر وضعیت آن نوع نرخ ارز به ""غیر فعال"" وجود دارد تا از استفاده مجدد آن در آینده جلوگیری شود."
در فرم تعریف نرخ تبدیل ارز جدید، تکمیل کدام فیلدها الزامی است و این الزام چگونه نمایش داده می‌شود؟,تکمیل فیلدهایی که با علامت ستاره قرمز مشخص شده‌اند، اجباری است.
"فیلد ""تاریخ موثر"" در فرم نرخ تبدیل ارز چه نقشی در فراخوانی نرخ‌ها در اسناد حسابداری ایفا می‌کند؟","در اسناد حسابداری، نرخ‌ها بر اساس ""تاریخ موثر"" فراخوانی می‌شوند. سیستم نرخ‌هایی را نمایش می‌دهد که تاریخ موثرشان کوچکتر یا مساوی تاریخ سند باشد و به صورت پیش‌فرض، نزدیک‌ترین تاریخ به تاریخ سند را انتخاب می‌کند."
"هنگام تعریف نرخ تبدیل دلار به ریال، کدام ارزها باید به ترتیب در فیلدهای ""از ارز"" و ""به ارز"" انتخاب شوند؟","در این حالت، در فیلد ""از ارز"" باید دلار و در فیلد ""به ارز"" باید ریال انتخاب شود."
"مقدار پیش‌فرض در فیلد ""نوع نرخ ارز"" هنگام ایجاد یک نرخ تبدیل جدید، چگونه تعیین می‌شود؟",این فیلد به صورت پیش‌فرض با نوع نرخی که در سیستم به عنوان پیش‌فرض کلی تعریف شده (مانند نرخ میانگین) تکمیل می‌گردد، ولی توسط کاربر قابل تغییر است.
"بر اساس متن، چه عاملی در ""نوع نرخ ارز"" باعث غیرفعال شدن گزینه ""امکان محاسبه غیر مستقیم"" در صفحه نرخ تبدیل ارز می‌شود؟","در صورتی که در تنظیمات ""نوع نرخ ارز""، گزینه ""امکان محاسبه مستقیم"" انتخاب نشده باشد، ویژگی محاسبه غیر مستقیم در صفحه نرخ تبدیل ارز غیرفعال می‌شود."
"اگر برای یک نرخ تبدیل (مثلاً دلار به ریال) ""امکان محاسبه غیر مستقیم"" فعال باشد، چه اتفاقی در زمان ثبت سند حسابداری رخ می‌دهد؟","در زمان ثبت سند، نرخ معکوس آن (یعنی ریال به دلار) نیز به صورت خودکار توسط سیستم محاسبه و لحاظ می‌شود و در کنار آن عبارت ""غیر مستقیم"" درج می‌گردد."
"نحوه تعریف ""نرخ تبدیل ارز"" در یک ساختار چند شرکتی (هلدینگ) چگونه است؟",در ساختار چند شرکتی، نرخ تبدیل ارز برای هر شرکت به صورت جداگانه و مستقل تعریف می‌شود.
با توجه به تعریف جداگانه نرخ تبدیل ارز برای هر شرکت در ساختار هلدینگ، چه استنباطی در مورد استقلال مالی شرکت‌ها در این سیستم می‌توان داشت؟,این ویژگی نشان می‌دهد که سیستم به هر شرکت اجازه می‌دهد تا سیاست‌های مالی و نرخ‌های ارزی مستقل خود را مدیریت کند و داده‌های مالی شرکت‌ها در این زمینه از یکدیگر تفکیک شده‌اند.
در فرآیند تعریف یک دفتر جدید، چه اطلاعاتی باید مشخص و وارد شوند؟,باید کد، عنوان، ساختار حساب، و ارز اصلی دفتر مشخص گردد.
"فعال کردن گزینه ""اصلی"" هنگام تعریف یک دفتر در سیستم به چه معناست؟","انتخاب گزینه ""اصلی"" به این معناست که آن دفتر به عنوان دفتر اصلی سیستم شناخته شده و دفاتر قانونی شرکت با استفاده از آن تهیه خواهد شد."
"برای شروع کار با ""دفتر کل"" در یک سیستم حسابداری، اولین اقدام چیست؟",اولین گام برای شروع کار با دفتر کل، تعریف سال مالی است.
برای تعریف یک سال مالی جدید در سیستم، چه مسیری باید طی شود و چه اطلاعات اولیه‌ای نیاز است؟,"از مسیر حسابداری مالی/دفتر کل/اطلاعات پایه/سال مالی، کلید ""+"" انتخاب می‌شود. سپس باید عنوان سال مالی، نوع تقویم (شمسی یا میلادی)، تاریخ آغاز و تاریخ پایان وارد شود."
در فرم‌های سیستم، فیلدهای اطلاعاتی که تکمیل آن‌ها اجباری است، چگونه مشخص می‌شوند؟,فیلدهای اجباری با علامت * در کنار آن‌ها مشخص شده‌اند و این قانون در تمام فرم‌ها صادق است.
برای ایجاد دوره‌های مالی ماهانه در یک سال مالی تعریف شده، چه روش سریعی وجود دارد؟,می‌توان از کلید مخصوصی استفاده کرد که به صورت خودکار 12 دوره به نام ماه‌های سال مالی در بازه تاریخی مشخص شده ایجاد می‌کند.
چگونه می‌توان دوره‌های مالی با بازه‌های زمانی دلخواه و نامساوی (مثلاً ۲ ماهه و ۹ ماهه) در یک سال مالی تعریف کرد؟,"برای این کار باید از کلید ""جدید"" استفاده کرده و عنوان و تاریخ شروع و پایان هر دوره را به صورت دستی در بازه سال مالی وارد نمود."
چه توصیه‌ای برای انتخاب طول دوره‌های مالی به منظور مدیریت بهتر عملیات حسابداری شده است؟,پیشنهاد شده است که برای مدیریت بهتر عملیات حسابداری و تهیه گزارشات منعطف‌تر، از دوره‌های مالی ماهانه استفاده شود.
قانون مربوط به تعیین تاریخ شروع یک سال مالی جدید نسبت به سال مالی قبلی چیست؟,تاریخ شروع سال مالی جدید باید دقیقا روز بعد از تاریخ پایان سال مالی قبلی باشد.
چه قوانینی بر توالی و تاریخ‌های شروع و پایان دوره‌های مالی در یک سال مالی حاکم است؟,بازه‌های دوره مالی باید به‌هم‌پیوسته بوده و بین آن‌ها فاصله‌ی تاریخی وجود نداشته باشد. همچنین تاریخ شروع اولین دوره باید با تاریخ شروع سال مالی و تاریخ پایان آخرین دوره باید با تاریخ پایان سال مالی برابر باشد.
پس از تعریف یک سال مالی و دوره‌های آن، کدام یک از تاریخ‌های اصلی (شروع یا پایان) قابل ویرایش نیست؟,پس از تعریف، امکان ویرایش تاریخ ابتدای سال مالی وجود ندارد.
آیا پس از ایجاد یک سال مالی، امکان تغییر تاریخ پایان آن وجود دارد؟,بله، با انجام کنترل‌های لازم و در صورت داشتن دسترسی می‌توان تاریخ پایان سال مالی را تغییر داد.
با توجه به عدم امکان ویرایش تاریخ شروع سال مالی پس از ایجاد، در حالی که تاریخ پایان قابل تغییر است، چه می‌توان در مورد طراحی سیستم استنباط کرد؟,این طراحی نشان می‌دهد که سیستم برای حفظ یکپارچگی داده‌ها و پیوستگی با سال مالی قبل، نقطه شروع را ثابت نگه می‌دارد، اما برای مواردی مانند تمدید احتمالی سال مالی، انعطاف‌پذیری لازم برای تغییر تاریخ پایان را فراهم می‌کند.
کدام موجودیت‌های تفصیلی به عنوان موجودیت‌های عمومی در نظر گرفته شده و در تمامی ماژول‌ها قابل استفاده هستند؟,موجودیت‌های عمومی که در همه ماژول‌ها استفاده می‌شوند عبارتند از: شخص حقیقی / شخص حقوقی، مرکز هزینه، پروژه، و شعبه.
در صورتی که ماژول مرتبط با یک نوع تفصیل در قفل مشتری وجود نداشته باشد، سیستم چگونه امکان تعریف آن را فراهم می‌کند؟,در صورتی که ماژول مرتبط در قفل مشتری وجود نداشته باشد، یک فرم با حداقل اطلاعات مورد نیاز در ماژول دفتر کل برای آن نوع تفصیل (مانند حساب بانکی یا صندوق) ایجاد می‌شود تا کاربر اطلاعات اصلی را ثبت کند.
برای پاسخ به نیازهای خاص مشتری که در ماژول‌های استاندارد سیستم پوشش داده نشده، چه راهکاری برای تعریف نوع تفصیل پیش‌بینی شده است؟,"برای این موارد، ۱۰ نوع تفصیل با عنوان پیش‌فرض ""تفصیل سایر ۱"" تا ""سایر ۱۰"" در سیستم وجود دارد که کاربر می‌تواند با فعال کردن و تغییر عنوان، از آن‌ها برای نیازهای دلخواه خود استفاده کند."
چه شرطی مانع از حذف یک نوع تفصیل می‌شود و راه حل جایگزین برای جلوگیری از استفاده آن چیست؟,در صورتی که برای یک نوع تفصیل، حساب تفصیلی تعریف شده باشد، امکان حذف آن نوع تفصیل وجود نخواهد داشت. به عنوان جایگزین، می‌توان آن نوع تفصیل را غیرفعال کرد تا از استفاده آن جلوگیری شود.
"تفاوت اصلی در تعریف یک نوع تفصیل مانند ""تسهیلات مالی"" با نوع تفصیلی مانند ""حساب بانکی"" از نظر وجود ماژول مرتبط در سیستم چیست؟","برای ""تسهیلات مالی"" که ماژول آن در قفل مشتری وجود دارد، فرم معرفی در ماژول مرتبط قرار دارد. اما برای ""حساب بانکی""، در صورتی که ماژولش در قفل مشتری نباشد، فرم تعریف آن با حداقل اطلاعات در ماژول دفتر کل قرار می‌گیرد."
از طریق چه مسیری در منوی اصلی می‌توان به فهرست کلیه انواع تفصیل موجود در سیستم دسترسی پیدا کرد؟,از مسیر منوی اصلی/ حسابداری مالی/ دفتر کل/ حساب‌ها/ نوع تفصیل می‌توان فهرست کل انواع تفصیل موجود در سیستم را مشاهده کرد.
چگونه می‌توان فهرست حساب‌های تفصیلی مربوط به یک نوع تفصیل خاص را مشاهده نمود؟,با قرار گرفتن روی ردیف نوع تفصیل مورد نظر در فهرست و کلیک روی عنوان آن، می‌توان فهرست حساب‌های تفصیلی مربوط به آن را مشاهده کرد.
سیستم برای انواع تفصیل‌هایی که ماژول مرتبط با آنها در سبد محصول وجود دارد اما در قفل مشتری نیست، چه نمونه‌هایی را نام می‌برد؟,این نمونه‌ها شامل حساب بانکی، صندوق، تنخواه، کالا، حوزه قیمت‌گذاری، گروه مشتریان، و گروه کالا و خدمت است.
وجود سه دسته متفاوت برای انواع تفصیل (عمومی، مرتبط با ماژول، و سایر) چه چیزی را درباره معماری سیستم نشان می‌دهد؟,این ساختار نشان‌دهنده معماری ماژولار و انعطاف‌پذیر سیستم است که هم قابلیت‌های استاندارد و یکپارچه را فراهم می‌کند و هم امکان سفارشی‌سازی برای نیازهای خاص هر مشتری را ممکن می‌سازد.
"هدف از ایجاد یک فرم با ""حداقل اطلاعات مورد نیاز"" در دفتر کل برای تفصیل‌هایی که ماژول آن‌ها فعال نیست، چیست؟",هدف این است که موجودیت‌های ضروری برای عملیات حسابداری (مانند حساب بانکی) حتی بدون خرید ماژول کامل آن، قابل تعریف و استفاده در اسناد مالی باشند و اطلاعات کلیدی آن‌ها ثبت گردد.
"برای ایجاد یک ""حساب تفصیل سایر"" جدید، چه اطلاعاتی در فرم معرفی باید مشخص گردد؟","باید ""نوع تفصیل"" را از بین انواع تفصیل سایر فعال شده انتخاب کرد و سپس ""کد"" و ""عنوان تفصیل"" را برای آن مشخص نمود."
"یک ""حساب تفصیل سایر"" پس از ایجاد اولیه در چه وضعیتی قرار دارد و چه امکاناتی در این وضعیت برای کاربر فراهم است؟","پس از ذخیره، حساب در وضعیت ""ثبت اولیه"" قرار می‌گیرد و در این حالت، امکان ویرایش و حذف اطلاعات برای کاربر وجود دارد."
"چه تغییری در قابلیت‌های یک ""حساب تفصیل سایر"" پس از فعال‌سازی آن از طریق گزینه ""تغییر وضعیت"" رخ می‌دهد؟","پس از فعال کردن حساب، دیگر امکان حذف آن وجود نخواهد داشت و بخش ""اطلاعات تفصیل"" برای تعریف جزئیات بیشتر نمایش داده می‌شود."
"روند ایجاد یک ""حساب تفصیل سایر"" جدید از منوی اصلی سیستم چگونه است؟","از مسیر منوی اصلی / حسابداری مالی / دفتر کل / حساب‌ها / حساب تفصیل سایر، کلید ""+"" را انتخاب کرده و در صفحه باز شده، پس از تعیین شرکت، نوع تفصیل، کد و عنوان را مشخص می‌کنیم."
"کد تفصیل در بخش ""اطلاعات تفصیل"" یک حساب سایر چگونه تولید می‌شود؟","پس از انتخاب گزینه ایجاد در بخش اطلاعات تفصیل، صفحه‌ای باز می‌شود که کاربر کد را وارد می‌کند. اما در صورتی که برای آن نوع تفصیل سایر، ""کدگذاری تفصیل"" تعریف شده باشد، کد به صورت خودکار توسط سیستم ایجاد می‌گردد."
"فعال‌سازی یک ""حساب تفصیل سایر"" از وضعیت ""ثبت اولیه""، چه پیامدی در چرخه حیات آن رکورد دارد؟","این عمل، تعریف اولیه حساب را نهایی کرده، از حذف آن جلوگیری می‌کند و مرحله بعدی فرآیند، یعنی تعریف ""اطلاعات تفصیل"" را امکان‌پذیر می‌سازد."
دو مزیت اصلی که برای تعیین بازه عددی برای انواع تفصیل (مانند اشخاص یا پروژه‌ها) ذکر شده است، چیست؟,دو مزیت اصلی این کار، امکان تهیه گزارشات دقیق‌تر و اعمال کنترل‌های داخلی در سازمان است.
"برای دسترسی به صفحه ""روش کد گذاری تفصیل ها"" در سیستم، چه مسیری را باید دنبال کرد؟",از مسیر منوی اصلی / حسابداری مالی / دفتر کل / حساب‌ها، صفحه روش کد گذاری تفصیل ها را انتخاب می‌کنیم.
"وجود قابلیت تعریف ""روش کد گذاری تفصیل"" چه امری را در مورد رویکرد سیستم به مدیریت مالی نشان می‌دهد؟",این قابلیت نشان می‌دهد که سیستم برای ارائه انعطاف‌پذیری و کنترل دقیق به مدیران مالی طراحی شده است تا بتوانند ساختار حساب‌های خود را برای پشتیبانی از گزارش‌گیری سفارشی و اجرای قوانین کنترل داخلی، سازماندهی کنند.
در صورتی که پیش از تعریف روش کدگذاری، کدهایی به صورت دستی به تفصیل‌ها اختصاص داده شده باشد، چگونه می‌توان نقطه شروع کددهی اتوماتیک سیستم را تعیین کرد؟,"در این حالت، باید اولین کد مورد نظر برای شروع شماره‌گذاری توسط سیستم، در قسمت ""اولین کد قابل استفاده"" وارد شود."
"فعال کردن گزینه ""امکان ویرایش"" در فرم روش کدگذاری تفصیل چه قابلیتی را به کاربر می‌دهد؟",در صورت فعال بودن این گزینه، کدی که توسط سیستم به صورت خودکار ایجاد می‌شود، برای کاربر قابلیت ویرایش خواهد داشت.
"قاعده ""یکتایی شماره‌گذاری به ازای هر نوع تفصیلی کنترل می‌شود"" به چه معناست؟",این قاعده به این معناست که سیستم تضمین می‌کند کدهای اختصاص یافته به یک نوع تفصیل خاص (مثلا پروژه) تکراری نباشند، اما یک کد مشابه می‌تواند برای نوع تفصیل دیگری (مثلا اشخاص) استفاده شود.
روش کدگذاری تفصیل در چه سطحی از ساختار سازمانی تعریف می‌شود و این موضوع چه مفهومی دارد؟,کدگذاری برای هر شرکت به صورت مجزا تعریف می‌شود. این بدان معناست که هر شرکت می‌تواند قوانین و بازه‌های شماره‌گذاری منحصربه‌فرد خود را برای انواع تفصیل داشته باشد.
"تنظیم ""شروع شماره عطف"" در چه سطوحی از ساختار سازمانی قابل پیکربندی است و آیا ویرایش آن محدودیت زمانی دارد؟",این تنظیم در سطح دفتر و شعبه قابل پیکربندی بوده و همواره قابل ویرایش است.
"برای هر سال مالی، گزینه‌های ممکن برای تعیین ""سطح شماره‌گذاری و قطعی کردن اسناد"" کدامند؟","به ازای هر سال مالی و دفتر، سطح شماره‌گذاری و قطعی کردن اسناد می‌تواند ""شعبه"" یا ""شرکت"" باشد."
برای جلوگیری از ثبت شماره فرعی تکراری در اسناد، سیستم چه گزینه‌های کنترلی را در اختیار کاربر قرار می‌دهد؟,"سیستم امکان کنترل یکتایی شماره فرعی را به ازای هر سال مالی در سطح ""شرکت"" یا ""شعبه"" فراهم می‌کند."
"حالت پیش‌فرض برای ""سطح کنترل یکتایی شماره فرعی"" در تنظیمات سیستم چیست؟","این تنظیم به صورت پیش‌فرض در حالت ""بدون کنترل"" قرار دارد."
با توجه به اینکه کنترل یکتایی شماره فرعی به طور پیش‌فرض غیرفعال است، چه ریسک بالقوه‌ای در ورود داده‌ها وجود دارد و چگونه می‌توان آن را برطرف کرد؟,"ریسک ثبت اسناد با شماره فرعی تکراری وجود دارد. برای رفع این مشکل، باید تنظیم کنترل یکتایی را از حالت ""بدون کنترل"" به سطح ""شرکت"" یا ""شعبه"" تغییر داد."
"یک سازمان برای اطمینان از اینکه شماره‌گذاری اسناد در هر شعبه به صورت کاملاً مستقل انجام شود، کدام دو تنظیم اصلی را باید روی گزینه ""شعبه"" تنظیم کند؟","برای استقلال کامل شماره‌گذاری، سازمان باید هم ""سطح شماره‌گذاری و قطعی کردن اسناد"" و هم ""سطح کنترل یکتایی شماره فرعی"" را بر روی حالت ""شعبه"" تنظیم نماید."
چگونه می‌توان برای نقش‌های مختلف اشخاص (مثلاً مشتری و تأمین‌کننده) بازه‌های شماره‌گذاری متفاوتی تعریف کرد؟,کاربر می‌تواند با تعریف روش‌های کدگذاری مجزا، به هر نقش مورد نظر خود بازه‌های مختلفی از شماره‌گذاری را اختصاص دهد، برای مثال مشتری‌ها در بازه ۱ تا ۱۰۰۰ و تأمین‌کنندگان در بازه ۱۰۰۱ تا ۲۰۰۰ کدگذاری شوند.
اگر یک شخص در سیستم همزمان دارای نقش مشتری و تأمین‌کننده باشد، شماره تفصیلی که به او اختصاص می‌یابد بر اساس کدام نقش تعیین می‌شود؟,در صورتی که یک شخص حقیقی یا حقوقی بیش از یک نقش داشته باشد، شماره‌گذاری تعریف شده بر اساس اولین نقشی که به آن شخص تخصیص داده شده است، اعمال می‌گردد.
"در صفحه تخصیص شماره‌گذاری به نقش‌ها، چگونه می‌توان فهرست نقش‌ها را فقط به موارد مربوط به ""اشخاص حقیقی"" محدود کرد؟","در بالای صفحه تخصیص، از قسمت ""نوع"" می‌توان گزینه ""اشخاص حقیقی"" را انتخاب کرد تا فقط نقش‌های متناظر با این نوع شخص نمایش داده شوند."
برای اینکه یک روش شماره‌گذاری تعریف‌شده فقط به نقش‌های خاصی (مثلاً فقط مشتری و کارمند) اعمال شود، چه باید کرد؟,"باید وارد بخش انتخاب نقش‌ها شد، نقش‌هایی را که مورد نیاز نیستند انتخاب کرده و با استفاده از فلش‌ها به قسمت ""انتخاب نشده"" منتقل نمود. به این ترتیب، شماره‌گذاری فقط برای نقش‌های باقیمانده در بخش ""انتخاب شده"" اعمال می‌شود."
وضعیت پیش‌فرض انتخاب نقش‌ها هنگام تعریف یک روش کدگذاری برای اشخاص چگونه است؟,"به صورت پیش فرض، تمام نقش‌ها در بخش ""انتخاب شده"" قرار دارند."
"قاعده‌ی تخصیص کد بر اساس ""اولین نقش"" برای اشخاص چندنقشی، چه پیامدی در تحلیل داده‌ها می‌تواند داشته باشد؟",این قاعده باعث می‌شود که یک شخص همواره یک کد ثابت داشته باشد، اما این کد ممکن است تمام فعالیت‌های او (مثلاً اینکه هم مشتری است و هم تأمین‌کننده) را بازتاب ندهد و برای گزارش‌گیری تفکیکی بر اساس تمام نقش‌ها، به بررسی‌های بیشتری نیاز باشد.
چه فیلدهایی در فرم ایجاد حساب بانکی جدید باید تکمیل شوند؟,فیلدهای شعبه، عنوان، و ارز باید تکمیل شوند.
"چه پیشنهادی برای انتخاب ""عنوان"" حساب بانکی ارائه شده و آیا رعایت آن اجباری است؟",پیشنهاد می‌شود که عنوان ترکیبی از نام بانک، نام شعبه، نوع حساب، ارز و شماره حساب باشد، اما این یک کنترل اجباری نیست و می‌توان هر عنوان معناداری را وارد نمود.
"بر اساس متن، چه ویژگی مهمی برای ""عنوان"" حساب بانکی وجود دارد که توسط سیستم کنترل می‌شود؟",عنوان حساب بانکی باید یکتا باشد.
پس از ذخیره حساب بانکی برای اولین بار، چه بخشی در صفحه ظاهر می‌شود و اولین اقدام در آن بخش چیست؟,"پس از ذخیره، باکس ""اطلاعات تفصیل"" در سمت چپ صفحه دیده می‌شود و باید کلید ""ایجاد"" را در آن انتخاب کرد."
"نقش تیک ""فعال"" در فرم تعریف حساب بانکی چیست؟",این تیک که به صورت پیش‌فرض انتخاب شده، وضعیت فعال بودن حساب را تعیین می‌کند و در صورت نیاز به غیرفعال کردن حساب بانکی می‌توان این تیک را برداشت.
"در فرآیند ایجاد حساب تفصیل، در چه شرایطی ""کد تفصیل"" به صورت خودکار تکمیل می‌شود؟",در صورتی که یک کد پیش‌فرض برای حساب بانکی وجود داشته باشد، کد تفصیل به صورت خودکار پر می‌شود.
چه شرطی برای امکان حذف یا ویرایش یک حساب تفصیل وجود دارد؟,تنها در صورتی می‌توان یک حساب تفصیل را حذف یا ویرایش کرد که در هیچ سندی از آن استفاده نشده باشد.
چگونه می‌توان یک حساب بانکی را به طور کامل از سیستم حذف کرد؟,برای حذف یک حساب بانکی می‌توان از کلید حذف که در بالای صفحه قرار دارد استفاده کرد.
در فرم معرفی صندوق، کدام فیلدها باید توسط کاربر تکمیل شوند؟,اطلاعات شعبه و عنوان صندوق باید تکمیل گردد.
آیا یک کاربر بدون دسترسی به ماژول خزانه‌داری، امکان تعریف صندوق را در سیستم دارد؟,بله، در ماژول دفتر کل می‌توان با حداقل اطلاعات مورد نیاز، صندوق را تعریف کرد و به آن کد تفصیل اختصاص داد.
در فرم معرفی صندوق، مقداردهی اولیه فیلد شعبه بر چه اساسی صورت می‌گیرد و آیا قابل تغییر است؟,شعبه در صورت وجود تنظیمات برای کاربر، به صورت خودکار فراخوانی می‌شود، اما کاربر این امکان را دارد که آن را تغییر دهد.
پس از ذخیره اطلاعات اولیه یک صندوق جدید، چه بخشی در صفحه نمایان می‌شود؟,"پس از ذخیره اطلاعات، بخش ""اطلاعات تفصیل"" نمایش داده می‌شود."
"فرآیند اختصاص ""کد تفصیل"" به یک صندوق جدید چگونه است؟",در صورتی که کدگذاری تفصیل به صورت خودکار تنظیم شده باشد، کد به طور اتوماتیک ایجاد می‌شود؛ در غیر این صورت، کاربر باید کد تفصیل مورد نظر را به صورت دستی وارد و ذخیره کند.
چه اطلاعاتی در بالای صفحه معرفی صندوق نمایش داده می‌شود و آیا کاربر می‌تواند آن را ویرایش کند؟,در قسمت بالای صفحه، شرکت مشخص می‌شود که از تنظیمات کاربر فراخوانی شده و امکان تغییر آن وجود دارد.
در فرم معرفی تنخواه، تکمیل کدام سه قلم اطلاعاتی ضروری است؟,اطلاعات شعبه، عنوان تنخواه، و ارز تنخواه باید تکمیل و مشخص گردد.
آیا کاربری که ماژول خزانه‌داری را در اختیار ندارد، می‌تواند تنخواه تعریف کند؟,بله، حتی بدون داشتن ماژول خزانه‌داری، کاربر می‌تواند با استفاده از ماژول دفتر کل، تنخواه را با حداقل اطلاعات تعریف کرده و به آن کد تفصیل اختصاص دهد.
"در فرآیند تعریف تنخواه، مقداردهی اولیه فیلد ""شعبه"" چگونه انجام می‌شود و آیا قابل تغییر است؟",فیلد شعبه در صورت وجود تنظیمات برای کاربر، به صورت خودکار فراخوانی می‌شود، اما کاربر همچنان امکان تغییر آن را دارد.
پس از ذخیره اطلاعات اولیه یک تنخواه جدید، چه بخشی در صفحه نمایش داده می‌شود و اقدام بعدی چیست؟,"پس از ذخیره، بخش ""اطلاعات تفصیل"" نمایش داده می‌شود و کاربر باید گزینه ""ایجاد"" را در این بخش انتخاب کند."
"فرآیند ایجاد ""کد تفصیل"" برای یک تنخواه جدید به چه روش‌هایی امکان‌پذیر است؟",اگر سیستم کدگذاری خودکار تفصیل را داشته باشد، کد به صورت اتوماتیک ایجاد می‌شود. در غیر این صورت، کاربر باید کد تفصیل مورد نظر را به صورت دستی وارد و ذخیره نماید.
"چه قابلیتی در بالای صفحه معرفی تنخواه برای تعیین ""شرکت"" وجود دارد؟",در بالای صفحه، شرکت مشخص می‌شود که در صورت وجود تنظیمات برای کاربر، از آنجا فراخوانی شده و همچنین امکان تغییر آن نیز وجود دارد.
بر اساس متن، چه رابطه‌ای بین تعریف تنخواه و تعریف ارز در سیستم وجود دارد؟,به ازای هر تنخواه باید یک ارز مشخص شود، بنابراین انتخاب ارز یک مرحله الزامی در فرآیند تعریف تنخواه است.
در صفحه معرفی کالا، کدام دو فیلد اصلی توسط کاربر باید مشخص شوند؟,کد و عنوان مورد نظر کاربر باید مشخص شود.
آیا کاربری که ماژول انبار را خریداری نکرده است، امکان تعریف کالا در سیستم را دارد؟,بله، حتی بدون داشتن ماژول انبار، کاربر می‌تواند کالا را با حداقل اطلاعات در ماژول دفتر کل تعریف کرده و به آن کد تفصیل اختصاص دهد.
"در فرم معرفی کالا، فیلد ""شرکت"" چگونه تعیین می‌شود و آیا قابل تغییر است؟",فیلد شرکت از تنظیمات کاربر فراخوانی می‌شود، اما کاربر این امکان را دارد که آن را تغییر دهد.
پس از ذخیره اطلاعات اولیه یک کالا، چه بخشی در صفحه ظاهر می‌شود و اولین اقدام لازم در آن چیست؟,"بخش ""اطلاعات تفصیل"" نمایش داده می‌شود و کاربر باید گزینه ""ایجاد"" را در این بخش انتخاب کند."
"فرآیند ایجاد ""کد تفصیل"" برای یک کالای جدید به چه روش‌هایی امکان‌پذیر است؟",اگر کدگذاری تفصیل به صورت خودکار تنظیم شده باشد، کد به طور اتوماتیک ایجاد می‌شود؛ در غیر این صورت، کاربر باید کد تفصیل مورد نظر را به صورت دستی وارد و ذخیره کند.
"چه ارتباطی بین تعریف کالا در ماژول دفتر کل و مفهوم ""انواع تفصیل"" وجود دارد؟","تعریف کالا در دفتر کل، یکی از مصادیق ""انواع تفصیل"" است که با حداقل اطلاعات مورد نیاز در این ماژول ایجاد می‌شود."
یکی از اهداف اصلی مدیریت عملیات حسابداری در رابطه با اسناد چیست؟,یکی از اهداف اصلی، کنترل صدور اسناد حسابداری در دوره‌های مالی مشخص است.
چه نمونه‌هایی از عملیات اجرایی در حوزه مدیریت عملیات حسابداری ذکر شده است؟,انجام عملیاتی مانند آنالیز یا صدور اعلامیه‌های بدهکار و بستانکار از نمونه‌های ذکر شده است.
وضعیت اولیه دوره‌های مالی پس از ایجاد شدن در سیستم چیست؟,دوره‌های مالی پس از ایجاد شدن، با وضعیت 'باز نشده' نمایش داده می‌شوند.
برای فعال کردن امکان ثبت سند حسابداری در یک دوره مالی جدید، چه اقدامی باید انجام شود؟,برای امکان ثبت سند حسابداری در دوره مورد نظر، نیاز است ابتدا، وضعیت آن از 'باز نشده' به 'باز شده' تغییر پیدا کند.
سیستم چگونه به کاربران اطلاع می‌دهد که باید عملیات حسابداری خود را تا تاریخ معینی نهایی کنند؟,با ارسال اعلان به کاربران مشخص شده، تاریخ بسته شدن دوره‌های مالی اعلام می‌شود تا آنها مطلع شوند که باید کلیه عملیات واحد خود را انجام داده و سند حسابداری مربوطه را صادر و نهایی کنند.
مدیریت دوره‌های مالی بر اساس چه پارامترهایی قابل تفکیک و انجام است؟,مدیریت دوره‌های مالی به ازای هر شرکت، سال مالی، دفتر و شعبه قابل انجام است.
از چه مسیری در سیستم می‌توان به صفحه 'مدیریت دوره‌های مالی' دسترسی پیدا کرد؟,از مسیر منوی اصلی / حسابداری مالی / دفتر کل / مدیریت عملیات حسابداری می‌توان به صفحه مدیریت دوره‌های مالی دسترسی یافت.
در وضعیت 'باز نشده' یک دوره مالی، چه کسانی مجاز به صدور اسناد حسابداری هستند؟,در وضعیت 'باز نشده'، هیچ یک از کاربران مجاز به صدور اسناد حسابداری در آن دوره نمی‌باشند.
تفاوت اصلی بین وضعیت 'باز شده' و 'بسته شده' یک دوره مالی از نظر دسترسی کاربران چیست؟,در وضعیت 'باز شده'، همه کاربران بر اساس حقوق دسترسی خود مجاز به صدور یا ویرایش اسناد هستند، در حالی که در وضعیت 'بسته شده'، فقط کاربران انتخابی این مجوز را دارند.
در وضعیت 'بسته شده' یک دوره مالی، چگونه می‌توان کاربران مجاز به ثبت و ویرایش سند را مشخص کرد؟,با استفاده از دکمه '+ جدید'، می‌توان کاربر مجاز، نوع سند مورد نظر و صادر کننده مجاز به صدور سند حسابداری را مشخص کرد.
بستن یک دوره مالی چه مزیتی برای مدیران دارد و چه اطمینانی به آنها می‌دهد؟,مدیران می‌توانند گزارشات مورد نیاز را تهیه کنند و اطمینان دارند که پس از بستن دوره، تغییری در اسناد حسابداری رخ نخواهد داد.
حالات ممکن برای تغییر وضعیت یک دوره مالی کدامند؟,وضعیت دوره‌ها می‌تواند از 'باز نشده' به 'باز شده'، از 'باز نشده' به 'بسته شده'، از 'باز شده' به 'بسته شده' و از 'بسته شده' به 'باز شده' تغییر کند.
چه پیامدی برای کاربران دارد وقتی یک دوره مالی در وضعیت 'باز شده' قرار می‌گیرد؟,وقتی یک دوره مالی 'باز شده' است، همه کاربران مجاز هستند بر اساس حقوق دسترسی که برایشان تعریف شده، اسناد حسابداری را در آن دوره صادر کرده یا ویرایش نمایند.
تفاوت بین اعلامیه بدهکار و اعلامیه بستانکار چیست؟,اعلامیه بدهکار به طرف مقابل اعلام می‌کند که حساب او در دفاتر شرکت بدهکار شده است، در حالی که اعلامیه بستانکار بیان می‌کند که حساب وی بستانکار شده است.
از چه مسیری در سیستم می‌توان به فرم اعلامیه بدهکار بستانکار دسترسی پیدا کرد؟,برای دسترسی به این فرم باید از مسیر منوی اصلی سیستم / حسابداری مالی / دفتر کل / مدیریت عملیات حسابداری / اعلامیه بدهکار بستانکار اقدام کرد.
در فهرست اعلامیه‌های صادر شده، چه اطلاعاتی نمایش داده می‌شود؟,اطلاعاتی شامل شماره اعلامیه، تاریخ، نوع اعلامیه، شرح، نوع و حساب تفصیل گیرنده، صادر کننده، آخرین تغییردهنده و وضعیت نمایش داده می‌شود.
چگونه می‌توان در فرم اعلامیه بدهکار بستانکار، اطلاعات مربوط به یک شرکت یا دفتر خاص را مشاهده کرد؟,در بالای فرم فهرست، می‌توان شرکت و دفتر مورد نظر را انتخاب کرد تا اطلاعات مربوط به آن نمایش داده شود.
فیلتر 'نوع بازه زمانی' در هنگام صدور اعلامیه جدید چه گزینه‌هایی را ارائه می‌دهد؟,این فیلتر به صورت پیش‌فرض 'تاریخ' را نشان می‌دهد که می‌توان محدوده زمانی را مشخص کرد، اما قابل تغییر به 'دوره مالی' برای انتخاب دوره‌های مالی تعریف‌شده نیز می‌باشد.
در فیلتر 'نوع حساب' برای تهیه گزارش اعلامیه، چه انواعی از حساب‌ها قابل انتخاب هستند؟,می‌توان حساب‌های 'دائم'، 'موقت' و 'انتظامی' را برای نمایش در گزارش انتخاب کرد.
فیلتر 'وضعیت سند' به کاربر اجازه فیلتر کردن چه وضعیت‌هایی را می‌دهد؟,این فیلتر به کاربر اجازه می‌دهد اسناد با وضعیت‌های 'موقت'، 'بررسی شده' و 'قطعی شده' را برای نمایش انتخاب کند.
فیلتر 'نوع اعلامیه' چه تأثیری بر گردش‌های مالی نمایش داده شده برای صدور اعلامیه دارد؟,این فیلتر مشخص می‌کند که آیا فقط گردش‌های بدهکار، فقط گردش‌های بستانکار، یا هر دو نوع گردش برای صدور اعلامیه نمایش داده شوند.
در صورتی که برای یک گردش مالی قبلاً اعلامیه‌ای صادر شده باشد، سیستم چگونه این موضوع را به کاربر اطلاع می‌دهد؟,در ستون آخر فهرست گردش‌ها، تعداد اعلامیه‌هایی که قبلاً برای آن گردش صادر شده است، نمایش داده می‌شود.
فرآیند صدور و ذخیره یک اعلامیه جدید پس از اجرای فیلترها چگونه است؟,پس از انتخاب ردیف‌های گردش مورد نظر، با زدن دکمه 'صدور اعلامیه'، اعلامیه صادر شده و با ذخیره کردن، در وضعیت 'صادر شده' قرار می‌گیرد.
وضعیت یک اعلامیه صادر شده به چه حالت‌هایی قابل تغییر است؟,با استفاده از دکمه 'تغییر وضعیت'، می‌توان وضعیت اعلامیه را به 'ارسال شده' یا 'باطل شده' تغییر داد.
چه محدودیتی برای اعلامیه‌ای که در وضعیت 'ارسال شده' قرار دارد، وجود دارد؟,اعلامیه‌ای که در وضعیت 'ارسال شده' باشد، غیر قابل حذف است و نمی‌توان وضعیت آن را به 'صادر شده' بازگرداند.
آیا یک اعلامیه 'باطل شده' را می‌توان مجدداً فعال کرد؟,بله، اگر اعلامیه‌ای باطل شود، می‌توان وضعیت آن را دوباره به 'صادر شده' تغییر داد.
صدور یک اعلامیه بدهکار بستانکار چه تأثیری بر سند حسابداری مرتبط با آن دارد؟,با صدور اعلامیه برای یک گردش سند، آن سند حسابداری غیر قابل حذف می‌شود و ردیفی از سند که در اعلامیه شرکت کرده است، دیگر قابل ویرایش نیست.
کاربرد فیلتر 'حساب های تفصیل' در بخش فیلترهای اصلی چیست و چه تفاوتی با فیلتر تفصیل گیرنده در بالای فرم دارد؟,این فیلتر برای محدود کردن بیشتر نتایج به کار می‌رود. اگر بخواهیم علاوه بر فیلتر تفصیل گیرنده، گردش‌های مشترک با یک حساب تفصیل دیگر را نمایش دهیم، از این فیلتر استفاده می‌کنیم.
از وجود فیلترهایی مانند 'شرکت'، 'دفتر' و 'شعبه' در فرم اعلامیه بدهکار بستانکار، چه استنباطی در مورد ساختار سازمانی قابل پشتیبانی توسط سیستم می‌توان داشت؟,وجود این فیلترها نشان می‌دهد که سیستم برای پشتیبانی از ساختارهای چند شرکتی، چند دفتری و چند شعبه‌ای طراحی شده و قادر به مدیریت تفکیک‌شده اطلاعات مالی در این سطوح است.
فرآیند کلی آنالیز حساب چگونه توصیف شده است؟,کاربر یک یا چند ثبت حسابداری بدهکار و بستانکار را انتخاب کرده و آن‌ها را با یکدیگر پاس می‌کند تا اقلام قابل تطبیق مشخص شوند و گردش‌های پاس نشده برای پیگیری‌های آتی باقی بمانند.
از چه مسیری در منوی اصلی سیستم می‌توان به فرم 'آنالیز حساب‌ها' دسترسی پیدا کرد؟,از مسیر منوی اصلی سیستم / حسابداری مالی / دفتر کل / مدیریت عملیات حسابداری / آنالیز حساب‌ها می‌توان به این فرم دسترسی یافت.
در گزارش آنالیز حساب، فیلتر 'ارز اصلی آنالیز' چه گزینه‌هایی را برای کاربر فراهم می‌کند؟,کاربر می‌تواند گزارش را بر اساس 'ارز عملیاتی' (که از تنظیمات شرکت خوانده می‌شود) یا 'ارز مبنای' ثبت شده در اسناد، تهیه کند.
کاربرد فیلتر 'حساب های تفصیل' در بخش فیلترهای اصلی گزارش آنالیز چیست؟,در صورتی که حساب معین انتخابی، با نوع تفصیلی به غیر از نوع تفصیلی که در ابتدای گزارش انتخاب شده ارتباط و گردش داشته باشد، از این فیلتر برای فیلتر کردن آن استفاده می‌شود.
چگونه می‌توان در گزارش آنالیز، گردش‌هایی را که به طور کامل آنالیز شده‌اند، مشاهده کرد؟,به طور پیش‌فرض این گردش‌ها نمایش داده نمی‌شوند، اما با زدن تیک گزینه 'آنالیز کامل' در بخش 'وضعیت آنالیز' در سمت چپ صفحه، این موارد نیز نمایش داده می‌شوند.
در 'آنالیز خودکار' حساب‌ها، چه شرایطی برای پاس کردن اقلام بدهکار و بستانکار با یکدیگر وجود دارد؟,شرایط شامل چهار گزینه است: تساوی مبلغ، شماره پیگیری و تاریخ پیگیری؛ تساوی مبلغ و شماره پیگیری؛ تساوی فقط شماره پیگیری؛ و یا تساوی فقط مبلغ.
در فرآیند آنالیز حساب‌ها، سه روش مختلف برای آنالیز کردن گردش‌ها کدامند؟,سه روش عبارتند از: آنالیز خودکار، آنالیز دستی (با انتخاب ردیف‌ها و زدن دکمه آنالیز) و آنالیز تسهیمی.
آنالیز تسهیمی چیست و مهم‌ترین قانون در اجرای آن کدام است؟,در آنالیز تسهیمی، کاربر برای هر ردیف مبلغ آنالیز را دستی وارد می‌کند. نکته مهم این است که جمع مبالغ بدهکار و بستانکار آنالیز شده باید با یکدیگر برابر باشد.
برای حذف یک آنالیز انجام شده بر روی یک ردیف، چه اقدامی باید صورت گیرد؟,با انتخاب ردیف مورد نظر و زدن دکمه 'حذف آنالیز'، آنالیز مربوط به آن ردیف حذف می‌شود.
وضعیت‌های مختلف یک گردش مالی در فرآیند آنالیز حساب‌ها چیست؟,وضعیت‌ها شامل 'آنالیز نشده'، 'آنالیز شده جزئی' (بخشی از مبلغ آنالیز شده) و 'آنالیز کامل' (کل مبلغ آنالیز شده) است.
چگونه می‌توان جزئیات مربوط به یک گردش 'آنالیز شده جزئی' یا 'آنالیز کامل' را مشاهده کرد؟,با قرار دادن موس روی ردیف مورد نظر، دکمه 'جزئیات' در انتهای ردیف فعال می‌شود که با کلیک بر روی آن می‌توان جزئیات آنالیز را مشاهده کرد.
انجام عملیات آنالیز بر روی یک گردش مالی، چه محدودیتی را بر روی سند حسابداری مربوط به آن ایجاد می‌کند؟,گردشی که آنالیز شده باشد، در سند حسابداری مربوطه دیگر قابل حذف یا ویرایش نیست.
چه تفاوتی بین 'آنالیز دستی' و 'آنالیز تسهیمی' وجود دارد؟,در آنالیز دستی، کل مبلغ ردیف‌های انتخابی با هم پاس می‌شوند، اما در آنالیز تسهیمی، کاربر می‌تواند مشخص کند که چه مبلغی از هر ردیف در فرآیند آنالیز شرکت کند.
نتیجه نهایی فرآیند آنالیز و پاس کردن اقلام یک حساب چیست؟,نتیجه حاصل، نمایش مانده آنالیز شده حساب مورد نظر است و همچنین گردش‌های پاس نشده برای پیگیری‌های آتی مشخص می‌گردند.
از وجود فیلترهایی مانند 'شرکت' و 'دفتر' در بالای فرم آنالیز حساب‌ها چه استنباطی در مورد معماری سیستم می‌توان کرد؟,این فیلترها نشان می‌دهند که سیستم برای پشتیبانی از ساختارهای چند شرکتی طراحی شده است و می‌تواند داده‌های مالی شرکت‌ها و دفاتر مختلف را به صورت مجزا مدیریت و آنالیز کند.
چهار دسته کلی انواع سند حسابداری در سیستم کدامند؟,۱. اسناد دستی صادر شده از دفتر کل (نوع عمومی)، ۲. اسناد سیستمی صادر شده از دفتر کل (مانند تسعیر ارز)، ۳. اسناد صادر شده از سایر ماژول‌ها (مانند فروش و انبار)، ۴. اسناد دستی با نوع دلخواه تعریف شده توسط کاربر.
تفاوت بین سند 'افتتاحیه' و 'اختتامیه' چیست؟,سند 'افتتاحیه' برای باز کردن حساب‌های دائمی در ابتدای سال مالی جدید استفاده می‌شود، در حالی که سند 'اختتامیه' برای بستن همان حساب‌ها در پایان سال مالی به کار می‌رود.
کاربرد سند از نوع 'بستن حساب‌ها' چیست؟,این نوع سند برای بستن حساب‌های موقت در پایان دوره مالی استفاده می‌شود تا مانده آن‌ها صفر شود.
سند از نوع 'تعدیل ماهیت پایان سال' به چه منظوری صادر می‌شود؟,این سند جهت اصلاح ماهیت حساب‌های معین که در پایان دوره مالی دارای مانده خلاف ماهیت هستند، صادر می‌شود.
دو نوع سند سیستمی مرتبط با تسعیر ارز که در متن به آن‌ها اشاره شده است، کدامند و چه کاربردی دارند؟,دو نوع سند شامل 'تسعیر ارز اقلام پولی' برای شناسایی سود یا زیان تسعیر ارز، و 'تسعیر به ارز گزارشگری' برای شناسایی تفاوت تسعیر ارز عملیات خارجی است.
چگونه یک کاربر می‌تواند یک نوع سند جدید و دلخواه در سیستم تعریف کند؟,کاربر باید از مسیر منوی اصلی / حسابداری مالی / دفتر کل / اسناد / نوع سند، کلید '+' را انتخاب کرده، عنوان را مشخص و فرم را ذخیره کند.
آیا کاربران می‌توانند انواع سندهای سیستمی مانند 'عمومی' یا 'اختتامیه' را حذف یا ویرایش کنند؟,خیر، انواع سندهای سیستمی و همچنین نوع سندهای مربوط به سایر ماژول‌ها توسط کاربران قابل ویرایش و حذف نیستند.
چه اتفاقی برای یک نوع سند تعریف‌شده توسط کاربر می‌افتد اگر در یک سند حسابداری استفاده شود؟,پس از استفاده، آن نوع سند دیگر قابل حذف و ویرایش نیست، اما می‌توان با غیرفعال کردن، از استفاده مجدد آن جلوگیری کرد.
چگونه نوع سند برای رویدادهای مالی ثبت شده از ماژول‌هایی مانند خرید، فروش یا انبار تعیین می‌شود؟,نوع سند در این اسناد با توجه به ماژولی که از آن صادر شده‌اند، به صورت خودکار ایجاد و شناسایی می‌شود.
ایجاد یک نوع سند جدید توسط کاربر چه تأثیری بر گزارشات دفتر کل دارد؟,انواع سند جدید به صورت پیش‌فرض در همه گزارشات دفتر کل انتخاب شده هستند و اسنادی که با این انواع جدید صادر شوند، در اجرای گزارشات لحاظ می‌شوند.
ارتباط بین سند 'تعدیل ماهیت پایان سال' و 'تعدیل ماهیت ابتدای سال' چیست؟,در زمان صدور سند افتتاحیه، یک سند معکوس از نوع 'تعدیل ماهیت ابتدای سال' به صورت خودکار ایجاد می‌شود تا اثر سند تعدیل ماهیت پایان سال قبل را خنثی کند.
چه نوع سندی برای ثبت رویدادهای مالی روزانه‌ای که توسط کاربر به صورت دستی در سیستم وارد می‌شود، استفاده می‌گردد؟,اسنادی که روزانه توسط کاربر در سیستم ایجاد می‌شوند تحت عنوان سند 'عمومی' ذخیره می‌شوند.
بر اساس قوانین ویرایش و حذف انواع سند، چه اصلی در طراحی سیستم برای حفظ یکپارچگی داده‌ها قابل استنباط است؟,این قوانین نشان می‌دهند که سیستم برای حفظ تاریخچه و اعتبار اسناد صادر شده، از تغییر یا حذف تعاریف پایه‌ای (انواع سند) پس از استفاده از آنها جلوگیری می‌کند تا گزارشات گذشته معتبر باقی بمانند.
"برای اسنادی که از ماژول‌هایی غیر از دفتر کل صادر شده‌اند، کدام دو فیلد پس از رسیدن به وضعیت ""بررسی"" قابل ویرایش هستند؟",برای اسناد صادر شده از دیگر ماژول‌ها، پس از وضعیت بررسی می‌توان شماره فرعی و شرح سند را ویرایش کرد.
فرآیند فعال‌سازی مجوز ویرایش برای یک دفتر (Ledger) خاص در تنظیمات سند حسابداری چگونه است؟,"با انتخاب گزینه مورد نظر، صفحه‌ای باز می‌شود که در آن می‌توان به ازای هر دفتر، تیک ""فعال"" را انتخاب و سپس آن را اعمال کرد."
"برای اینکه بتوان حساب تفصیل را در یک سند صادر شده از دفتر کل که در وضعیت ""بررسی"" یا بالاتر قرار دارد تغییر داد، چه شرطی باید برقرار باشد؟","گزینه ""امکان ویرایش حساب تفصیل در وضعیت بررسی به بعد"" باید در تنظیمات دفتر کل فعال شده باشد."
"چه تفاوتی بین فیلدهای قابل ویرایش در اسناد دفتر کل و اسناد سایر ماژول‌ها پس از مرحله ""بررسی"" وجود دارد؟",برای اسناد دفتر کل، امکان ویرایش پارامترهای غیرمبلغی متنوعی (مانند شرح، مقدار، شماره پیگیری) وجود دارد، در حالی که برای اسناد سایر ماژول‌ها، این امکان فقط به شماره فرعی و شرح سند محدود است.
پیش‌شرط مشترک برای اینکه بتوان از هر یک از مجوزهای ویرایش ذکر شده در متن استفاده کرد، چیست؟,"پیش‌شرط مشترک این است که سند حسابداری باید در وضعیت ""بررسی"" یا مراحل پس از آن قرار داشته باشد."
"کاربری قصد دارد ""مقدار"" یک کالا را در سندی که از ماژول انبار صادر شده و به وضعیت ""بررسی"" رسیده، اصلاح کند. آیا تنظیمات ذکر شده این امکان را به او می‌دهد؟","خیر، زیرا برای اسناد صادر شده از سایر ماژول‌ها (مانند انبار)، مجوز ویرایش فقط به ""شماره فرعی"" و ""شرح سند"" محدود است و شامل ""مقدار"" نمی‌شود."
"از وجود تنظیمات مجزا برای ویرایش اسناد ""دفتر کل"" در مقابل اسناد ""سایر ماژول‌ها""، چه چیزی در مورد طراحی کنترلی سیستم می‌توان استنباط کرد؟",این تفکیک نشان می‌دهد که سیستم بر اساس منبع صدور سند، سطوح دسترسی و کنترل‌های متفاوتی را اعمال می‌کند؛ به این معنی که اسناد دستی دفتر کل انعطاف‌پذیری بیشتری برای ویرایش دارند نسبت به اسناد سیستمی که از ماژول‌های دیگر صادر می‌شوند.
برای ایجاد یک سند حسابداری جدید در سیستم، کاربر باید از کدام مسیر در منوی اصلی اقدام کند؟,برای ثبت یک سند حسابداری جدید، باید از مسیر منوی اصلی / حسابداری مالی / دفترکل / اسناد / سند حسابداری، کلید '+' را انتخاب کرد.
قبل از ثبت نهایی یک سند حسابداری در دفتر روزنامه سازمان، چه اقدامی ضروری است؟,ضرورت دارد که اسناد حسابداری مورد تأیید و امضای مقام مسئول قرار گیرند.
چه پیش‌نیازهایی برای ثبت یک سند حسابداری جدید باید مشخص شده باشد و این اطلاعات چگونه در سیستم انتخاب می‌شوند؟,برای ثبت یک سند حسابداری، باید شرکت، سال مالی و دفتر انتخاب شده باشد. این موارد با کلیک روی نام شرکت در بالای صفحه و از طریق سلکتور باز شده، قابل انتخاب هستند.
"مقدار پیش‌فرض فیلد ""نوع سند"" برای اسنادی که به صورت دستی در دفتر کل صادر می‌شوند چیست؟","برای اسناد صادر شده دستی در دفتر کل، مقدار فیلد نوع سند با ""عمومی"" تکمیل شده است و قابل تغییر به انواع تعریف شده توسط کاربر است."
"فیلد ""تاریخ"" در سربرگ سند حسابداری به صورت پیش‌فرض چگونه مقداردهی می‌شود و باید چه شرایطی داشته باشد؟",فیلد تاریخ به صورت پیش‌فرض با تاریخ روز پر می‌شود و باید در محدوده سال مالی انتخابی و دوره مالی با وضعیت باز شده باشد.
"فیلد ""شماره سند"" حسابداری چگونه و در چه زمانی توسط سیستم تعیین می‌شود و آیا قابل ویرایش است؟",این فیلد که شماره اسناد حسابداری به ترتیب تاریخ و شماره روزانه است، توسط سیستم در زمان ذخیره سند تکمیل می‌شود و قابل ویرایش نیست.
"یکتایی فیلد ""شماره فرعی"" بر اساس چه تنظیماتی در سیستم قابل کنترل است و این کنترل بر چه اسنادی اعمال می‌شود؟",بر اساس تنظیمات سیستم، می‌توان یکتایی شماره فرعی را در سطح شرکت یا شعبه کنترل کرد و این کنترل برای همه اسناد از همه ماژول‌ها اعمال خواهد شد.
"فیلد ""نوع سند"" برای اسنادی که از ماژول‌های دیگر صادر می‌شوند، چگونه تکمیل می‌گردد؟","برای اسناد صادر شده از سایر ماژول‌ها، فیلد ""نوع سند"" با نام ماژول صادر کننده سند تکمیل می‌شود."
"صدور سند حسابداری با نوع ""افتتاحیه"" به صورت دستی تحت چه محدودیتی امکان‌پذیر است؟","امکان صدور سند با مقدار فیلد نوع سند ""افتتاحیه"" به صورت دستی، تنها در اولین سال مالی وجود دارد."
"فیلد ""شماره روزانه"" در سند حسابداری چیست و چگونه می‌توان آن را تغییر داد؟",این فیلد، شماره ترتیب ایجاد اسناد در هر روز است، به صورت سیستمی ثبت می‌شود و قابل ویرایش نیست و فقط با عملیات جابجایی در طی یک روز تغییر می‌کند.
"برای شعب غیر اصلی، چه اقدامی باید قبل از صدور اولین سند در مورد ""شماره عطف"" انجام شود؟",برای شعبه‌های غیراصلی، باید قبل از صدور اولین سند، مقدار شروع شماره عطف در تنظیمات سیستم تعریف شود، زیرا این مقدار پیش‌فرض ندارد.
"در صورتی که کاربری یک شعبه پیش‌فرض داشته باشد، فیلد ""شعبه"" در سند حسابداری چگونه مقداردهی می‌شود؟",اگر یک شعبه به عنوان شعبه پیش‌فرض کاربر انتخاب شده باشد، این شعبه در سند پر می‌شود اما در صورت نیاز قابل تغییر است.
"در چه شرایطی یکتایی ""شماره سند"" برای ترکیب ""شرکت + دفتر + سال مالی + شعبه"" تضمین می‌شود؟","اگر در تنظیمات دفتر کل، شماره‌گذاری اسناد در سطح شعبه انتخاب شده باشد، برای ترکیب ""شرکت + دفتر + سال مالی + شعبه""، مقدار فیلد شماره سند با شروع از ۱ تکمیل شده و در سطح این ترکیب یکتا خواهد بود."
"چگونه می‌توان از طریق ""شماره عطف""، اسناد مربوط به هر شعبه را به راحتی شناسایی کرد؟",با تعیین شروع شماره عطف برای هر شعبه در بازه‌های متفاوت در تنظیمات سیستم، می‌توان از طریق این شماره به راحتی اسناد هر شعبه را شناسایی نمود.
"فیلد ""شماره ارجاع"" چه نقشی در ردیابی اسناد بین دفاتر مختلف (مانند دفتر اصلی و دفتر IFRS) ایفا می‌کند؟",در صورتی که یک سند از دفتر اصلی به دفتر فرعی ارسال شود، این فیلد بر اساس یک الگو ایجاد شده و به هر دو سند مبدا و مقصد اختصاص داده می‌شود تا امکان ردیابی سند مبدا در دفتر مقصد و بالعکس وجود داشته باشد.
"فیلد ""شماره عطف"" چه خصوصیتی دارد که آن را برای ردیابی دائمی یک سند مناسب می‌سازد؟",این فیلد شماره ترتیب ثبت اسناد در سیستم است که به صورت سیستمی ثبت شده و به هیچ عنوان، حتی توسط عملیات سیستمی، قابل تغییر نیست.
فیلدهای تفصیل اجباری در اقلام سند حسابداری چگونه مشخص می‌شوند؟,تفصیل‌های اجباری با علامت ستاره (*) مشخص می‌شوند و حتما باید مقدار داشته باشند.
با انتخاب یک یا چند قلم در فهرست اقلام سند، چه اقداماتی قابل انجام است؟,"با انتخاب یک یا چند قلم سند، اکشن‌های ""جابه جایی بدهکار و بستانکار""، ""کپی"" و ""حذف"" نمایش داده خواهد شد."
پس از ذخیره سند حسابداری، چه کلیدهای جدیدی در بالای صفحه ظاهر می‌شوند؟,پس از ذخیره سند حسابداری، کلیدهای چاپ، بارگذاری مجدد و حذف در بالای صفحه نمایش داده می‌شوند.
چه شرایطی برای یک حساب معین لازم است تا در فهرست انتخاب اقلام سند حسابداری نمایش داده شود؟,"حساب معین باید دارای وضعیت فعال باشد و همچنین مقدار ""دفتر کل"" برای فیلد ""امکان صدور سند از ماژول‌ها"" برای آن انتخاب شده باشد."
"سه روش برای تکمیل فیلد اجباری ""شرح"" در یک قلم سند حسابداری را نام ببرید.",سه روش عبارتند از: ورود اطلاعات به صورت دستی، انتخاب از شرح‌های استاندارد معین انتخابی، یا کپی کردن از سطر بالا.
"ویژگی ""موازنه مبلغ"" چگونه به کاربر در تراز کردن سند حسابداری کمک می‌کند؟",با استفاده از این امکان، سیستم با محاسبه جمع مبالغ ردیف‌های ثبت شده، مبلغی که باعث موازنه سند می‌شود را به صورت خودکار در ردیف جاری ثبت می‌کند و نیازی به ثبت دستی مبلغ نیست.
"تفاوت کلیدی بین ذخیره سند با وضعیت ""موقت"" و وضعیت ""یادداشت"" چیست؟",سند با وضعیت موقت در سیستم ثبت می‌شود و در گزارش‌ها لحاظ می‌گردد، در حالی که سند با وضعیت یادداشت در گزارشات آثار اسناد مشاهده نخواهد شد.
"در چه صورتی امکان ثبت ""شماره و تاریخ پیگیری"" برای یک قلم سند وجود دارد و چه زمانی تکمیل آن اجباری است؟","در صورتی که معین دارای ویژگی ""پیگیری"" باشد امکان ثبت آن وجود دارد، و اگر این ویژگی ""اجباری"" نیز باشد، تکمیل این فیلدها الزامی است."
کاربر چگونه می‌تواند ترتیب اقلام سند حسابداری را جابجا کند؟,از طریق انتخاب و نگه داشتن کلید موجود در سمت راست شماره ردیف قلم و کشیدن آن به محل ردیف مورد نظر، می‌توان ردیف قلم را جابه جا نمود.
"بخش ""جمع ارزی سند"" چه اطلاعاتی را در مورد مبالغ سند نمایش می‌دهد؟","از طریق ""جمع ارزی سند""، مجموع مبالغ به ارز سند و ارز مبنا و به تفکیک ارزهای مختلف موجود در سند محاسبه و نمایش داده می‌شود."
"با انتخاب یک قلم سند، بخش ""جزئیات حساب"" چه اطلاعاتی را به تفکیک نمایش می‌دهد؟",در بخش جزئیات حساب، جزئیات حساب شامل گروه، کل و معین، و همچنین عنوان تفصیل‌های استفاده شده در آن قلم سند نمایش داده خواهد شد.
"شرط اصلی برای ذخیره سند حسابداری به صورت ""موقت"" چیست و در صورت عدم تحقق این شرط، چه گزینه‌ای برای ذخیره‌سازی وجود دارد؟","شرط اصلی این است که جمع بدهکار و بستانکار سند بالانس (برابر) باشد. در صورت بالانس نبودن سند، تنها امکان ذخیره آن به صورت ""یادداشت"" وجود دارد."
"سیستم چگونه از طریق فیلدهای ""تفصیل""، صحت و انطباق داده‌های ورودی با ساختار حساب‌ها را تضمین می‌کند؟",بر اساس معین انتخاب شده، سیستم فقط فیلدهای نوع تفصیلی را که به آن معین تخصیص داده شده است نمایش می‌دهد و با اجباری کردن تفصیل‌های ستاره‌دار، از ورود اطلاعات ناقص جلوگیری می‌کند.
"بخش ""جمع کل"" در صفحه سند حسابداری چه اطلاعاتی را به صورت لحظه‌ای به کاربر ارائه می‌دهد و این اطلاعات بر اساس چه ارزی نمایش داده می‌شود؟","بخش ""جمع کل"" به صورت مجزا مجموع مبالغ بدهکار، بستانکار و مانده سند حسابداری را در هر لحظه نمایش می‌دهد. این مبالغ به ارز عملیاتی (و ارزهای گزارشگری در صورت فعال بودن) نشان داده می‌شوند."
"تفاوت اصلی بین اسناد حسابداری با وضعیت ""موقت"" و ""بررسی شده"" از نظر قابلیت ویرایش چیست؟","اسناد در وضعیت ""موقت"" امکان حذف و ویرایش دارند، در حالی که اسناد در وضعیت ""بررسی شده"" این امکانات را ندارند."
"یک سند حسابداری چگونه از وضعیت ""بررسی شده"" به ""موقت"" برمی‌گردد؟","از طریق عملیات ""لغو بررسی"" می‌توان وضعیت یک سند بررسی شده را به موقت تغییر داد."
"چه زمانی و چگونه اسناد حسابداری به وضعیت ""قطعی شده"" در می‌آیند و چرا این وضعیت برگشت‌ناپذیر است؟",در زمان تحریر دفاتر قانونی، اسناد بررسی شده طی یک عملیات سیستمی قطعی می‌شوند تا از عدم تغییر یا حذف آنها اطمینان حاصل شود؛ به همین دلیل امکان برگشت از این وضعیت وجود ندارد.
کدام یک از وضعیت‌های اسناد حسابداری (یادداشت، موقت، بررسی شده، قطعی) در گزارش‌های مالی شرکت لحاظ نمی‌شوند؟,"اسناد در وضعیت ""یادداشت"" در گزارشات شرکت نمی‌کنند."
با توجه به فرآیند تعریف شده برای وضعیت‌های سند، چه مرحله‌ای قبل از قطعی کردن یک سند حسابداری الزامی است؟,"قبل از قطعی کردن، یک سند باید از وضعیت ""موقت"" توسط کاربر مربوطه به وضعیت ""بررسی شده"" درآمده باشد تا صحت آن بر اساس اسناد مثبته تأیید شود."
با کلیک بر روی یک سند در فهرست اسناد حسابداری، چه اطلاعاتی به صورت خلاصه نمایش داده می‌شود؟,خلاصه‌ای از سند شامل شماره سند، وضعیت سند، شعبه، تاریخ، نوع سند، شماره عطف، حساب‌های کل، مبالغ بدهکار و بستانکار و جمع کل سند نمایش داده می‌شود.
چگونه می‌توان ترتیب نمایش ستون‌ها را در فهرست اسناد حسابداری تغییر داد؟,با گرفتن و کشیدن (Drag and Drop) سرستون‌ها، امکان جابه‌جایی و تغییر ترتیب آن‌ها وجود دارد.
در پایین فهرست اسناد حسابداری، چه گزینه‌هایی برای تعیین تعداد موارد قابل نمایش در هر صفحه وجود دارد؟,می‌توان تعداد موارد قابل نمایش در صفحه را از بین ۱۰، ۲۰، ۵۰ و ۱۰۰ مورد انتخاب کرد.
برای سفارشی‌سازی فهرست اسناد، آیکون چرخ‌دنده چه چهار قابلیت اصلی را ارائه می‌دهد؟,این آیکون چهار قابلیت اصلی را ارائه می‌دهد: ۱. ستون‌ها (انتخاب یا حذف ستون‌ها)، ۲. مرتب‌سازی (بر اساس یک یا چند ستون)، ۳. گروه‌بندی (بر روی فیلدهای مشخص)، و ۴. تجمیع (محاسبه میانگین، کمترین/بیشترین مقدار و تعداد).
"فرآیند ""شماره‌گذاری اسناد"" چیست و در چه زمان‌هایی به صورت دستی و خودکار انجام می‌شود؟","شماره‌گذاری، فرآیند مرتب‌سازی شماره اسناد به ترتیب تاریخ و شماره روزانه است. این کار در صورت انتخاب کلید ""شماره‌گذاری"" به صورت دستی، و در زمان قطعی کردن اسناد به صورت خودکار توسط سیستم انجام می‌شود."
هنگام کپی کردن یک یا چند سند حسابداری، چه پارامترهایی را می‌توان برای سند جدید تعیین کرد؟,می‌توان سال مالی، تاریخ، شعبه، نوع سند، وضعیت (موقت یا یادداشت)، انتقال شماره‌های فرعی، جابه‌جایی بدهکار و بستانکار و تجمیع معین و تفصیل را برای سند جدید تعیین کرد.
برای حذف اسناد حسابداری از فهرست، چه محدودیت‌هایی وجود دارد؟,"اسناد با وضعیت ""بررسی شده"" و ""قطعی شده"" قابل حذف نیستند. همچنین برای حذف اسنادی که از ماژول‌های دیگر صادر شده‌اند، باید این امکان در تنظیمات سیستم فعال شده باشد."
چگونه می‌توان یک نمای سفارشی‌سازی شده از فهرست را ذخیره یا به‌روزرسانی کرد؟,"پس از انجام تنظیمات، با کلیک روی نام فهرست در گوشه سمت راست، می‌توان نمای تنظیم شده را با نام دلخواه ذخیره کرد یا با گزینه ""به روز رسانی نمای قبلی""، یکی از نماهای ساخته شده را آپدیت نمود."
فرآیند وارد کردن اسناد حسابداری از طریق فایل اکسل چگونه است؟,"با انتخاب ""دریافت از اکسل"" از منوی سه نقطه، فایل نمونه دریافت می‌شود. پس از ورود اطلاعات اسناد در فایل نمونه، فایل تکمیل شده در قسمت ""بارگذاری فایل"" انتخاب و با زدن دکمه ذخیره، در سیستم ثبت می‌شود."
در صورت انتخاب بیش از یک سند برای کپی، چه گزینه‌هایی برای نحوه ایجاد اسناد جدید وجود دارد؟,می‌توان اسناد را به صورت جداگانه (هر سند اصلی یک سند کپی جدید) یا به صورت ترکیبی (تمام اسناد انتخابی در یک سند جدید ادغام شوند) کپی کرد.
"قابلیت ""کپی لینک نما"" چه کاربردی در محیط کاری تیمی دارد؟",این قابلیت به کاربر اجازه می‌دهد تا صفحه را با فیلترها و نمای انتخاب شده کپی کرده و لینک آن را با افراد دیگر به اشتراک بگذارد تا آنها نیز دقیقا همان نما را مشاهده کنند.
وقتی چندین شرط فیلتر به صورت متوالی در بخش جستجو اعمال می‌شود، منطق ترکیب این شرط‌ها چیست؟,"وقتی چندین فیلتر اضافه می‌شود، بین آن‌ها عملگر منطقی ""و"" (AND) قرار می‌گیرد و در نتیجه رکوردهایی نمایش داده می‌شوند که تمام شرایط فیلتر را به صورت همزمان داشته باشند."
"گزینه ""تجمیع معین و تفصیل"" در هنگام کپی سند چه تأثیری بر سند جدید دارد و چه مزیتی ایجاد می‌کند؟",این گزینه باعث می‌شود که در سند جدید، چندین ردیف از سند اصلی که دارای حساب معین و تفصیل یکسان هستند، در یک ردیف واحد با جمع مبالغشان ادغام شوند. این کار به خلاصه‌سازی و کاهش تعداد اقلام در سند جدید کمک می‌کند.
محدودیت‌های حذف اسناد حسابداری (مانند غیرقابل حذف بودن اسناد قطعی) چه چیزی را در مورد اصول طراحی سیستم نشان می‌دهد؟,این محدودیت‌ها نشان‌دهنده اهمیت حفظ یکپارچگی داده‌ها و وجود ردپای حسابرسی (Audit Trail) در سیستم است، به طوری که اسناد نهایی شده قابل تغییر یا حذف نباشند تا بتوان به گزارشات مبتنی بر آن‌ها اعتماد کرد.
چگونه می‌توان تاریخچه عملیات شماره‌گذاری اسناد را مشاهده کرد؟,"تاریخچه شماره‌گذاری‌های انجام شده در سیستم، از طریق کلید ""شماره‌گذاری"" در فهرست اسناد و سپس انتخاب تب ""تاریخچه"" قابل مشاهده است."
منظور از «واحد پول عملیاتی» در یک شرکت چیست؟,واحد پول عملیاتی، واحد پولی است که شرکت اصلی‌ترین فعالیت‌های مالی خود را با آن انجام می‌دهد، بیشتر رویدادهای روزانه خود مانند خرید، فروش و پرداخت هزینه‌ها را با آن ثبت می‌کند و گزارشات قانونی را نیز با آن ارائه می‌دهد.
برای ثبت یک سند حسابداری ارزی جدید در سیستم، چه مسیری باید طی شود؟,"برای ثبت سند، باید از مسیر منوی اصلی / حسابداری مالی / دفترکل / اسناد / سند حسابداری رفته و کلید ""+"" را انتخاب کرد."
پس از انتخاب یک معین ارزی در اقلام سند حسابداری، چه بخش‌های جدیدی برای ورود اطلاعات نمایش داده می‌شود؟,با انتخاب یک معین ارزی، صفحه‌ای کوچک باز می‌شود که شامل بخش‌های ارز سند، نوع نرخ ارز و ارز عملیاتی است.
در اقلام سند حسابداری ارزی، عملکرد «عامل ثابت» برای ارز سند چیست؟,عملکرد عامل ثابت به این صورت است که اگر ارز سند به عنوان عامل ثابت قرار گیرد، سایر قسمت‌ها نسبت به آن محاسبه می‌شوند.
نوع نرخ ارز پیش‌فرض در سیستم در صورتی که هیچ نوع نرخ دیگری تعریف نشده باشد، چیست؟,در سیستم بدون تعریف هیچ نوع نرخ ارزی، نرخ میانگین به عنوان نوع نرخ پیش‌فرض وجود دارد.
"گزینه ""T"" در بخش ورود اطلاعات ارز چه کاربردی دارد و نمایش آن به چه شرطی وابسته است؟","با انتخاب گزینه ""T"" می‌توان نرخ ارز را به صورت دستی وارد کرد. نمایش این گزینه وابسته به فعال‌سازی تنظیم ""ثبت نرخ تبدیل ارز به صورت دستی در اسناد"" است."
در چه شرایطی عبارت «غیر مستقیم» در کنار مبلغ ارز محاسبه شده نمایش داده می‌شود؟,زمانی که یک نرخ تبدیل ارز با قابلیت محاسبه معکوس تعریف شده باشد (مثلاً یورو به ریال) و در سند، ارز سند ریال و ارز مبنا یورو انتخاب شود، ارز مبنا به صورت تقسیمی محاسبه شده و در مقابل آن عبارت «غیر مستقیم» نوشته می‌شود.
چگونه می‌توان امکان ثبت دستی نرخ تبدیل ارز در اسناد را در سیستم فعال کرد؟,"برای فعال‌سازی، باید از مسیر منوی اصلی / حسابداری مالی / تنظیمات، و سپس از مسیر حسابداری مالی / دفتر کل / ارز، گزینه ""ثبت نرخ تبدیل ارز به صورت دستی در اسناد"" را انتخاب کرد."
اگر گزینه «ثبت نرخ تبدیل ارز به صورت دستی در اسناد» در تنظیمات غیرفعال باشد، کاربر چگونه می‌تواند نرخ ارز را در سند وارد کند؟,در این حالت، در بخش ورود اطلاعات ارز، فقط امکان انتخاب از نرخ تبدیل ارزهای تعریف شده در سیستم وجود خواهد داشت و گزینه ورود دستی (T) نمایش داده نمی‌شود.
رابطه اولیه بین «ارز سند» و «ارز مبنا» هنگام ایجاد یک قلم سند جدید چگونه است؟,با انتخاب ارز سند، به صورت خودکار ارز مبنا برابر با آن خواهد بود و مبلغ آن نیز پر می‌شود، اما کاربر می‌تواند ارز مبنا را تغییر دهد.
در چه سناریوی معاملاتی ممکن است «ارز سند» با «ارز مبنا» متفاوت باشد؟ مثالی بزنید.,این اتفاق زمانی رخ می‌دهد که تسویه یک معامله با ارزی متفاوت از ارز اولیه آن انجام شود. برای مثال، اگر یک حساب دریافتنی به یورو شناسایی شده باشد ولی تسویه آن با دلار انجام شود، ارز سند دلار و ارز مبنا یورو خواهد بود.
فعال کردن گزینه «نمایش اطلاعات ارز مبنا در سیستم» چه تأثیری بر نمایش اطلاعات سند دارد؟,اگر این گزینه انتخاب شده باشد، در نمایش اطلاعات سند، اطلاعات مربوط به ارز مبنا نیز نمایش داده می‌شود.
چرا یک شرکت که در امارات فعالیت می‌کند و ارز عملیاتی آن درهم است، ممکن است نیاز به ثبت اسناد با ارز ریال نیز داشته باشد؟,زیرا اگر شرکت اصلی در ایران فعالیت کند، نیاز دارد که گزارشات داخلی و قانونی خود را علاوه بر درهم، به ارز ریال نیز جهت ارائه به نهادهای قانونی ایران تهیه و ارائه کند.
در سیستم حسابداری توصیف شده، حداکثر چند ارز گزارشگری علاوه بر ارز عملیاتی می‌توان تعریف و استفاده کرد؟,در این سیستم، امکان ثبت اسناد حسابداری با دو ارز گزارشگری غیر از ارز عملیاتی سیستم وجود دارد.
برای فعال‌سازی و تنظیم ارزهای گزارشگری در سیستم، چه مسیری باید دنبال شود؟,باید از منوی اصلی به حسابداری مالی و سپس تنظیمات رفت. در صفحه باز شده، از مسیر حسابداری مالی / دفتر کل / ارز، می‌توان ارزهای گزارشگری را مشخص کرد.
در هنگام ثبت یک قلم سند حسابداری، مقادیر ارزهای گزارشگری چگونه محاسبه می‌شوند؟,با ورود مبلغ ارز عملیاتی، اگر نرخ تبدیل ارز از قبل تعریف شده باشد، مبالغ ارز گزارشگری به صورت خودکار محاسبه می‌شوند.
چه زمانی لازم است کاربر اطلاعات نرخ تبدیل ارز را به صورت دستی در سند حسابداری وارد کند تا مبالغ ارز گزارشگری محاسبه شوند؟,در صورتی که نرخ تبدیل ارز برای ارزهای گزارشگری در سیستم تعریف نشده باشد، لازم است که کاربر اطلاعات نرخ را به صورت دستی وارد کند.
آیا محاسبه مبالغ ارز گزارشگری در اقلام سند، به ارزی یا غیر ارزی بودن حساب معین بستگی دارد؟,خیر، در ثبت اقلام سند حسابداری، فارغ از اینکه معین‌های انتخاب شده ارزی باشند یا غیر ارزی، مبالغ ارزی گزارشگری با نرخ‌های مورد نظر محاسبه می‌شوند.
چه عاملی به عنوان محرک اصلی برای محاسبه خودکار مبالغ ارز گزارشگری در یک سند حسابداری عمل می‌کند؟,ورود مبلغ ارز عملیاتی (بدهکار یا بستانکار) به عنوان محرک اصلی عمل می‌کند که در صورت وجود نرخ تبدیل تعریف‌شده، منجر به محاسبه خودکار مبالغ ارز گزارشگری می‌شود.
استفاده از روکش سند حسابداری چه دو مزیت اصلی برای سازمان‌ها و حسابرسان فراهم می‌کند؟,1. جزئیات بیشتری از تراکنش‌های مالی را فراهم کرده و به نگهداری منظم و دقیق سوابق مالی کمک می‌کند. 2. به حسابرسان کمک می‌کند تا در زمان رسیدگی‌های مالی، به راحتی به اطلاعات لازم دسترسی پیدا کرده و صحت تراکنش‌ها را بررسی کنند.
برای ایجاد یک الگوی چاپ سند حسابداری جدید در سیستم، چه مسیری باید طی شود؟,از منوی اصلی / حسابداری مالی / دفتر کل / اسناد / الگوی چاپ سند حسابداری، باید دکمه «+» را انتخاب کرد.
در فرم معرفی الگوی چاپ سند، کدام فیلدها برای تکمیل اجباری هستند؟,در قسمت اطلاعات الگو، فیلدهای «کد» و «عنوان» اقلام اجباری هستند.
کاربر چگونه می‌تواند یک الگوی چاپ را به عنوان گزینه اصلی برای چاپ اسناد حسابداری تعیین کند؟,با انتخاب گزینه «پیش فرض»، کاربر می‌تواند آن الگو را به عنوان الگوی چاپ سند پیش فرض معرفی کند تا هنگام انتخاب دکمه چاپ در سند حسابداری، چاپ با آن الگو انجام شود.
اگر یک الگوی چاپ دیگر مورد استفاده نباشد، چه اقدامی می‌توان برای آن انجام داد؟,در صورتی که کاربر دیگر از یک الگو استفاده نکند، می‌تواند آن را غیر فعال کند.
تنظیمات مربوط به طراحی و قالب‌بندی یک الگوی چاپ سند حسابداری به چند دسته اصلی تقسیم می‌شوند؟,تنظیمات مربوط به الگوی چاپ در سه دسته قرار دارند که عبارتند از: سربرگ، جدول و پانویس.
وجود قابلیت تعریف الگوی چاپ به ازای هر شرکت، چه ویژگی‌ای را در مورد معماری سیستم نشان می‌دهد؟,این قابلیت نشان می‌دهد که سیستم برای ساختارهای چند شرکتی طراحی شده است و هر شرکت می‌تواند الگوهای چاپ مختص به خود را با توجه به دسترسی‌ها تعریف نماید.
در سربرگ سند چاپی، چه تفاوتی بین «تاریخ سند»، «تاریخ ایجاد سند» و «تاریخ تهیه گزارش» وجود دارد؟,«تاریخ سند» تاریخ درج شده در خود سند است، «تاریخ ایجاد سند» تاریخی است که سند در سیستم ثبت شده، و «تاریخ تهیه گزارش» تاریخی است که چاپ از سند گرفته شده است.
فیلد «وضعیت سند» در سربرگ چاپ چه مواردی را می‌تواند نمایش دهد؟,این فیلد می‌تواند وضعیت سند را به صورت یادداشت، موقت، بررسی شده یا قطعی شده نمایش دهد.
در سربرگ سند حسابداری، منظور از «نوع سند» چیست و چه مثال‌هایی برای آن ذکر شده است؟,منظور از نوع سند، انواع سند حسابداری است که در سربرگ ثبت می‌شود، مانند عمومی، انبار و غیره.
با انتخاب گزینه «نمایش لوگو» در تنظیمات سربرگ الگوی چاپ، چه اتفاقی می‌افتد؟,با انتخاب این گزینه، لوگوی شرکت در سربرگ سند چاپی نمایش داده می‌شود.
فیلد «شرح سند» در سربرگ چاپ، کدام بخش از اطلاعات سند اصلی را نمایش می‌دهد؟,این فیلد، شرحی که در سربرگ سند حسابداری اصلی وارد شده است را نمایش می‌دهد.
کدام سه فیلد شماره‌گذاری مختلف را می‌توان در سربرگ یک سند حسابداری چاپی نمایش داد؟,می‌توان شماره سند، شماره عطف، شماره فرعی و شماره روزانه را در سربرگ نمایش داد.
وجود فیلدی به نام «شعبه» در تنظیمات سربرگ چاپ، چه چیزی را در مورد قابلیت‌های سیستم نشان می‌دهد؟,این فیلد نشان می‌دهد که سیستم قادر به پشتیبانی از شرکت‌هایی با ساختار چند شعبه‌ای است و می‌تواند اسناد را بر اساس شعبه صادرکننده تفکیک کند.
برای رفع مشکل حساب‌های خلاف ماهیت جهت صدور سند اختتامیه، چه راهکارهایی در متن ارائه شده است؟,نیاز است حساب‌های خلاف ماهیت تعیین تکلیف شود یا اینکه سند تعدیل ماهیت برای آنها ثبت گردد.
اگر کنترل حساب‌های خلاف ماهیت فعال نباشد، سیستم در مواجهه با این حساب‌ها هنگام صدور سند اختتامیه چگونه عمل می‌کند؟,در صورتی که کنترل فعال نباشد، با وجود حساب‌های خلاف ماهیت تنها یک هشدار به کاربر داده می‌شود و امکان صدور سند اختتامیه وجود دارد.
در حالت «چاپ کامل»، ترتیب نمایش اقلام سند بر اساس چه معیارهایی قابل تنظیم است؟,ترتیب نمایش می‌تواند بر اساس ردیف سند حسابداری، حساب و بدهکار و مبلغ، بدهکار و حساب و مبلغ، یا بدهکار و مبلغ و حساب مرتب شود.
در بخش «نمایش حساب‌ها» برای چاپ کامل، چه سطوحی از حساب‌ها را می‌توان نمایش داد؟,می‌توان بر اساس حساب کل، مبلغ حساب کل، حساب معین، مبلغ حساب معین و انواع تفصیل، حساب‌ها را نمایش داد.
در تنظیمات «چاپ کامل»، چه اطلاعات ارزی را می‌توان در جدول سند گنجاند؟,می‌توان اطلاعات ارز سند و نرخ ارز سند، و همچنین اطلاعات ارز مبنا و نرخ ارز مبنا را نمایش داد.
در تنظیمات نمایش ارز، فعال شدن نمایش «نرخ ارز» به چه عاملی بستگی دارد؟,در هر قسمت (ارز سند یا ارز مبنا)، با انتخاب اطلاعات ارز مربوطه، نمایش نرخ ارز آن فعال می‌شود.
چهار گزینه تنظیماتی که در بخش «نمایش اطلاعات سند» برای حالت «چاپ کامل» وجود دارد، کدامند؟,این گزینه‌ها شامل چپ چین بودن مبالغ بستانکار، نمایش مبالغ جزء در دو ستون، ویژگی پیگیری و مقداری می‌باشند.
حالت «چاپ خلاصه» چه تفاوت‌های اساسی با حالت «چاپ کامل» دارد؟,در چاپ خلاصه، اطلاعات ارزی نمایش داده نمی‌شود، در نمایش حساب‌ها انواع تفصیلی وجود ندارد، و در نمایش اطلاعات سند، گزینه نمایش مبالغ جزء در دسترس نیست.
کدام یک از گزینه‌های نمایش حساب‌ها که در «چاپ کامل» موجود است، در «چاپ خلاصه» حذف شده است؟,در چاپ خلاصه، گزینه نمایش حساب‌ها بر اساس «انواع تفصیلی» وجود ندارد.
بر اساس تفاوت‌های بین چاپ کامل و خلاصه، هدف اصلی از ارائه حالت «چاپ خلاصه» چیست؟,هدف ارائه یک نسخه خلاصه‌تر و با جزئیات کمتر از سند است که فاقد اطلاعات ارزی، سطوح تفصیلی حساب و مبالغ جزء می‌باشد و برای گزارش‌های سریع و کلی مناسب‌تر است.
در تنظیمات چاپ سند، چه گزینه‌هایی برای محل قرارگیری امضا وجود دارد؟,محل امضا می‌تواند فقط در صفحه آخر باشد یا در تمام صفحات سند قرار گیرد.
نقش پیش‌فرض برای امضاکننده اول و دوم در پانویس سند چیست و آیا قابل تغییر است؟,"نقش پیش‌فرض امضاکننده اول ""صادرکننده"" و امضاکننده دوم ""بررسی کننده"" است و هر دو توسط کاربر قابل تغییر هستند."
چگونه می‌توان نام یک امضاکننده را به صورت دستی در پانویس سند وارد کرد؟,"با زدن گزینه ""T"" می‌توان نام امضاکننده را به جای انتخاب از فهرست، به صورت دستی مشخص کرد."
محدودیت تعداد امضاکنندگان قابل تعریف برای چاپ در پانویس سند چقدر است؟,می‌توان از دو تا چهار امضا کننده برای چاپ سند در نظر گرفت.
"کاربرد بخش ""توضیحات پانویس"" در تنظیمات چاپ سند چیست؟",کاربر می‌تواند توضیحات اضافه‌ای که نیاز دارد و خارج از تنظیمات استاندارد امضا است را در این قسمت وارد کند تا در پانویس چاپ شود.
ایجاد الگوهای چاپ متعدد چه مزیتی برای کاربران سیستم فراهم می‌کند؟,کاربران می‌توانند به تعداد مورد نیاز الگوی چاپ سند تعریف کنند و با توجه به نیازمندی‌های مختلف از آنها استفاده نمایند.
پس از تکمیل تنظیمات پانویس، فرآیند ذخیره‌سازی الگو چگونه انجام می‌شود؟,پس از انجام همه تنظیمات، با استفاده از گزینه ذخیره در بالا و سمت چپ صفحه، الگوی تعریف شده ذخیره می‌شود.
در فرآیند بررسی اسناد، چه مواردی کنترل می‌شود؟,در این فرآیند مواردی نظیر تطابق مدارک سند با آنچه ثبت شده، صحیح بودن حساب‌های انتخاب شده و مناسب بودن توضیح برای هر قلم سند کنترل می‌شود.
چگونه می‌توان از فهرست اسناد حسابداری مستقیماً به صفحه بررسی اسناد رفت؟,در فهرست سند حسابداری، با قرار گرفتن روی هر ردیف، در بخش لینک‌های مرتبط، لینکی به صفحه بررسی اسناد وجود دارد که با انتخاب آن می‌توان به صفحه بررسی اسناد رفت.
در صفحه بررسی اسناد، اطلاعات مربوط به شرکت، دفتر و سال مالی بر چه اساسی نمایش داده می‌شوند و آیا قابل تغییر هستند؟,این اطلاعات از پیش‌فرض‌های کاربر فراخوانی می‌شوند و کاربر می‌تواند آن‌ها را تغییر دهد.
در صفحه بررسی اسناد، به طور پیش‌فرض کدام دسته از اسناد نمایش داده می‌شوند و چگونه می‌توان اسناد بررسی شده را مشاهده کرد؟,"به طور پیش‌فرض اسناد حسابداری موقت نمایش داده می‌شود و می‌توان با تغییر وضعیت به ""بررسی شده""، فهرست اسناد بررسی شده را مشاهده نمود."
در صفحه بررسی اسناد، برای مشاهده جزئیات (اقلام) یک سند حسابداری چه باید کرد؟,با قرار گرفتن روی هر ردیف از فهرست اسناد، جزئیات آن سند حسابداری در بخش اقلام نمایش داده می‌شود.
چگونه می‌توان در حین فرآیند بررسی، یک سند حسابداری را برای اصلاح باز کرد؟,با انتخاب شماره سند که به رنگ آبی است، در صورت داشتن دسترسی، سند حسابداری مربوطه باز شده و می‌توان اصلاحات لازم را انجام داد.
آیکون یادداشت که در کنار هر ردیف سند وجود دارد، چه کاربردی دارد؟,با انتخاب آیکون یادداشت، شرح سربرگ سند حسابداری مربوط به آن ردیف مشاهده می‌شود.
"فرآیند نهایی کردن بررسی و تغییر وضعیت یک یا چند سند به حالت ""بررسی شده"" چگونه است؟","پس از بررسی‌ها، سند یا سندهای مورد نظر انتخاب شده، سپس گزینه ""بررسی"" انتخاب می‌شود، توضیحات لازم (اختیاری) وارد شده و با انتخاب کلید تایید، وضعیت سند به ""بررسی شده"" تغییر می‌کند."
چه اطلاعاتی در فهرست اسناد حسابداری صفحه بررسی اسناد نمایش داده می‌شود؟,اطلاعاتی مانند نوع سند، شعبه، تاریخ، شماره‌های سند (عطف و فرعی)، صادر کننده و مبلغ کل سند نمایش داده می‌شود.
"لزوم داشتن ""دسترسی"" برای ویرایش سند در حین بررسی، چه چیزی را در مورد معماری سیستم نشان می‌دهد؟",این موضوع نشان می‌دهد که سیستم دارای یک مکانیزم کنترل دسترسی مبتنی بر نقش است که در آن، اختیارات کاربران برای مشاهده و ویرایش اطلاعات متفاوت است.
"نمایش پیش‌فرض اسناد ""موقت"" در صفحه بررسی اسناد، چگونه به بهینه‌سازی فرآیند کاری حسابرس کمک می‌کند؟",این ویژگی با نمایش خودکار اسنادی که نیاز به اقدام دارند، باعث تمرکز کاربر بر روی وظایف باقی‌مانده شده و فرآیند بررسی را تسریع و کارآمدتر می‌کند.
محدودیت اصلی قابلیت جابجایی اسناد از نظر تاریخ چیست؟,جابجایی اسناد فقط برای اسنادی امکان‌پذیر است که در یک روز صادر شده‌اند.
برای تغییر ترتیب اسنادی که در روزهای متفاوتی صادر شده‌اند، چه اقدامی لازم است؟,برای جابجایی اسناد در روزهای مختلف، نیاز به تغییر تاریخ سند می‌باشد.
در صفحه جابجایی اسناد، کدام دسته از اسناد حسابداری نمایش داده نمی‌شوند؟,"اسناد حسابداری با وضعیت ""قطعی شده"" در فهرست اسناد قابل جابجایی نمایش داده نمی‌شوند."
چگونه می‌توان یک سند را در فهرست جابجایی اسناد با استفاده از کشیدن و رها کردن (Drag and Drop) جابجا کرد؟,در صورتی که فقط یک قلم سند برای جابجایی مد نظر باشد، می‌توان با قرار گرفتن روی ردیف آن و با استفاده از کشیدن و رها کردن، آن را در محل مورد نظر قرار داد.
فرآیند جابجایی چند سند به صورت همزمان چگونه انجام می‌شود؟,"ابتدا اسناد مورد نظر انتخاب شده، سپس گزینه ""جابجایی"" در بالا و سمت چپ صفحه انتخاب می‌شود. در پنجره باز شده، شماره روزانه شروع مشخص شده و اسناد به ترتیب شماره سند، شماره‌های جدید را دریافت می‌کنند."
"اگر دو سند برای جابجایی انتخاب شوند و شماره شروع روزانه ""2"" تعیین گردد، شماره روزانه آن‌ها چگونه تغییر می‌کند؟",شماره روزانه آن‌ها با توجه به شماره سند، به ترتیب به 2 و 3 تغییر می‌یابد.
"مستثنی شدن اسناد ""قطعی شده"" از فرآیند جابجایی، چه مفهومی را در مورد چرخه حیات اسناد در سیستم می‌رساند؟","این موضوع نشان می‌دهد که اسناد در سیستم دارای یک چرخه حیات هستند و پس از رسیدن به مرحله ""قطعی""، برای حفظ یکپارچگی داده‌ها و جلوگیری از تغییرات، قفل شده و غیرقابل تغییر در نظر گرفته می‌شوند."
"هدف اصلی از تغییر ""شماره روزانه"" در فرآیند جابجایی اسناد چیست؟",هدف، اصلاح ترتیب منطقی و زمانی اسناد ثبت شده در یک روز است تا اثرات مالی آن‌ها به درستی در حساب‌ها منعکس شود.
از کجا می‌توان به صورت میان‌بر به صفحه جابجایی اسناد دسترسی پیدا کرد؟,"در فهرست اصلی اسناد حسابداری، با قرار گرفتن روی هر ردیف، در بخش ""لینک‌های مرتبط""، لینکی برای رفتن به صفحه جابجایی اسناد وجود دارد."
چه شرکت‌هایی ملزم به انجام فرآیند تسعیر ارز هستند؟,تمام شرکت‌هایی که کل یا بخشی از مبادلات مالی خود را با ارز خارجی انجام می‌دهند، نیاز به انجام تسعیر ارز دارند.
هدف اصلی شرکت‌ها از انجام تسعیر ارز چیست؟,هدف اصلی شناسایی میزان فروش و سود واقعی شرکت است.
چه عواملی بر تعیین بازه‌های زمانی برای انجام تسعیر ارز (روزانه، ماهانه یا سالانه) تأثیرگذار است؟,وضعیت ثبات اقتصادی و ثبات بازارهای مالی؛ هرچه ثبات اقتصادی بیشتر باشد، بازه‌های زمانی تسعیر می‌تواند طولانی‌تر باشد.
چه رابطه‌ای بین ثبات اقتصادی یک کشور و فرکانس انجام تسعیر ارز وجود دارد؟,رابطه معکوس وجود دارد؛ هر چه ثبات اقتصادی بیشتر باشد، نیاز به تسعیر ارز در بازه‌های زمانی کوتاه‌تر، کمتر شده و می‌توان آن را در فواصل طولانی‌تری مانند سالانه انجام داد.
"در فرآیند ""تسعیر ارز اقلام پولی""، چه نوع حساب‌هایی مورد محاسبه قرار می‌گیرند؟",در این نوع تسعیر، اقلام پولی مانند حساب‌ها و اسناد دریافتنی، حساب‌ها و اسناد پرداختنی، و حساب‌های بانکی محاسبه می‌شوند.
سود یا زیان حاصل از تسعیر ارز اقلام پولی به کدام حساب منتقل می‌شود؟,"سود یا زیان شناسایی شده از این فرآیند به حساب ""سود (زیان) تسعیر ارز"" منتقل می‌شود."
"هدف از صدور ""سند تسعیر ارز گزارشگری"" چیست؟",هدف این است که مانده همه حساب‌های دائم (دارایی‌ها و بدهی‌ها به غیر از حقوق مالکانه) به ارز عملیاتی، با یک نرخ ارز مشخص محاسبه شود.
"سود یا زیان ناشی از ""تسعیر ارز گزارشگری"" در کدام حساب ثبت می‌گردد؟","سود یا زیان ناشی از این نوع تسعیر در حساب ""تفاوت تسعیر ارز ناشی از عملیات خارجی"" ثبت می‌شود."
"وجود قابلیت ""تسعیر ارز گزارشگری"" چه ویژگی‌ای را در مورد معماری سیستم حسابداری نشان می‌دهد؟",این قابلیت نشان می‌دهد که سیستم قادر است تمام تراکنش‌ها را علاوه بر ارز عملیاتی، با دو ارز دیگر نیز ثبت و نگهداری کند.
برای ایجاد یک الگوی تسعیر ارز جدید از طریق منوی اصلی سیستم، چه مسیری باید طی شود؟,برای ایجاد الگوی جدید باید از مسیر «منوی اصلی/ حسابداری مالی/ دفتر کل/ اسناد/ الگوی سند تسعیر ارز»، کلید «+» را انتخاب کرد.
در فرم معرفی الگوی تسعیر ارز، فیلد «کد» چه ویژگی‌ای باید داشته باشد؟,کد الگو که در این قسمت مشخص می‌شود نباید تکراری باشد.
گزینه «پیش فرض» در فرم معرفی الگوی تسعیر ارز چه کاربردی دارد؟,با انتخاب این گزینه، در زمان صدور سند تسعیر ارز، این الگو به عنوان پیش فرض برای کاربر نمایش داده می‌شود.
فیلد «نوع الگو» در چه شرایطی در صفحه معرفی الگو نمایش داده می‌شود و شامل چه گزینه‌هایی است؟,این فیلد در صورتی نمایش داده می‌شود که «ارز گزارشگری» در تنظیمات دفتر کل تعریف شده باشد و شامل گزینه‌های «تسعیر ارز اقلام پولی» و «تسعیر به ارز گزارشگری» است.
بخش «اقلام الگو» در فرم تعریف الگوی تسعیر ارز از چه ستون‌هایی تشکیل شده است؟,این بخش شامل چهار ستون است: حساب تسعیر پذیر، تفصیل‌های حساب تسعیر پذیر، حساب تفاوت تسعیر، و تفصیل‌های حساب تفاوت تسعیر.
تفاوت اصلی در حساب‌های قابل انتخاب برای ستون «حساب تسعیر پذیر» بین دو نوع الگوی «تسعیر ارز اقلام پولی» و «تسعیر به ارز گزارشگری» چیست؟,اگر نوع الگو «تسعیر ارز اقلام پولی» باشد، فقط معین‌هایی که ویژگی «قلم پولی» دارند قابل انتخاب هستند. اما اگر نوع الگو «تسعیر به ارز گزارشگری» باشد، همه حساب‌های معین قابل انتخاب می‌باشند.
منظور از «حساب تفاوت تسعیر» در الگوی تسعیر ارز چیست؟,«حساب تفاوت تسعیر» حسابی است که سود و زیان ناشی از عملیات تسعیر در آن ثبت می‌شود؛ به عنوان مثال برای تسعیر ارز اقلام پولی، این حساب «سود (زیان) تسعیر ارز» است.
بر اساس توصیه حسابداری ذکر شده در متن، برای الگوی نوع «تسعیر به ارز گزارشگری»، کدام حساب‌های معین باید انتخاب شوند؟,توصیه شده است که به لحاظ حسابداری، همه معین‌های موجود در گروه حساب دارایی‌ها و بدهی‌ها، به استثنای حقوق مالکانه، انتخاب شوند.
چه محدودیتی برای حذف یک الگوی تسعیر ارز وجود دارد و راهکار جایگزین در صورت وجود محدودیت چیست؟,الگوی تسعیر ارز تا زمانی که در هیچ سندی استفاده نشده باشد قابل حذف است. اگر الگو گردش داشته باشد (استفاده شده باشد)، دیگر قابل حذف نیست اما می‌توان با غیر فعال کردن آن، از نمایش آن در عملیات آتی جلوگیری کرد.
در فرم ثبت سند تسعیر ارز، فیلد «نوع سند» چه گزینه‌هایی را شامل می‌شود و کدام یک به عنوان پیش‌فرض انتخاب شده است؟,این فیلد شامل دو نوع «تسعیر ارز اقلام پولی» و «تسعیر به ارز گزارشگری» است که به صورت پیش‌فرض، «تسعیر ارز اقلام پولی» انتخاب شده است.
مقدار اولیه فیلد «شعبه» در صفحه ثبت سند تسعیر ارز بر چه اساسی تعیین می‌شود و آیا کاربر می‌تواند آن را تغییر دهد؟,این فیلد به صورت پیش‌فرض با شعبه‌ای که در تنظیمات کاربر مشخص شده است تکمیل می‌شود و قابل تغییر است.
فیلد «تا تاریخ» به صورت پیش‌فرض با چه تاریخی تکمیل می‌شود؟,به صورت پیش‌فرض با تاریخ روز جاری تکمیل شده است، اما کاربر می‌تواند آن را به تاریخ مورد نظر برای صدور سند تغییر دهد.
نمایش فیلدهای «ارز مبنا» و «نرخ تبدیل ارز عملیاتی» در فرم ثبت سند تسعیر ارز، به کدام انتخاب وابسته است؟,این دو فیلد تنها در صورتی نمایش داده می‌شوند که «نوع سند» بر روی «تسعیر ارز اقلام پولی» تنظیم شده باشد.
در فیلدهای مربوط به نرخ تبدیل ارز (عملیاتی و گزارشگری)، چه روشی برای وارد کردن دستی نرخ به جای انتخاب از فهرست وجود دارد؟,با انتخاب گزینه «T» می‌توان نرخ ارز را به صورت دستی وارد کرد.
کدام نرخ‌های تبدیل ارز برای انتخاب در فهرست‌های مربوطه نمایش داده می‌شوند؟,نرخ تبدیل ارزهای تعریف شده در سیستم که تاریخ مؤثر آنها کوچکتر یا مساوی تاریخ وارد شده در فیلد «تا تاریخ» است، نمایش داده می‌شوند.
اگر کاربر فیلد «شرح» را در فرم ثبت سند تسعیر ارز خالی بگذارد، چه اتفاقی می‌افتد؟,در صورتی که کاربر شرحی وارد نکند، شرح به صورت خودکار توسط سیستم تکمیل می‌گردد.
چه عاملی باعث می‌شود که نرخ تبدیل برای یک ارز گزارشگری (اول یا دوم) به طور خودکار تنظیم و غیرقابل ویرایش شود؟,در صورتی که ارز گزارشگری اول یا دوم با ارز انتخاب شده در فیلد «ارز مبنا» یکسان باشد، با تعیین نرخ در «نرخ تبدیل ارز عملیاتی»، نرخ آن ارز گزارشگری نیز به طور خودکار تکمیل شده و قابل تغییر نخواهد بود.
پس از تکمیل تمام اطلاعات لازم در فرم، فرآیند صدور سند تسعیر ارز چگونه نهایی می‌شود؟,پس از تکمیل اطلاعات، با انتخاب گزینه «صدور سند» از سمت چپ بالای صفحه، سند مورد نظر صادر می‌گردد.
مهم‌ترین پیامد قطعی کردن یک سند حسابداری چیست؟,پس از قطعی کردن، دیگر امکان ویرایش یا حذف آن سند وجود ندارد.
در شرکت‌های خصوصی، چه رابطه‌ای بین قطعی کردن اسناد و تهیه دفاتر قانونی وجود دارد؟,اساس اسناد قطعی شده، مبنای تهیه دفاتر قانونی است.
پیش‌نیاز اصلی برای صدور سند کل و تهیه گزارش دفاتر قانونی در یک سال مالی چیست؟,پیش نیاز این امور، قطعی کردن همه اسناد در سال مالی مورد نظر است.
بر اساس تنظیمات سیستم، عملیات قطعی کردن اسناد به چند روش و در چه سطوحی قابل انجام است؟,این عملیات به دو روش قابل انجام است: «در سطح شرکت» که حالت پیش‌فرض است، و «در سطح شعبه» که نیازمند تنظیمات خاصی است.
پیامد اصلی قطعی کردن اسناد حسابداری چیست و آیا این عملیات برگشت‌پذیر است؟,اسناد قطعی‌شده غیرقابل ویرایش خواهند بود و به هیچ عنوان امکان برگشت از عملیات قطعی کردن وجود ندارد.
در چه شرایطی فیلد «شعبه» در صفحه قطعی کردن اسناد نمایش داده می‌شود؟,این فیلد زمانی نمایش داده می‌شود که در تنظیمات سیستم، شماره‌گذاری و قطعی کردن اسناد «در سطح شعب» تعریف شده باشد.
هنگامی که قطعی کردن اسناد در سطح شرکت تنظیم شده باشد، این عملیات از طریق کدام شعبه انجام می‌شود؟,در این حالت، عملیات قطعی کردن همواره از طریق شعبه‌ی دفتر مرکزی قابل انجام است.
در صفحه قطعی کردن اسناد، فیلدهای «تاریخ ابتدا» و «تاریخ انتها» چگونه به صورت خودکار مقداردهی می‌شوند؟,«تاریخ ابتدا» بر اساس تاریخ آخرین سند قطعی شده و «تاریخ انتها» بر اساس تاریخ آخرین سندی که در وضعیت «بررسی» قرار دارد، تکمیل می‌شود.
آیا پس از قطعی کردن اسناد در یک بازه زمانی مشخص، می‌توان یک سند حسابداری جدید در همان بازه صادر کرد؟,خیر، در محدوده‌ی زمانی که اسناد آن قطعی شده‌اند، امکان صدور سند حسابداری جدید وجود نخواهد داشت.
سیستم چه زمانی پیام خطای «بازه تاریخی انتخاب شده برای قطعی کردن اسناد مجاز نمی باشد» را به کاربر نمایش می‌دهد؟,زمانی که کاربر تاریخ انتها را تغییر می‌دهد ولی در آن تاریخ، هیچ سند بررسی شده‌ای وجود نداشته باشد، این پیام نمایش داده می‌شود.
در فهرست اسناد آماده قطعی شدن، چه تفاوتی بین انتخاب یک ردیف خاص و فشردن دکمه «قطعی کردن» با انتخاب گزینه «قطعی کردن همه» وجود دارد؟,با انتخاب یک ردیف، عملیات قطعی شدن فقط تا آن ردیف انجام می‌شود، در حالی که با انتخاب «قطعی کردن همه»، تمام اسناد موجود در فهرست قطعی می‌شوند.
از اینکه تاریخ انتها بر اساس آخرین سند در وضعیت «بررسی» تکمیل می‌شود، چه پیش‌نیازی را برای اسناد قبل از قطعی شدن می‌توان استنباط کرد؟,می‌توان استنباط کرد که اسناد حتما باید ابتدا در وضعیت «بررسی» قرار گرفته باشند تا بتوانند برای عملیات قطعی شدن انتخاب شوند.
برای فعال‌سازی قابلیت قطعی کردن اسناد به تفکیک شعب برای یک دوره مالی، چه تنظیماتی باید اعمال شود؟,باید در تنظیمات دفتر کل برای دوره مالی مورد نظر، گزینه «قطعی‌کردن اسناد به تفکیک شعب» انتخاب شده باشد.
قبل از نهایی شدن فرآیند، سیستم چه هشدار مهمی را در قالب یک پیام به کاربر نمایش می‌دهد؟,سیستم پیامی نمایش می‌دهد که در خصوص برگشت‌ناپذیر بودن عملیات قطعی کردن به کاربر هشدار می‌دهد.
حالت پیش فرض برای تجمیع اطلاعات ویژگی پیگیری در مرور حساب ها چیست؟,"حالت پیش فرض برای تجمیع، بر اساس ""شماره و تاریخ پیگیری"" است."
"انتخاب گزینه ""شماره و تاریخ پیگیری"" در تنظیمات گزارش ها چه تأثیری بر گزارش مرور حساب ها دارد؟",در صورت انتخاب این گزینه، اقلام سند حسابداری با شماره و تاریخ پیگیری یکسان، به هنگام نمایش در گزارش مرور حساب ها با هم تجمیع می شوند.
"تفاوت بین گزینه تجمیع ""شماره و تاریخ پیگیری"" و گزینه ""شماره پیگیری"" در چیست؟","در حالت ""شماره و تاریخ پیگیری""، اقلام با شماره و تاریخ یکسان تجمیع می شوند، در حالی که در حالت ""شماره پیگیری""، اقلام فقط بر اساس شماره پیگیری یکسان و بدون در نظر گرفتن تاریخ، تجمیع می شوند."
پس از اعمال تغییرات در تنظیمات گزارش ها، چگونه می توان این تغییرات را ذخیره کرد؟,پس از انجام تنظیمات مورد نظر، باید کلید ذخیره را در گوشه سمت چپ و بالا انتخاب نمود تا اطلاعات تغییر یافته ذخیره شود.
سازمان‌ها از «سند کل» برای تهیه کدام یک از دفاتر قانونی خود استفاده می‌کنند؟,سازمان‌ها بر اساس سند کل، دفتر روزنامه خود را که یکی از دفاتر قانونی است، تهیه می‌کنند.
برای ایجاد یک سند کل جدید در سیستم حسابداری، از چه مسیری باید اقدام کرد؟,باید از مسیر «حسابداری مالی/ دفتر کل/ اسناد/ سند کل» گزینه «+» را انتخاب نمود.
فرآیند محاسباتی و تجمیع مبالغ برای ایجاد ارقام در «سند کل» چگونه است؟,ابتدا تمام اسناد قطعی در یک بازه زمانی بازیابی می‌شوند، سپس مبالغ بدهکار و بستانکار حساب‌های معین مربوط به هر حساب کل جمع شده و نتیجه در حساب کل مربوطه نمایش داده می‌شود.
چه شرط یا وضعیتی برای اسناد حسابداری الزامی است تا در فرآیند صدور سند کل لحاظ شوند؟,اسناد حسابداری حتماً باید دارای وضعیت «قطعی» باشند تا در سند کل تجمیع شوند.
در صفحه صدور سند کل، فیلتر «تاریخ» به صورت پیش‌فرض بر چه اساسی مقداردهی می‌شود؟,تاریخ ابتدا و انتهای این فیلتر بر اساس کوچکترین و بزرگترین تاریخ اسناد قطعی شده نمایش داده می‌شود.
در بخش «روش صدور سند»، چه گزینه‌هایی برای کاربر وجود دارد و کدام یک به عنوان پیش‌فرض تنظیم شده است؟,گزینه‌ها شامل کلی، روزانه، ماهانه و دوره‌ای است و پیش‌فرض آن روش «ماهانه» است.
انتخاب روش صدور «دوره‌ای» برای سند کل، بر چه مبنایی عمل می‌کند؟,این روش، سند کل را بر اساس دوره‌های مالی که در سال مالی تعریف شده‌اند، صادر می‌کند.
گزینه پیش‌فرض «صدور سند کل مجزا برای اسناد پایان سال» چه کاربردی دارد؟,این گزینه باعث می‌شود که برای اسناد مربوط به پایان سال، سندهای کل جداگانه‌ای صادر شود.
در فیلترهای صدور سند کل، کاربر می‌تواند انتخاب کند که سند بر چه مبنایی صادر شود؟,کاربر می‌تواند مشخص کند که سند کل بر اساس «تاریخ» یا «شماره سند» صادر شود.
پنج هدف اصلی که گزارش «مرور حساب‌ها» به کاربر برای دستیابی به آن‌ها کمک می‌کند، کدامند؟,این گزارش به کاربر کمک می‌کند تا: ۱. گردش و مانده حساب‌ها را در هر سطح و بازه زمانی دلخواه بررسی کند. ۲. جزئیات تراکنش‌ها را به تفکیک حساب و تفصیل مشاهده کند. ۳. اطلاعات و تراکنش‌های ارزی را رصد نماید. ۴. عملکرد مالی هر بخش را آنالیز کند. ۵. تصمیمات آگاهانه و مبتنی بر اطلاعات لحظه‌ای اتخاذ نماید.
برای دسترسی به گزارش «مرور حساب‌ها» از منوی اصلی سیستم، چه مسیری را باید دنبال کرد؟,از منوی اصلی سیستم، مسیر حسابداری مالی / دفتر کل / گزارش‌ها / مرور حساب‌ها را باید انتخاب کرد.
زبانه های مختلف گزارش «مرور حساب‌ها» که اطلاعات را بر اساس فیلترهای تعیین شده نمایش می‌دهند، کدامند؟,شامل شعبه، گروه حساب، حساب کل، حساب معین، تفصیل‌ها، ارز سند، ارز مبنا، نوع نرخ ارز، پیگیری، و ریز گردش است.
فیلتر «ارز اصلی گزارش» چه کاربردی دارد و چه گزینه‌هایی را شامل می‌شود؟,این فیلتر مشخص می‌کند که تمام اطلاعات گزارش بر اساس کدام ارز نمایش داده شود. به صورت پیش‌فرض ارز عملیاتی انتخاب شده است، اما در صورت وجود، می‌توان ارزهای گزارشگری اول و دوم را نیز انتخاب کرد.
در فیلتر «نوع بازه زمانی»، چه تفاوت‌هایی بین انتخاب گزینه «دوره مالی» و «تاریخ» وجود دارد؟,در صورت انتخاب «دوره مالی»، می‌توان دوره‌های مالی تعریف‌شده را فیلتر نمود. در صورت انتخاب «تاریخ»، می‌توان محدوده دقیق‌تری برای گزارش بر اساس تاریخ اسناد تعیین کرد.
فعال کردن گزینه «نمایش حساب‌های با مانده» چه تأثیری بر نتایج گزارش دارد؟,با انتخاب این گزینه، با وجود اینکه یک حساب ممکن است گردش داشته باشد، تنها حساب‌هایی نمایش داده می‌شوند که مانده نهایی آن‌ها غیر از صفر باشد.
کدام وضعیت‌های سند را می‌توان برای گزارش‌گیری انتخاب کرد و کدام وضعیت سند در گزارش‌ها نمایش داده نمی‌شود؟,می‌توان اسناد با وضعیت‌های موقت، بررسی شده و قطعی شده را برای گزارش‌گیری انتخاب کرد. اسناد با وضعیت یادداشت در گزارش‌ها نمایش داده نمی‌شوند.
در بخش «فیلترهای بیشتر»، چه گزینه‌هایی برای فیلتر کردن بر اساس ویژگی‌های خاص حساب‌های معین وجود دارد؟,سه گزینه برای فیلتر کردن حساب‌های معین وجود دارد: ویژگی ارزی، ویژگی پیگیری، و ویژگی مقداری.
چگونه می‌توان در گزارش «مرور حساب‌ها» اسنادی را پیدا کرد که توسط یک شخص خاص صادر شده‌اند؟,از بخش «فیلترهای بیشتر»، در فیلتر «صادر کننده»، می‌توان شخص یا اشخاص مورد نظر را انتخاب کرد تا فقط اسنادی که توسط آن‌ها صادر شده در گزارش نمایش داده شود.
کاربر چگونه می‌تواند گردش دقیق هزینه حقوق را به تفکیک مراکز هزینه مشاهده کند؟,ابتدا در زبانه «گروه حساب»، گروه هزینه‌ها را انتخاب می‌کند. سپس در زبانه «معین»، حساب معین مربوط به هزینه حقوق را انتخاب می‌کند. در نهایت با کلیک روی زبانه «تفصیل‌ها» و انتخاب تفصیل مرکز هزینه، اطلاعات هزینه حقوق به تفکیک مراکز هزینه را مشاهده خواهد کرد.
در زبانه «ریز گردش»، چگونه می‌توان به سند حسابداری مربوط به یک قلم خاص دسترسی پیدا کرد؟,در زبانه «ریز گردش»، با کلیک کردن روی لینک شماره سند مربوط به قلم مورد نظر، می‌توان به سند حسابداری آن دسترسی داشت.
چه قابلیتی برای کار با مبالغ عددی در جدول گزارش وجود دارد؟,در صورت انتخاب و کشیدن ماوس (drag) روی مبالغ مورد نظر، امکان مشاهده تعداد و مجموع مبالغ انتخابی در پایین صفحه وجود دارد. همچنین با کپی کردن سلول‌های انتخاب شده، سربرگ آن‌ها نیز در اکسل کپی می‌شود.
از وجود امکان انتخاب شرکت و دفتر در بالای فرم گزارش چه استنباطی در مورد معماری سیستم می‌توان کرد؟,این قابلیت نشان می‌دهد که سیستم برای پشتیبانی از ساختار چند شرکتی یا هلدینگ طراحی شده است و می‌تواند اطلاعات مالی شرکت‌ها و دفاتر مختلف را به صورت مجزا مدیریت و گزارش‌دهی کند.
چرا گزارش «مرور حساب‌ها» یک ابزار تحلیلی کارآمدتر از گزارش‌های ایستا محسوب می‌شود؟,زیرا این گزارش به صورت تعاملی و پویا عمل می‌کند و به کاربر اجازه می‌دهد با فیلتر کردن یک حساب در یک زبانه (مانند گروه حساب) و سپس حرکت به زبانه دیگر (مانند حساب معین)، به صورت سلسله مراتبی داده‌ها را پالایش کرده و به جزئیات دقیق‌تر دست یابد.
برای دسترسی به گزارش «ساختار حساب‌ها» از منوی اصلی چه مسیری باید طی شود؟,برای استفاده از این گزارش، باید از مسیر منوی اصلی سیستم / حسابداری مالی / دفتر کل / گزارش‌ها / ساختار حساب‌ها اقدام کرد.
هنگام استفاده از گزارش ساختار حساب‌ها، انتخاب کدام فیلتر اجباری است؟,انتخاب فیلتر «ساختار حساب» برای دریافت گزارش اجباری است.
اگر در تنظیمات کاربری، شرکت پیش‌فرض مشخص نشده باشد، کاربر پس از باز کردن گزارش ساختار حساب با چه وضعیتی روبرو می‌شود؟,در صورتی که اطلاعات پیش‌فرض در تنظیمات کاربر مشخص نشده باشد، پس از باز شدن گزارش، کاربر نیاز دارد که ابتدا شرکت مورد نظر را انتخاب کند.
فیلتر «نوع تفصیل» در گزارش ساختار حساب‌ها چگونه عمل می‌کند، به خصوص وقتی چند نوع تفصیل انتخاب شود؟,"این فیلتر به صورت ""یا"" عمل می‌کند؛ یعنی اگر چند نوع تفصیل (مثلاً مرکز هزینه و پروژه) انتخاب شوند، حساب‌هایی نمایش داده می‌شوند که با حداقل یکی از آن‌ها ارتباط داشته باشند."
چنانچه کاربر هیچ‌کدام از فیلترهای گزارش ساختار حساب را انتخاب نکند، چه نتیجه‌ای دریافت خواهد کرد؟,در صورتی که هیچ فیلتری انتخاب نشود، کلیه اطلاعات نمایش داده می‌شود، زیرا انتخاب نشدن یک فیلتر به معنای انتخاب همه موارد آن است.
زبانه‌های اصلی گزارش ساختار حساب‌ها که اطلاعات را به تفکیک نمایش می‌دهند، کدامند؟,زبانه‌های گزارش شامل گروه حساب، حساب کل، حساب معین، و جزییات ساختار است.
در زبانه «حساب معین»، چه اطلاعاتی در مورد ویژگی‌های یک حساب نمایش داده می‌شود؟,اطلاعاتی نظیر کد، عنوان، نوع حساب، ماهیت، حساب طرف مقابل، کنترل ماهیت طی سال، ماژول صادرکننده، ویژگی ارزی و قلم پولی، ارز پیش‌فرض، وضعیت، ویژگی پیگیری و مقداری، و توضیحات نمایش داده می‌شود.
چگونه می‌توان در گزارش، اطلاعات را فقط برای یک «گروه حساب» خاص و زیرمجموعه‌های آن مشاهده کرد؟,کاربر می‌تواند در زبانه «گروه حساب» یک یا چند ردیف را انتخاب کرده و سپس به زبانه‌های دیگر مانند «جزییات ساختار» برود تا اطلاعات را فقط بر اساس ردیف‌های منتخب مشاهده کند.
در زبانه «جزییات ساختار»، ستون‌های مربوط به تفصیل‌ها چه اطلاعاتی را نمایش می‌دهند؟,این زبانه شامل ستون‌هایی برای «تفصیل‌ها» (تفصیل‌های مرتبط با معین)، «تفصیل‌های اختیاری» (تفصیل‌های با ارتباط اختیاری)، و «تفصیل‌های گروهبندی ۱ و ۲» (در صورت استفاده از گروه‌بندی در ارتباط معین با تفصیل) می‌باشد.
فیلتر «نقش شخص» در گزارش ساختار حساب‌ها چه کاربردی دارد؟,با استفاده از این فیلتر می‌توان از بین نقش‌های تعریف شده برای اشخاص حقیقی و حقوقی، یک یا چند نقش را انتخاب کرد تا فقط حساب‌هایی که با آن نقش‌ها مرتبط هستند، در گزارش نمایش داده شوند.
امکان وجود ساختارهای حساب متفاوت برای «دفتر اصلی» و «دفتر فرعی» چه قابلیتی را در سیستم نشان می‌دهد؟,این موضوع نشان‌دهنده انعطاف‌پذیری سیستم در مدیریت کدینگ حساب‌ها است، به طوری که به یک سازمان اجازه می‌دهد ساختارهای حساب متفاوتی را برای واحدهای مختلف خود (مانند دفاتر اصلی و فرعی) تعریف و مدیریت کند.
بر اساس اطلاعات موجود در زبانه «حساب معین»، چگونه می‌توان فهمید که ورود یک ویژگی خاص برای یک حساب، اجباری است یا اختیاری؟,در زبانه «حساب معین»، ستونی با عنوان «ویژگی پیگیری، مقداری و اجباری و اختیاری بودن ویژگی» وجود دارد که این اطلاعات را مشخص می‌کند.
پس از فیلتر کردن و مشاهده اطلاعات مورد نظر در گزارش ساختار حساب، چه امکانی برای خروجی گرفتن از داده‌ها وجود دارد؟,پس از مشخص کردن محدوده مورد نیاز، می‌توان با استفاده از گزینه «ارسال به اکسل»، اطلاعات نمایش داده شده را به یک فایل اکسل منتقل کرد.
در زبانه «جزییات ساختار»، تفاوت اطلاعات نمایش داده شده در ستون «تفصیل‌ها» و ستون «تفصیل‌های اختیاری» چیست؟,ستون «تفصیل‌ها»، تفصیل‌هایی را نمایش می‌دهد که به صورت الزامی با حساب معین ارتباط داده شده‌اند، در حالی که ستون «تفصیل‌های اختیاری»، تفصیل‌هایی را نشان می‌دهد که ارتباطشان با حساب معین به صورت اختیاری تعریف شده است.
برای دسترسی به گزارش «تراز» از طریق منوی اصلی سیستم، چه مسیری را باید دنبال کرد؟,از مسیر منوی اصلی سیستم/ حسابداری مالی/دفتر کل/گزارش‌ها/ تراز باید اقدام کرد.
در گزارش تراز، چه گزینه‌هایی برای فیلتر کردن «نوع مانده» حساب‌ها وجود دارد؟,گزینه‌ها شامل: همه حساب‌ها، بدهکار، بستانکار، بدهکار و بستانکار با مانده غیر صفر، و مانده صفر است.
در فیلتر «نوع سند»، کدام اسناد به صورت پیش‌فرض از گزارش تراز مستثنی شده‌اند؟,به صورت پیش‌فرض، همه انواع سند به جز اسناد «اختتامیه» و «بستن حساب‌ها» در گزارش انتخاب شده‌اند.
گزارش تراز در چند ساختار ستونی قابل تهیه است و تفاوت اصلی آن‌ها چیست؟,گزارش تراز در ساختارهای دو، چهار، شش و هشت ستونی قابل تهیه است. تفاوت اصلی آن‌ها در نمایش اطلاعات است: ۲ ستونی (مانده‌ها)، ۴ ستونی (گردش و مانده طی دوره)، ۶ ستونی (گردش قبل از دوره، طی دوره و مانده تا کنون)، و ۸ ستونی (گردش قبل، طی، تا کنون و مانده تا کنون).
گزینه «احتساب گردش از سال گذشته» در چه ساختارهایی فعال است و چه کاری انجام می‌دهد؟,این گزینه در ساختارهای شش و هشت ستونی فعال می‌شود و با انتخاب آن، گردش حساب‌ها از اولین دوره مالی قبل از محدوده گزارش‌گیری که سند افتتاحیه دارد، در ستون «گردش قبل از دوره» نمایش داده می‌شود.
چگونه می‌توان در گزارش تراز، گردش سند افتتاحیه را در یک ستون مجزا مشاهده کرد؟,ابتدا باید ساختار گزارش از نوع «هشت ستونی» انتخاب شود و سپس گزینه «افتتاحیه در ستون مجزا» فعال گردد.
در بخش «اولویت‌بندی حساب»، کاربر چه سطوحی از حساب‌ها را می‌تواند برای تعیین ترتیب نمایش گزارش انتخاب کند؟,کاربر می‌تواند اولویت‌ها را از میان گروه حساب، حساب کل، حساب معین، و تفصیل‌ها (شامل سیستمی و سایر) انتخاب کند.
فعال کردن گزینه «دارای گردش در تمام اولویت‌های انتخابی» چه تأثیری بر نتایج گزارش تراز دارد؟,با فعال کردن این تیک، گزارش فقط حساب‌هایی را نمایش می‌دهد که در تمام سطوح اولویتی که توسط کاربر انتخاب شده (مثلاً هم در سطح کل و هم معین انتخابی)، دارای گردش مالی بوده‌اند.
در بخش «فیلترهای بیشتر»، چه امکانی برای فیلتر کردن اسناد بر اساس وضعیت آن‌ها وجود دارد و کدام وضعیت نمایش داده نمی‌شود؟,می‌توان اسناد را بر اساس وضعیت‌های «موقت»، «بررسی شده» و «قطعی شده» فیلتر کرد. اسناد با وضعیت «یادداشت» در گزارش‌ها نمایش داده نمی‌شوند.
چگونه می‌توان گزارشی تهیه کرد که فقط حساب‌های معین دارای ویژگی «مقداری» را نمایش دهد؟,از طریق فیلتر «ویژگی حساب‌های معین»، گزینه «مقداری» را انتخاب می‌کنیم تا فقط حساب‌های معینی که این ویژگی را دارند در گزارش نمایش داده شوند.
برای چاپ گزارشی که در آن اطلاعات هر «گروه حساب» در یک صفحه مجزا قرار گیرد، چه شرایطی باید برقرار باشد؟,حداقل دو اولویت حساب باید انتخاب شده باشد و «گروه حساب» به عنوان اولین اولویت تعیین گردد، سپس گزینه «چاپ حساب‌ها در صفحات مجزا» انتخاب شود.
فیلتر «نوع مانده ارزی» چه کمکی به تحلیل‌گر مالی می‌کند؟,این فیلتر به تحلیل‌گر اجازه می‌دهد تا حساب‌ها را بر اساس وضعیت تطابق مانده ارز اصلی (مثلاً ریال) و مانده ارز خارجی تفکیک کند، مانند نمایش حساب‌هایی که فقط مانده ارزی دارند ولی مانده ریالی آن‌ها صفر است.
در گزارش تراز، منظور از «ارز اصلی» که مبنای فیلتر و نمایش مبالغ است، چیست؟,منظور از ارز اصلی، ارزی است که در فیلتر «ارز اصلی گزارش» انتخاب شده و می‌تواند «ارز عملیاتی»، «ارز گزارشگری اول» یا «ارز گزارشگری دوم» باشد.
چه تفاوتی بین گزینه‌های «نمایش مبالغ ارز اصلی» و «نمایش مبالغ ارزی» در ساختار گزارش وجود دارد؟,«نمایش مبالغ ارز اصلی» مبالغ را بر اساس ارز اصلی انتخاب شده در فیلترها (مثلا ریال) نشان می‌دهد، در حالی که «نمایش مبالغ ارزی» مبالغ ارزی تراکنش را، که می‌تواند ارز سند یا ارز مبنا باشد، نمایش می‌دهد.
فرآیند افزودن و حذف اولویت نمایش حساب‌ها در گزارش تراز چگونه است؟,با استفاده از دکمه «افزودن» می‌توان یک سطح اولویت جدید (مانند حساب معین) اضافه کرد و با کلیک روی دکمه «حذف» در ردیف هر اولویت، می‌توان آن را حذف نمود. امکان انتخاب اولویت تکراری وجود ندارد.
یک کاربر می‌خواهد گزارشی از مانده بدهی مشتریان (حساب‌های دریافتنی) تهیه کند که مبلغ بدهی آن‌ها بین ۱ میلیون تا ۵ میلیون تومان باشد. از کدام فیلتر باید استفاده کند؟,کاربر باید از بخش «فیلترهای بیشتر» و فیلترهای «مانده بدهکار» و «مانده بستانکار» استفاده کرده و بازه مورد نظر خود را در این فیلدها وارد نماید.
اگر کاربری بخواهد در گزارش تراز، مبالغ ارزی را به تفکیک نوع نرخ ارز (مانند آزاد، نیمایی) مشاهده کند، چه گزینه‌ای را باید فعال کند؟,کاربر باید تیک گزینه «به تفکیک نوع نرخ ارز» را در بخش ساختار گزارش فعال نماید.
مسیر دسترسی به گزارش «دفاتر» از طریق منوی اصلی سیستم چیست؟,برای استفاده از این گزارش، باید مسیر منوی اصلی سیستم / حسابداری مالی / دفتر کل / گزارش‌ها / دفاتر را انتخاب کرد.
در گزارش دفاتر، فعال کردن گزینه «نمایش پیگیری» چه اطلاعاتی را به گزارش اضافه می‌کند؟,با تیک زدن گزینه «نمایش پیگیری»، اطلاعات مربوط به پیگیری که در اسناد حسابداری وارد شده است، در گزارش نمایش داده می‌شود.
گزینه «احتساب گردش از سال گذشته» در گزارش دفاتر چه تأثیری بر مانده‌ها دارد؟,با انتخاب این گزینه، مانده حساب‌ها شامل کلیه اقلامی می‌شود که از اولین دوره مالی قبل از محدوده گزارش‌گیری (که سند افتتاحیه دارد) وجود داشته و این مبلغ در ستون «گردش قبل از دوره» نمایش داده می‌شود.
دو روش مختلف برای «نحوه نمایش مبالغ ارزی» در گزارش دفاتر کدامند؟,می‌توان مشخص کرد که مبالغ ارزی به «تفکیک قلم» یا «تفکیک ارز» نمایش داده شوند.
در بخش «اولویت‌بندی حساب»، کاربر چه سطوحی از حساب‌ها را می‌تواند برای گزارش‌گیری انتخاب کند و آیا انتخاب تکراری مجاز است؟,کاربر می‌تواند اولویت‌ها را از میان گروه حساب، حساب کل، حساب معین، و تفصیل‌ها انتخاب کند. امکان انتخاب اولویت تکراری وجود ندارد.
چگونه می‌توان در گزارش دفاتر، اطلاعات مربوط به هر حساب کل را در صفحات جداگانه چاپ کرد؟,ابتدا باید در بخش اولویت‌بندی، حساب کل به عنوان اولین اولویت انتخاب شود و سپس گزینه «چاپ حساب‌ها در صفحات مجزا» فعال گردد.
فعال‌سازی تیک «دارای گردش در تمام اولویت‌های انتخابی» چه شرطی را برای نمایش حساب‌ها در گزارش اعمال می‌کند؟,با زدن این تیک، فقط حساب‌هایی نمایش داده می‌شوند که در تمام سطوح اولویتی که کاربر انتخاب کرده است، دارای گردش مالی باشند.
در بخش «فیلترهای بیشتر»، چگونه می‌توان گزارش را به اسناد صادر شده توسط یک شخص خاص محدود کرد؟,از طریق فیلتر «صادر کننده»، می‌توان شخص یا اشخاص مورد نظر را انتخاب کرد تا گزارش فقط شامل اسنادی باشد که توسط آن‌ها صادر شده است.
کدام وضعیت‌های سند را می‌توان در گزارش دفاتر فیلتر کرد و کدام وضعیت سند از گزارش‌ها مستثنی شده است؟,امکان گزارش‌گیری برای اسناد در وضعیت‌های «موقت»، «بررسی شده» و «قطعی شده» وجود دارد. اسناد با وضعیت «یادداشت» در گزارش‌ها نمایش داده نمی‌شوند.
یک کاربر می‌خواهد تمام جزئیات تراکنش‌های مربوط به اسناد با شماره عطف بین ۵۰ تا ۱۰۰ را مشاهده کند. از کدام فیلتر باید استفاده کند؟,کاربر باید از بخش «فیلترهای بیشتر» و فیلتر «شماره عطف» استفاده کرده و شماره آغاز (۵۰) و پایان (۱۰۰) را در آن وارد نماید.
برای مشاهده جزئیات مقداری (مانند تعداد یا وزن) در کنار مبالغ مالی در گزارش دفاتر، کدام گزینه باید فعال شود؟,برای این کار باید تیک گزینه «نمایش مقدار» در بخش ساختار گزارش زده شود تا گردش مقدار حساب نیز نمایش داده شود.
چگونه می‌توان مبالغ ارزی را در گزارش دفاتر به تفکیک نوع نرخ ارز (مثلاً نیمایی، آزاد) مشاهده کرد؟,با انتخاب گزینه «به تفکیک نوع نرخ ارز» در بخش ساختار گزارش، مبالغ ارزی بر اساس نوع نرخ ارزی که در اسناد ثبت شده، تفکیک و نمایش داده می‌شوند.
فرآیند تعیین اولویت نمایش حساب‌ها و فیلتر کردن آن‌ها در گزارش دفاتر چگونه است؟,کاربر با دکمه «افزودن»، سطح اولویت (مانند حساب کل) را اضافه می‌کند و سپس با انتخاب آن اولویت در سمت راست صفحه، می‌تواند حساب‌های خاصی را در آن سطح برای نمایش در گزارش فیلتر کند.
برای مشاهده تراکنش‌های مربوط به حساب‌های معین که دارای ویژگی «پیگیری» هستند، کدام فیلتر باید تنظیم شود؟,در بخش فیلترهای اصلی، از قسمت «ویژگی حساب‌های معین» باید گزینه «پیگیری» انتخاب شود.
یک حسابرس می‌خواهد تمام تراکنش‌های مربوط به «پروژه آلفا» را برای «حساب‌های هزینه» بررسی کند. مراحل تنظیم اولویت برای این گزارش چگونه خواهد بود؟,حسابرس ابتدا «گروه حساب» را به عنوان اولویت اول انتخاب و گروه «هزینه» را فیلتر می‌کند. سپس «تفصیل‌ها» را به عنوان اولویت دوم اضافه کرده و تفصیل «پروژه آلفا» را انتخاب می‌کند تا فقط تراکنش‌های مربوطه را ببیند.
وجود فیلترهایی مانند «صادر کننده» و «آخرین بررسی کننده» چه اهمیتی برای کنترل‌های داخلی یک سازمان دارد؟,این فیلترها به مدیران اجازه می‌دهند تا مسئولیت‌ها را ردیابی کرده و با محدود کردن گزارش به افراد خاص، عملکرد آن‌ها را بررسی کنند و از صحت و سقم اسناد صادر و تایید شده اطمینان حاصل نمایند که این امر به تقویت کنترل‌های داخلی کمک می‌کند.
برای دسترسی به گزارش «خلاف ماهیت» از منوی اصلی سیستم، چه مسیری را باید دنبال کرد؟,از مسیر منوی اصلی سیستم / حسابداری مالی / دفتر کل / گزارش‌ها / خلاف ماهیت، می‌توان به این گزارش دسترسی پیدا کرد.
در فیلتر «بازه محاسبه مانده»، سه روش مختلف برای کنترل مانده حساب‌ها کدامند و چه تفاوتی با هم دارند؟,سه روش عبارتند از: ۱. روزانه: مانده حساب در هر روز چک می‌شود و تاریخ دقیق خلاف ماهیت شدن نمایش داده می‌شود. ۲. طی دوره: مانده در بازه تاریخی فیلتر شده کنترل می‌شود. ۳. پایان دوره: مانده حساب در پایان سال مالی فیلتر شده کنترل می‌شود.
چگونه می‌توان گزارش خلاف ماهیت را فقط برای یک نوع تفصیل خاص، مانند «مرکز هزینه»، تهیه کرد؟,از طریق فیلتر اصلی «نوع تفصیل»، می‌توان نوع تفصیل مورد نظر (که شامل تفصیل‌های سیستمی و سایر است) را انتخاب کرد تا گزارش فقط برای آن نوع تفصیل اجرا شود.
در بخش «فیلترهای بیشتر» گزارش خلاف ماهیت، چه گزینه‌هایی برای فیلتر کردن بر اساس ویژگی‌های حساب معین وجود دارد؟,می‌توان ویژگی‌های حساب معین شامل ویژگی پیگیری، ویژگی ارزی و ویژگی مقداری را فیلتر کرد.
برای محدود کردن گزارش به حساب‌های معین «فعال»، کدام فیلتر باید تنظیم شود؟,در بخش «فیلترهای بیشتر»، از فیلتر «وضعیت حساب معین» استفاده کرده و گزینه «فعال» را انتخاب می‌کنیم.
فیلتر «ماهیت حساب» در این گزارش چه کاربردی دارد؟,با این فیلتر می‌توان گزارش را به حساب‌هایی محدود کرد که ماهیت اصلی آن‌ها «بدهکار» یا «بستانکار» تعریف شده است تا موارد خلاف آن ماهیت نمایش داده شوند.
اگر کاربری روش محاسبه مانده را «روزانه» انتخاب کند، چه اطلاعات اضافه‌ای در خروجی گزارش دریافت خواهد کرد؟,در این حالت، خروجی گزارش تاریخ دقیق روزی که حساب در آن خلاف ماهیت شده است را نیز مشخص می‌کند.
از گزارش خلاف ماهیت چه استفاده‌ای می‌توان در فرآیندهای پایان دوره مالی کرد؟,این گزارش به کاربران کمک می‌کند تا لیستی از حساب‌هایی که مانده آن‌ها صحیح نیست را شناسایی کرده و قبل از بستن حساب‌ها، نسبت به اصلاح آن‌ها تصمیم مناسب اتخاذ نمایند.
گزارش «دفاتر قانونی» شامل چه دو نوع گزارش مجزایی است؟,این گزارش شامل «گزارش دفتر روزنامه» و «گزارش دفتر کل» می‌باشد.
تفاوت اصلی محتوای «دفتر روزنامه» و «دفتر کل» طبق تعاریف ارائه شده چیست؟,دفتر روزنامه دربرگیرنده کلیه ثبت‌های مالی است که به صورت روزانه رخ داده‌اند، در حالی که دفتر کل بیانگر مانده هر یک از حساب‌های کل است که در سیستم گردش داشته‌اند.
مهم‌ترین پیش‌نیاز برای اینکه گزارش دفاتر قانونی بتواند اطلاعاتی را نمایش دهد چیست؟,این گزارش بر مبنای اطلاعات سندهای کل تهیه می‌شود و در صورتی که سند کل صادر نشده باشد، گزارش هیچ اطلاعاتی را نمایش نخواهد داد.
گزارش دفاتر قانونی برای کدام نوع دفتر قابل اجراست؟,گزارش دفاتر قانونی فقط برای «دفتر اصلی» قابل اجرا می‌باشد.
در گزارش دفاتر قانونی، چه گزینه‌هایی برای تعیین بازه زمانی گزارش وجود دارد؟,امکان تعیین بازه زمانی گزارش بر اساس «تاریخ» یا «شماره سند کل» وجود دارد.
در صورتی که کاربر تنظیمات پیش‌فرض برای شرکت، دفتر و سال مالی نداشته باشد، هنگام باز کردن فرم گزارش دفاتر قانونی با چه پیامی مواجه می‌شود؟,در این حالت، فیلدهای شرکت، دفتر و سال مالی به رنگ قرمز نمایش داده می‌شوند و کاربر باید قبل از اجرای گزارش، این موارد را انتخاب کند.
وابستگی گزارش دفاتر قانونی به «سندهای کل صادر شده» چه چیزی را در مورد فرآیند حسابداری در این سیستم نشان می‌دهد؟,این وابستگی نشان می‌دهد که در سیستم یک فرآیند تجمیع یا نهایی‌سازی اسناد (صدور سند کل) وجود دارد که باید قبل از تهیه گزارش‌های رسمی و قانونی انجام شود.
مسیر دسترسی به گزارش «اسناد حذف شده» در سیستم چیست؟,برای استفاده از این گزارش باید از مسیر منوی اصلی سیستم / حسابداری مالی / دفتر کل / گزارش‌ها / اسناد حذف شده اقدام کرد.
دو فیلتر اصلی برای اجرای گزارش «اسناد حذف شده» کدامند؟,دو فیلتر اصلی این گزارش عبارتند از: «سال مالی» برای تعیین محدوده سال‌های مالی و «دوره مالی» برای انتخاب دوره مالی مورد نظر.
آیا اسناد حسابداری که در گزارش «اسناد حذف شده» نمایش داده می‌شوند، قابل بازگردانی هستند و گزارش چه سطحی از جزئیات را نشان می‌دهد؟,اسناد حسابداری حذف شده قابلیت بازگردانی ندارند و این گزارش فقط اطلاعات سند حذف شده را در سطح هدر نمایش می‌دهد.
وجود اطلاعاتی مانند «کاربر حذف کننده» و «تاریخ حذف» در گزارش اسناد حذف شده، چه اهمیتی از نظر کنترلی و حسابرسی دارد؟,این اطلاعات به مدیران و حسابرسان اجازه می‌دهد تا فعالیت‌های حذف اسناد را ردیابی کنند، مسئولیت‌ها را مشخص نمایند و از حذف‌های غیرمجاز یا اشتباهی جلوگیری کرده و آن‌ها را پیگیری کنند که این امر به تقویت کنترل‌های داخلی کمک می‌کند.
برای دسترسی به گزارش «تجزیه سنی» از منوی اصلی چه مسیری را باید دنبال کرد؟,از مسیر منوی اصلی سیستم / حسابداری مالی / دفتر کل / گزارش‌ها / تجزیه سنی می‌توان به این گزارش دسترسی پیدا کرد.
یک «حساب معین» برای اینکه در فیلتر گزارش تجزیه سنی قابل انتخاب باشد، باید چه ویژگی خاصی داشته باشد؟,در این فیلتر فقط حساب‌های معینی نمایش داده می‌شوند که در سطح تفصیل با «طرف تجاری» ارتباط داشته باشند.
در گزارش تجزیه سنی، دو روش برای ایجاد «بازه‌های زمانی» جهت دسته‌بندی مطالبات کدامند؟,کاربر می‌تواند با زدن دکمه «جدید»، بازه‌های زمانی دلخواه خود (مانند ۱۵ روزه یا ۱ ماهه) را ایجاد کند، یا با زدن دکمه «ایجاد دوره‌های مالی»، بازه‌های تعریف شده در سال مالی را به صورت خودکار ایجاد نماید.
پس از ایجاد بازه‌های زمانی در گزارش تجزیه سنی، کاربر باید چه اطلاعاتی را برای هر بازه وارد کند تا محاسبات انجام شود؟,کاربر باید «درصد ذخیره» را برای هر دوره یا بازه زمانی بر اساس سیاست‌های شرکت وارد کند.
گزارش تجزیه سنی چگونه «مطالبات مشکوک الوصول» را محاسبه می‌کند؟,در صورت انجام آنالیز، سیستم مانده بدهکار آنالیز نشده در هر بازه زمانی را در درصد ذخیره مشخص شده برای همان بازه ضرب کرده و مبلغ مطالبات مشکوک الوصول را محاسبه می‌کند.
آیا انجام عملیات «آنالیز حساب‌ها» قبل از تهیه گزارش تجزیه سنی الزامی است؟ توضیح دهید.,خیر، الزامی نیست. اگر کاربر به آنالیز دقیق نیاز داشته باشد، باید ابتدا آن را انجام دهد. در غیر این صورت، گزارش تجزیه سنی به صورت خودکار یک آنالیز بر اساس مبلغ انجام می‌دهد.
اگر کاربر در فیلتر «طرف تجاری» شخص خاصی را انتخاب نکند، گزارش چگونه نمایش داده می‌شود؟,در صورت عدم انتخاب طرف تجاری، گزارش تمام طرف‌های تجاری را که دارای گردش هستند، به ترتیب نمایش می‌دهد.
در فیلتر «ارز اصلی گزارش»، تفاوت بین انتخاب «ارز عملیاتی» و «ارز مبنا» چیست؟,اگر «ارز عملیاتی» انتخاب شود، ارز از تنظیمات شرکت خوانده می‌شود. اگر «ارز مبنا» انتخاب شود، کاربر می‌تواند ارز مورد نظر خود را برای گزارش‌گیری انتخاب کند.
فیلتر «نقش طرف تجاری» چه تأثیری بر خروجی گزارش تجزیه سنی دارد؟,با استفاده از این فیلتر، می‌توان نقش خاصی را برای طرف تجاری انتخاب کرد تا گزارش فقط گردش‌های مربوط به آن نقش انتخابی را نمایش دهد.
در خروجی گزارش تجزیه سنی، علاوه بر مقادیر دسته‌بندی شده در بازه‌های زمانی، چه اطلاعات دیگری در مورد بدهکار و بستانکار نمایش داده می‌شود؟,گزارش مقادیر «بدهکار آنالیز شده» و «بستانکار آنالیز شده» در دوره‌های زمانی و همچنین مقادیر «بدهکار و بستانکار آنالیز نشده» را نمایش می‌دهد.
محدودیت فیلتر «حساب معین» به حساب‌های مرتبط با «طرف تجاری» چه چیزی را در مورد کاربرد اصلی این گزارش نشان می‌دهد؟,این محدودیت نشان می‌دهد که گزارش تجزیه سنی به طور خاص برای تحلیل و پیگیری مطالبات و بدهی‌های مرتبط با اشخاص و شرکت‌های طرف معامله (مانند مشتریان و فروشندگان) طراحی شده است، نه برای تحلیل تمام انواع حساب‌ها.
تکیه گزارش بر مفهوم «بدهکار آنالیز نشده» برای محاسبه ذخیره مطالبات، چه چیزی را در مورد ماهیت تراکنش‌های «آنالیز شده» نشان می‌دهد؟,این موضوع نشان می‌دهد که تراکنش‌های «آنالیز شده» احتمالاً به عنوان تسویه شده یا تخصیص داده شده در نظر گرفته می‌شوند و بنابراین در محاسبه مطالبات مشکوک الوصول لحاظ نمی‌گردند و تنها مانده‌های باز (آنالیز نشده) مبنای محاسبه قرار می‌گیرند.
کاربر از چه مسیری می تواند وارد صفحه تنظیمات شخصی خود شود؟,از مسیر پروفایل کاربری/تنظیمات کاربر، می‌توان وارد صفحه تنظیمات کاربر شد.
برای هر شرکت ثبت شده در قفل نرم افزار، چند مجموعه اطلاعات پیش فرض می توان تعریف کرد؟,به ازای هر شرکت فقط یک اطلاعات پیش فرض می‌تواند وجود داشته باشد.
فرآیند تعریف یک مجموعه اطلاعات پیش فرض جدید برای یک شرکت چگونه است؟,ابتدا کلید جدید در گوشه سمت چپ فرم را انتخاب کرده، سپس شرکت، دفتر، سال مالی و شعبه مورد نظر را مشخص و اطلاعات را ذخیره کرد.
"در صورتی که برای چند شرکت، تنظیمات پیش فرض متفاوتی وجود داشته باشد، کاربرد گزینه ""پیش فرض اصلی"" چیست؟","یکی از تنظیمات را می‌توان به عنوان ""پیش فرض اصلی"" انتخاب کرد تا با باز کردن هر فرمی، اطلاعات با آن تنظیمات به صورت خودکار تکمیل شود."
آیا کاربر ملزم به استفاده از اطلاعات پیش‌فرضی است که هنگام باز کردن یک فرم نمایش داده می‌شود؟,خیر، کاربر می‌تواند اطلاعات فراخوانی شده را تغییر دهد و شرکت، دفتر، سال مالی یا شعبه مورد نظر خود را انتخاب کند.
مزیت اصلی استفاده از تنظیمات پیش فرض کاربر چیست؟,عدم نیاز به انجام تنظیمات اولیه مثل انتخاب شرکت، دفتر، سال مالی و شعبه با هر بار باز کردن یک فرم جدید.
در فرم سند حسابداری، اگر کاربر اطلاعات پیش فرض (مثلاً شعبه) را تغییر دهد، این تغییر تا چه زمانی معتبر باقی می‌ماند؟,تا زمانی که کاربر در همان صفحه سند حسابداری و فهرست آن جابجا شده و سند جدید ثبت کند، فرم با اطلاعات تغییر داده شده باز می‌شود.
در چه صورتی اطلاعات فرم سند حسابداری، پس از تغییر توسط کاربر، مجدداً به مقادیر پیش فرض اولیه باز می‌گردد؟,در صورتی که کاربر فرم سند حسابداری را مجدداً از منوی اصلی باز کند، اطلاعات به حالت پیش فرض اولیه که در تنظیمات کاربر ذخیره شده برمی‌گردد.
در گزارش مقایسه‌ای، چه نوع مبالغی را می‌توان برای مقایسه انتخاب کرد؟,کاربر می‌تواند نوع مبلغی که می‌خواهد مقایسه کند را از میان سه گزینه انتخاب نماید: «مانده»، «گردش بدهکار» و «گردش بستانکار».
سه روش برای تعریف «نوع بازه زمانی» جهت مقایسه در این گزارش کدامند؟,سه روش عبارتند از: ۱. سال مالی: برای مقایسه سال‌های مالی با یکدیگر. ۲. دوره مالی: برای مقایسه دوره‌های مالی تعریف شده در یک سال. ۳. بازه‌ای: کاربر بازه‌های زمانی مورد نظر خود را به صورت دستی تعریف می‌کند.
تفاوت بین «گزارش ساده» و «گزارش تحلیلی» در این سیستم چیست؟,در گزارش ساده، مبالغ هر بازه در ستون‌های مجزا نمایش داده می‌شود. در گزارش تحلیلی، علاوه بر این، امکان نمایش مبلغ و درصد تغییرات بین بازه‌ها و نمایش مقایسه‌ای بازه‌های متوالی در کنار هم وجود دارد.
در «گزارش تحلیلی»، سه گزینه برای نمایش جزئیات مقایسه کدامند؟,سه گزینه عبارتند از: «نمایش مبالغ» (برای نمایش بازه‌های متوالی کنار هم)، «نمایش مبلغ تغییر» (برای نمایش اختلاف مبلغی بین دو بازه) و «نمایش درصد تغییر» (برای نمایش اختلاف درصدی بین دو بازه).
فعال کردن گزینه «نمایش تجمیعی مبالغ» چه تأثیری بر اعداد گزارش دارد؟,با انتخاب این گزینه، اعداد به صورت تجمیعی نمایش داده می‌شوند، به طوری که مبلغ هر بازه، جمع مبالغ آن بازه با تمام بازه‌های زمانی قبلی است.
برای انجام مقایسه بر اساس «سال مالی»، چه شرطی در فیلترها باید رعایت شود؟,برای اجرای گزارش با نوع بازه زمانی «سال مالی»، باید در فیلتر مربوطه، بازه زمانی بیشتر از یک سال مالی انتخاب شود.
در گزارش تحلیلی، گزینه «نمایش مبالغ» چگونه داده‌ها را برای مقایسه بهتر مرتب می‌کند؟,این گزینه مبالغ هر بازه را با بازه بعدی در ستون‌های کنار هم نمایش می‌دهد. برای مثال، اگر بازه‌ها ماهانه باشند، یک ستون به مقایسه فروردین و اردیبهشت و ستون بعدی به مقایسه اردیبهشت و خرداد اختصاص می‌یابد.
در بخش «فیلترهای بیشتر»، کدام وضعیت‌های سند را می‌توان برای گزارش‌گیری انتخاب کرد و کدام وضعیت همیشه مستثنی است؟,می‌توان اسناد با وضعیت‌های «موقت»، «بررسی شده» و «قطعی شده» را گزارش گرفت، اما اسناد با وضعیت «یادداشت» در گزارش‌ها نمایش داده نمی‌شوند.
چگونه می‌توان در گزارش مقایسه‌ای، فقط حساب‌های معینی را مشاهده کرد که دارای ویژگی «ارزی» هستند؟,در بخش «فیلترهای بیشتر»، با انتخاب فیلتر «ویژگی ارزی»، گزارش فقط معین‌هایی را نمایش می‌دهد که این ویژگی را دارند.
فرآیند اولویت‌بندی و فیلتر کردن حساب‌ها در گزارش مقایسه‌ای چگونه انجام می‌شود؟,کاربر ابتدا با دکمه افزودن، سطح اولویت (مانند گروه حساب، کل، معین) را اضافه می‌کند و سپس با انتخاب آن اولویت، می‌تواند در سمت راست صفحه، حساب‌های مورد نظر خود در آن سطح را برای نمایش در گزارش فیلتر کند.
یک مدیر مالی می‌خواهد رشد درآمدها را به صورت فصلی در یک سال مالی تحلیل کند. او باید چه تنظیماتی را در بخش «نوع بازه زمانی» و «نوع مبلغ» اعمال کند؟,او باید در «نوع بازه زمانی» گزینه «دوره مالی» را انتخاب کند (با فرض تعریف فصل‌ها به عنوان دوره مالی) و در «نوع مبلغ»، گزینه «گردش بستانکار» را برای بررسی درآمدها انتخاب نماید.
در گزارش تراز آزمایشی، اطلاعات حساب‌ها در چه سطوحی طبقه‌بندی و نمایش داده می‌شوند؟,اطلاعات کد و عنوان حساب‌ها شامل گروه حساب، حساب کل، حساب معین، تفصیل‌ها (سیستمی و سایر) و شعبه نمایش داده می‌شود.
برای هر حساب در گزارش تراز آزمایشی، چه اقلام مالی مشخصی محاسبه و ارائه می‌گردد؟,برای هر حساب در پایین‌ترین سطح، مبالغ افتتاحیه بدهکار، افتتاحیه بستانکار، بدهکار قبل از دوره، بستانکار قبل از دوره، گردش بدهکار (طی دوره)، گردش بستانکار (طی دوره)، مانده بدهکار، مانده بستانکار و مانده نمایش داده می‌شود.
چگونه می‌توان در سیستم به گزارش تراز آزمایشی دسترسی پیدا کرد؟,برای استفاده از گزارش تراز آزمایشی باید از مسیر منوی اصلی سیستم / حسابداری مالی / دفتر کل / گزارش‌ها / تراز آزمایشی اقدام نمود.
قابلیت انتخاب شرکت و دفتر در بالای فرم گزارش چه امکانی را برای کاربر فراهم می‌کند؟,این قابلیت به کاربر امکان می‌دهد تا شرکت و دفتر مورد نظر خود را انتخاب کرده و اطلاعات گزارش تراز آزمایشی را به صورت تفکیک شده فقط برای آن شرکت و دفتر مشاهده نماید.
"فیلتر ""ارز اصلی گزارش"" چه تأثیری بر اطلاعات نمایش داده شده دارد و چه گزینه‌هایی را ارائه می‌دهد؟",این فیلتر مشخص می‌کند که تمام اطلاعات گزارش بر اساس چه ارزی نمایش داده شود. به صورت پیش‌فرض ارز عملیاتی انتخاب شده است، اما در صورت تعریف، می‌توان ارزهای گزارشگری اول و دوم را نیز انتخاب کرد.
"در فیلتر ""نوع بازه زمانی"" چه تفاوتی بین انتخاب ""تاریخ"" و ""دوره مالی"" وجود دارد؟","در صورت انتخاب ""تاریخ""، کاربر می‌تواند با تعیین تاریخ شروع و پایان، محدوده زمانی دلخواه خود را برای گزارش مشخص کند. اما در صورت انتخاب ""دوره مالی""، کاربر باید یکی از دوره‌های مالی از پیش تعریف شده در سیستم را انتخاب نماید."
"در چه صورتی ستون‌های ""بدهکار قبل از دوره"" و ""بستانکار قبل از دوره"" در گزارش مقادیر را نمایش می‌دهند؟",این مقادیر در صورتی نمایش داده می‌شوند که بازه زمانی انتخاب شده برای گزارش (از طریق فیلتر تاریخ و دوره مالی) یک دوره میانی در طی سال مالی باشد.
پس از اجرای گزارش تراز آزمایشی، چه امکانی برای خروجی گرفتن از اطلاعات فراهم می‌شود؟,"بعد از اجرای گزارش، گزینه ""ارسال به اکسل"" در قسمت بالای گزارش فعال می‌شود که به کاربر اجازه می‌دهد اطلاعات نمایش داده شده را به یک فایل اکسل منتقل کند."
از اینکه گزارش تراز آزمایشی به عنوان پیش‌نیاز تهیه صورت‌های مالی معرفی شده است، چه استنتاجی در مورد اهمیت و جایگاه آن می‌توان کرد؟,این موضوع نشان می‌دهد که صحت و درستی اطلاعات مندرج در گزارش تراز آزمایشی، مبنای اصلی و زیربنای تهیه صورت‌های مالی قابل اتکا و صحیح است و کنترل آن برای اطمینان از برابری جمع مانده‌های بدهکار و بستانکار حیاتی می‌باشد.
دو جزء اصلی تشکیل‌دهنده عملیات پایان دوره کدامند؟,عملیات پایان دوره شامل دو اقدام اصلی است: بستن حساب‌های موقت و صدور اسناد اختتامیه و افتتاحیه.
در فرآیند پایان دوره مالی، چه سرنوشتی برای مانده حساب‌های موقت و دائم رقم می‌خورد؟,مانده حساب‌های موقت صفر شده و سود یا زیان ناشی از آن‌ها شناسایی می‌گردد، در حالی که مانده حساب‌های دائم به دوره مالی بعدی منتقل می‌شود.
هدف نهایی از رسیدگی به حساب‌های موقت طی عملیات پایان دوره چیست؟,هدف اصلی از این کار، شناسایی و تعیین میزان دقیق سود یا زیان حاصل از فعالیت‌های مرتبط با این حساب‌ها در طول سال مالی است.
چه زمانی می‌توان عملیات بستن حساب‌های موقت را انجام داد؟,این عملیات هم در طی دوره مالی و هم در پایان سال مالی قابل انجام است.
پیش‌نیاز اصلی برای صدور سند بستن حساب‌های موقت در سیستم چیست و از چه مسیری قابل تعریف است؟,"پیش‌نیاز اصلی، تعریف ""الگوی بستن حساب"" است که از مسیر منوی اصلی سیستم/ حسابداری مالی/دفتر کل/عملیات پایان دوره/ الگوی بستن حساب‌های موقت انجام می‌شود."
"در هنگام تعریف یک ""الگوی بستن حساب"" جدید، چه اطلاعاتی در سربرگ فرم وارد می‌شود؟",در سربرگ فرم معرفی الگو، کد و عنوان الگو مشخص می‌گردد.
چگونه می‌توان یک الگوی بستن حساب را به عنوان انتخاب پیش‌فرض برای صدور سند تعیین کرد؟,"با انتخاب دکمه ""پیش فرض"" در فرم معرفی الگو، آن الگو در زمان صدور سند بستن حساب‌ها به صورت انتخاب شده نمایش داده می‌شود."
در فرآیند تعریف الگوی بستن حساب، انتخاب حساب‌های مورد نظر برای بستن به چه دو روشی امکان‌پذیر است؟,"انتخاب اقلام حساب‌ها می‌تواند به صورت ""قلم به قلم"" با استفاده از گزینه ""جدید"" و یا به صورت ""گروهی"" با استفاده از گزینه ""افزودن گروهی"" انجام شود."
پس از انتخاب حساب‌های موقت برای بستن، حساب طرف مقابل آن چه نام دارد و معمولاً کدام حساب انتخاب می‌شود؟,"حساب طرف مقابل با عنوان ""حساب مقابل بستن"" انتخاب می‌شود که همان ""حساب سود و زیان جاری"" خواهد بود."
متن به امکان تعریف یک الگوی دیگر علاوه بر الگوی بستن حساب‌های موقت اشاره دارد. این الگوی دوم برای چه منظوری است؟,"می‌توان یک الگوی دیگر برای بستن حساب ""سود و زیان جاری"" به حساب ""سود و زیان انباشته"" نیز تعریف کرد."
پس از تعریف الگو، برای صدور سند بستن حساب‌های موقت از چه مسیری باید اقدام کرد؟,از مسیر منوی اصلی / عملیات پایان دوره/ بستن حساب‌های موقت باید اقدام نمود.
در صفحه صدور سند بستن حساب‌ها، چه اطلاعاتی به صورت خودکار بر اساس پروفایل کاربر فراخوانی می‌شوند؟,در قسمت بالای صفحه، شرکت، دفتر و سال مالی با توجه به اطلاعات پیش‌فرض کاربر فراخوانی می‌شوند.
"در صفحه صدور سند، تعیین ""تا تاریخ"" چه تاثیری بر سایر فیلدها دارد؟","با مشخص کردن فیلد ""تا تاریخ""، فیلد ""تاریخ سند"" نیز به صورت پیش‌فرض با همان تاریخ پر می‌شود."
"پس از کلیک بر روی گزینه ""صدور سند""، سیستم چه بازخوردی به کاربر می‌دهد؟",صفحه‌ای باز می‌شود که سند صادر شده را نمایش می‌دهد و در صورتی که خطایی در این فرآیند وجود داشته باشد، در همان صفحه مشخص می‌شود.
"از امکان ویرایش ""شرح سند"" هم در الگوی بستن حساب و هم در فرم صدور سند، چه استنباطی در مورد انعطاف‌پذیری سیستم می‌توان کرد؟",این قابلیت نشان می‌دهد که سیستم به کاربر اجازه می‌دهد تا توضیحات پیش‌فرض را مطابق با نیازها و استانداردهای خاص خود تغییر دهد و اسناد را با شرح دلخواه صادر نماید.
"فرآیند ""عملیات پایان سال"" به ترتیب شامل چه چهار مرحله‌ای است؟",این فرآیند شامل چهار مرحله به ترتیب: تعدیل ماهیت پایان سال، اختتامیه، افتتاحیه، و تعدیل ماهیت ابتدای سال می‌باشد.
"مرحله ""تعدیل ماهیت پایان سال"" برای چه نوع حساب‌هایی کاربرد دارد؟",این مرحله برای حساب‌هایی به کار می‌رود که خلاف ماهیت شده‌اند، قابل اصلاح نیستند و لازم است مانده آنها به همین شکل به سال مالی بعد منتقل شود.
"در چه صورتی صدور سند ""تعدیل ماهیت پایان سال"" برای کاربر اجباری می‌شود؟","در صورتی که در تنظیمات دفتر کل، گزینه ""کنترل حساب‌های خلاف ماهیت شده در زمان صدور سند اختتامیه"" فعال شده باشد، صدور این سند اجباری خواهد بود."
سازوکار انتقال مانده یک حساب خلاف ماهیت به سال بعد و بازگشت آن در ابتدای سال جدید چگونه است؟,در سند تعدیل ماهیت پایان سال، مانده خلاف ماهیت به یک حساب طرف مقابل منتقل می‌شود و سپس در ابتدای سال جدید، با سند تعدیل ماهیت ابتدای سال، همان مانده مجدداً به حساب معین اولیه خود بازگردانده می‌شود.
در رابط کاربری عملیات پایان سال، وضعیت تکمیل موفقیت‌آمیز یک مرحله چگونه به کاربر نمایش داده می‌شود؟,مرحله‌ای که با موفقیت انجام شده باشد، در قسمت راست صفحه به رنگ سبز در می‌آید.
پس از صدور سندی مانند سند اختتامیه، سیستم چه اطلاعات و گزینه‌هایی را در اختیار کاربر قرار می‌دهد؟,پس از صدور سند، اطلاعات آن نمایش داده می‌شود و کاربر این امکان را دارد که از قسمت بالا و سمت چپ صفحه، سند صادر شده را حذف نماید.
در مرحله صدور سند اختتامیه، کدام فیلدها به صورت پیش‌فرض مقداردهی شده و کدام قابل ویرایش هستند؟,تاریخ سند به صورت پیش‌فرض با تاریخ پایان سال مالی و شرح سند با یک متن پیش‌فرض تکمیل می‌شوند. کاربر می‌تواند در صورت نیاز شماره فرعی را وارد کرده و شرح سند را ویرایش کند.
اگر کاربری در مرحله صدور سند افتتاحیه با این مشکل مواجه شود که سال مالی بعد تعریف نشده است، سیستم چه راهکاری ارائه می‌دهد؟,"در این حالت، صفحه‌ای باز می‌شود که یک لینک برای هدایت به فرم ""تعریف سال مالی"" ارائه می‌دهد تا کاربر بتواند سال مالی بعد را تعریف کرده و سپس به ادامه عملیات بپردازد."
تاریخ پیش‌فرض برای صدور سند افتتاحیه چه تاریخی است؟,تاریخ این سند به صورت پیش‌فرض، روز اول سال مالی بعد (1/1) در نظر گرفته می‌شود.
رابطه متقابل بین مرحله اول (تعدیل ماهیت پایان سال) و مرحله چهارم (تعدیل ماهیت ابتدای سال) چیست؟,این دو مرحله عملکردی معکوس یکدیگر دارند؛ مرحله چهارم، عملیات انجام شده در مرحله اول را خنثی می‌کند تا مانده حساب در ابتدای سال جدید به حساب اولیه خود بازگردد.
وجود توضیحات راهنما در بالای هر یک از چهار مرحله عملیات پایان سال، چه مزیتی برای کاربر دارد؟,این توضیحات که شامل هدف، پیش‌نیازها و ویژگی‌های سند هر مرحله است، به کاربر کمک می‌کند تا با آگاهی کامل و با احتمال خطای کمتر، فرآیند را به درستی به اتمام برساند.
اداره کسب‌وکار از طریق شرکت‌های متعدد چه چالش عمده‌ای را برای مدیران ایجاد می‌کند؟,این تنوع در پوشش‌دهی چرخه تولید و عرضه، می‌تواند پیچیدگی‌های مدیریتی بالایی برای صاحبان کسب‌‌وکار ایجاد کند.
یک راهکار نرم‌افزاری با ویژگی چند شرکتی، چگونه به افزایش یکپارچگی و بهره‌وری در یک گروه تجاری کمک می‌کند؟,این راهکار با جلوگیری از ثبت اطلاعات تکراری در شرکت‌های گروه، منجر به افزایش یکپارچگی اطلاعات و بهره‌وری می‌شود.
سیستم‌های چند شرکتی چه نقشی در تسهیل عملیات و معاملات داخلی یک گروه از شرکت‌ها دارند؟,این سیستم‌ها، عملیات و معاملات درون گروهی را تسهیل و تقویت می‌کنند.
مهم‌ترین مزیتی که گزارش‌گیری در یک سیستم چند شرکتی برای مدیران ارشد فراهم می‌کند چیست؟,این سیستم‌ها از طریق تهیه گزارشات مختلف در سطح تمام شرکت‌های زیرمجموعه، یک دید ۳۶۰ درجه از عملکرد و وضعیت کل گروه را در زمان واقعی ارائه می‌دهند.
تغییرات مربوط به قابلیت چند شرکتی در سیستم در چه سه بخش اصلی اعمال شده است؟,این تغییرات در سه بخش اعمال شده‌اند: اطلاعات پایه چند شرکتی، ثبت عملیات و تعاملات بین شرکت‌ها، و گزارشات تجمیعی و تلفیقی.
از مزایای ذکر شده برای یک راهکار چند شرکتی، چه استنباطی در مورد ریسک‌های عدم استفاده از آن در یک هلدینگ می‌توان داشت؟,می‌توان استنباط کرد که عدم استفاده از چنین سیستمی منجر به مشکلاتی مانند داده‌های تکراری، عدم یکپارچگی اطلاعات، کاهش بهره‌وری، دشواری در اعمال سیاست‌های کلان و نبود دید جامع و آنی از عملکرد کل مجموعه می‌شود.
اولین قدم در راه‌اندازی عملیات چند شرکتی چیست و چه کاربردهایی دارد؟,اولین قدم، مشخص کردن شرکت‌های عضو گروه است که کاربرد آن در وهله اول تخصیص ارز، نوع نرخ ارز و انواع سند پیش‌فرض به شرکت‌ها و در وهله بعد استفاده از آن برای تعاملات بین شرکت‌ها است.
"فرآیند ""نگاشت و ایجاد اطلاعات اولیه"" برای یک شرکت عضو گروه چه ویژگی مهمی دارد؟",این امکان به ازای هر شرکت فقط یکبار انجام می‌شود و پس از انجام نگاشت، غیر فعال شده و دیگر امکان تغییر ندارد.
"در فرآیند نگاشت یک شرکت عضو گروه، ""شخص حقوقی"" از کجا انتخاب می‌شود؟",شخص حقوقی از فهرست اشخاص حقوقی که قبلاً در سیستم تعریف شده است، انتخاب می‌گردد.
راهکار سیستم برای مدیریت اطلاعات یک شخص واحد که در شرکت‌های مختلف گروه نقش‌های متفاوتی (مثلاً مشتری در یک شرکت و تامین‌کننده در شرکت دیگر) دارد، چیست؟,"برای تحقق همزمان یکپارچگی و انعطاف‌پذیری، از روش ""گسترش"" (Extend) استفاده می‌شود؛ اطلاعات اصلی شخص یک بار مشترک تعریف شده و سپس هر شرکت آن را به خود گسترش داده و ویژگی‌های خاص مانند نقش را برای خود تعیین می‌کند."
در تعریف اشخاص، چه اطلاعاتی در سطح گروه (مشترک) و چه اطلاعاتی پس از تخصیص به شرکت تکمیل می‌شود؟,در سطح گروه، اطلاعات اصلی و نشانی تکمیل می‌شود. پس از تخصیص به شرکت‌ها، اطلاعاتی نظیر نقش، حساب بانکی و اطلاعات تفصیل نیز می‌تواند تکمیل گردد.
"وضعیت تعریف ""ارز"" در یک سیستم چند شرکتی چگونه است و آیا به شرکت یا سال مالی خاصی وابسته است؟",اطلاعات ارز در همه شرکت‌ها مشترک و قابل مشاهده است و به هیچ شرکت، دفتر یا سال مالی خاصی وابسته نیست.
"کدام ""نوع نرخ ارز"" و کدام ""ارز عملیاتی"" به صورت پیش‌فرض با نگاشت اطلاعات اولیه برای همه شرکت‌های گروه ایجاد می‌گردد؟","نوع نرخ ارز ""میانگین"" و ارز عملیاتی سیستم (ریال) به صورت پیش‌فرض برای همه شرکت‌ها ایجاد می‌گردد."
برای ایجاد یک نوع نرخ ارز جدید (مانند نیمایی) و تخصیص آن به یک شرکت خاص، چه مراحلی باید طی شود؟,"ابتدا نوع نرخ ارز جدید در سطح گروه (اطلاعات اصلی) تعریف می‌شود. سپس پس از ذخیره، با استفاده از گزینه ""ایجاد اطلاعات شرکت""، آن را به شرکت مورد نظر تخصیص می‌دهیم."
پس از تخصیص یک نوع نرخ ارز به یک شرکت، چه گزینه‌های جدیدی برای تنظیم در سطح همان شرکت ظاهر می‌شود؟,"گزینه‌های ""امکان محاسبه غیر مستقیم"" و ""پیش فرض"" اضافه می‌شوند که باید در سطح شرکت تعیین گردند."
ساختار کدینگ حساب‌ها (ساختار حساب‌ها) در سیستم چند شرکتی تا چه سطحی در گروه (Master) تعریف می‌شود؟,"ساختار کدینگ شرکت‌ها تا سطح ""معین"" در سطح گروه (Master) تعریف و به شرکت‌ها تخصیص می‌یابد."
آیا شرکت‌ها می‌توانند ساختار حساب تخصیص‌یافته را حذف یا تغییر دهند؟ چه اختیاراتی در این زمینه دارند؟,خیر، شرکت‌ها امکان تغییر و حذف ساختار حساب تخصیص‌یافته را ندارند، اما می‌توانند معین‌های بلااستفاده را غیرفعال کنند یا تفصیلی‌های بیشتری به آنها ارتباط دهند.
کدام ویژگی‌های یک حساب معین در سطح مشترک (گروه) و کدام ویژگی‌ها در سطح شرکت تعریف می‌شوند؟,در سطح مشترک فقط نوع حساب، ماهیت حساب، ویژگی ارزی و قلم پولی مشخص می‌شود. سایر ویژگی‌ها مانند کنترلی و پیگیری در سطح شرکت و با توجه به سیاست‌های آن تعیین می‌گردد.
"نقش ""دفتر"" در فرآیند تخصیص ساختار حساب به شرکت‌ها چیست؟","""دفتر"" در سطح گروه تعریف شده و به یک ساختار حساب مشخص تخصیص می‌یابد. سپس با تخصیص این دفتر به یک شرکت، آن ساختار حساب نیز به صورت خودکار به آن شرکت تخصیص داده می‌شود."
"در فرم تعریف ""دفتر - اطلاعات اصلی"" چه اطلاعات کلیدی باید مشخص شود؟",کد، عنوان دفتر، ساختار حساب مورد نظر و ارز اصلی دفتر باید مشخص گردد.
"بر اساس جدول دسته‌بندی نهایی، کدام موجودیت‌ها صرفاً در سطح ""شرکت"" تعریف می‌شوند؟",مرکز هزینه، پروژه، شعبه، نرخ تبدیل ارز، حساب‌های تفصیل، سال مالی، روش کدگذاری تفصیل‌ها و تنظیمات ماژول‌ها.
"بر اساس جدول دسته‌بندی نهایی، کدام موجودیت‌ها به صورت ""مشترک"" در سطح ""گروه"" تعریف می‌شوند؟",بانک و شعبه بانک، نوع تفصیل، سال مالی گروه، روش تجمیع اطلاعات و مناطق جغرافیایی.
"تفاوت بین روش ""گسترش خودکار"" و ""گسترش دستی"" چیست و برای کدام موجودیت‌ها به کار می‌روند؟",در گسترش خودکار، اطلاعات به صورت اتوماتیک به همه شرکت‌ها تخصیص می‌یابد (مانند ارز و ساختار حساب). در گسترش دستی، کاربر باید به صورت دستی اطلاعات را به شرکت‌های مورد نیاز تخصیص دهد (مانند اشخاص، کالا، نوع نرخ ارز، نوع سند و دفتر).
نقش تجاری یک شخص (مشتری، فروشنده و غیره) در چه سطحی از اطلاعات تعریف می‌شود؟,نقش طرف تجاری (اشخاص حقیقی/ حقوقی) در سطح شرکت و با توجه به نیازمندی‌های آن شرکت مشخص می‌گردد.
از اینکه برخی ویژگی‌های حساب معین در سطح گروه و برخی دیگر در سطح شرکت تعریف می‌شوند، چه استنباطی در مورد فلسفه طراحی سیستم می‌توان کرد؟,این طراحی نشان می‌دهد که سیستم به دنبال ایجاد یکپارچگی در اصول اساسی حسابداری (مانند نوع و ماهیت حساب) در کل گروه است، اما به هر شرکت اجازه می‌دهد تا سیاست‌های کنترلی و عملیاتی خاص خود را (مانند کنترل ماهیت و ماژول‌های صادرکننده) به صورت مستقل پیاده‌سازی کند.
در فرم ثبت سند حسابداری جدید در حالت چند شرکتی، چه اطلاعاتی در بالای صفحه برای تعیین زمینه سند قابل مشاهده و تغییر است؟,در بالا و سمت راست صفحه، نام شرکت، سال مالی و دفتر مشخص می‌شود که همگی قابل تغییر هستند.
تفاوت اصلی یک قلم (ردیف) سند حسابداری در حالت چند شرکتی نسبت به حالت عادی چیست؟,"تفاوت اصلی، وجود ستونی با عنوان ""شرکت عضو گروه"" در قلم سند حسابداری است."
"در چه شرایطی ستون ""شرکت عضو گروه"" در یک ردیف سند به صورت خودکار تکمیل می‌شود؟",اگر حساب معین انتخاب شده دارای تفصیل طرف تجاری از نوع شخص حقوقی باشد و آن شخص حقوقی، خود یکی از شرکت‌های عضو گروه باشد، این ستون به صورت خودکار تکمیل می‌شود.
"چه زمانی کاربر کنترل خود را بر روی ستون ""شرکت عضو گروه"" از دست می‌دهد و این فیلد غیرقابل ویرایش می‌شود؟",در صورتی که حساب معین انتخاب شده، تفصیل طرف تجاری داشته باشد، این ستون غیرفعال شده و اطلاعات آن فقط به صورت خودکار از طرف تجاری فراخوانی می‌شود و امکان تغییر ندارد.
"اگر در یک ردیف سند حسابداری، طرف تجاری انتخاب شده یک شرکت خارجی (خارج از گروه) باشد، وضعیت ستون ""شرکت عضو گروه"" چگونه خواهد بود؟","در این حالت، ستون ""شرکت عضو گروه"" خالی و غیرفعال باقی می‌ماند."
"در چه حالتی کاربر این امکان را دارد که به صورت دستی، یک شرکت را در ستون ""شرکت عضو گروه"" انتخاب یا ویرایش کند؟",در صورتی که حساب معین انتخاب شده در آن ردیف، فاقد تفصیل طرف تجاری باشد.
"از منطق فعال و غیرفعال شدن ستون ""شرکت عضو گروه"" چه استنباطی می‌توان در مورد اولویت‌بندی سیستم برای شناسایی تعاملات درون‌گروهی کرد؟",استنباط می‌شود که اولویت اصلی سیستم برای شناسایی این تعاملات، تعاریف ساختاری و ارتباط بین حساب معین و تفصیل طرف تجاری است. تنها در صورتی که این ارتباط از پیش تعریف نشده باشد، سیستم به کاربر اجازه ورود دستی اطلاعات را می‌دهد.
"دو پیش‌نیاز اصلی که باید قبل از تهیه گزارش ""مرور حساب گروه"" در سیستم تعریف شوند، کدامند؟","ابتدا نیاز است ""سال مالی گروه"" و ""روش تجمیع اطلاعات"" در سیستم تعریف شود."
"هدف از تعریف ""سال مالی گروه"" چیست و برای تعریف آن چه اطلاعاتی اجباری است؟","هدف، ایجاد یک چهارچوب زمانی برای گزارش‌گیری در سطح گروه است. در فرم تعریف آن، وارد کردن ""عنوان"" و ""سال"" اجباری می‌باشد."
"چرا تعریف ""روش تجمیع اطلاعات"" در یک گروه شرکتی که شرکت‌های آن بازه‌های مالی متفاوتی دارند (مثلا شمسی و میلادی) ضروری است؟",زیرا نیاز است دوره‌های مالی متفاوت شرکت‌ها در جایی تعیین شود تا اطلاعات با توجه به این بازه‌های زمانی متفاوت، به درستی در گزارش تجمیعی فراخوانی و جمع‌آوری شود.
"در تعریف یک ""روش تجمیع""، پس از ورود عنوان و نوع تقویم، چه اقدامی برای افزودن شرکت‌ها انجام می‌شود؟",در قسمت اقلام، با انتخاب گزینه جدید، هر یک از شرکت‌های عضو گروه انتخاب شده و دوره مالی مرتبط با آن شرکت مشخص می‌گردد.
"یک ""روش تجمیع اطلاعات"" تعریف شده، برای چه بازه زمانی قابلیت جمع‌آوری اطلاعات را دارد؟",این روش می‌تواند اطلاعات را از کوچکترین تاریخ شروع دوره در بین شرکت‌ها تا بزرگترین تاریخ پایان دوره در بین آنها جمع‌آوری کند.
"چه تفاوتی در فیلترهای گزارش ""مرور حساب گروه"" نسبت به گزارش مرور حساب تک شرکتی وجود دارد؟",این گزارش در سطح دفتر اجرا می‌شود و شرکت انتخاب نمی‌شود، ارز اصلی گزارش شامل ارزهای کل شرکت‌ها است، و فیلترهای جدیدی مانند روش تجمیع و سال مالی گروه به آن اضافه شده است.
"در خروجی گزارش ""مرور حساب گروه""، چه ستونی به گام‌های مرور اضافه شده و چه قابلیتی را فراهم می‌کند؟","ستون ""شرکت"" اضافه شده است که به کاربر امکان می‌دهد با انتخاب یک یا چند شرکت، گزارش را فقط برای گردش‌های مربوط به شرکت‌های منتخب مشاهده کند."
"هدف اصلی از ارائه ""گزارش تطبیق حساب‌های درون گروهی"" چیست؟",هدف این است که عملیات شناسایی و بررسی حساب‌های بین گروهی، که معمولاً فرآیندی زمان‌بر و پرهزینه است، به شکل لحظه‌ای و با صرف کمترین وقت و هزینه انجام شود.
"پیش‌نیاز تعریف در سیستم برای تهیه ""گزارش تطبیق حساب‌های درون گروهی"" چیست و چه کاربردی دارد؟","پیش‌نیاز آن، ""گروهبندی حساب‌های معین"" است. کاربرد آن این است که به جای انتخاب تک‌تک معین‌های مرتبط (مانند بدهی‌ها و مطالبات)، یک گروه از پیش تعریف‌شده به راحتی در فیلتر گزارش انتخاب شود."
"""گروهبندی حساب معین"" در چه سطحی از ساختار سازمانی تعریف می‌شود (شرکت یا دفتر)؟",گروهبندی حساب معین در سطح دفتر تعریف می‌شود و وابسته به شرکت خاصی نیست.
"پس از اجرای ""گزارش تطبیق حساب‌های درون گروهی""، نتیجه گزارش چه اطلاعاتی را نمایش می‌دهد؟",گزارش، مانده گروه حساب معین انتخاب شده در دفاتر شرکت‌های ردیف را به ازای شرکت‌های ستون نمایش می‌دهد.
منبع اطلاعاتی که گزارش تطبیق حساب‌های درون گروهی برای محاسبه مانده‌ها از آن استفاده می‌کند، چیست؟,"این اطلاعات با توجه به داده‌های ثبت شده در ستون ""شرکت‌های عضو گروه"" در اسناد حسابداری جمع‌آوری می‌شود."
در ماتریس گزارش تطبیق، رنگ قرمز و مشکی در سلول‌ها هر کدام نشان‌دهنده چیست؟,موارد قرمز رنگ نشان‌دهنده وجود مغایرت و موارد مشکی رنگ نشان‌دهنده عدم وجود مغایرت است.
"ستون ""مغایرت"" در گزارش تطبیق چگونه محاسبه می‌شود و مقدار ایده‌آل آن چند است؟",این ستون برآیند جمع مقادیر ردیف و ستون مربوطه است و در صورت عدم وجود مغایرت، باید صفر باشد.
برای مشاهده جزئیات مبلغ یک مغایرت در یکی از سلول‌های گزارش تطبیق، چه باید کرد؟,با قرار گرفتن روی سلول مورد نظر، دکمه سه نقطه نمایش داده می‌شود که با انتخاب آن، ریز مغایرت مربوط به مبلغ کلی آن سلول نمایش داده می‌شود.
کاربر برای بررسی دلایل مغایرت و مشاهده ریز گردش‌ها به تفکیک شرکت، چه اقدامی باید در گزارش تطبیق انجام دهد؟,با انتخاب گزینه مربوطه در سلول شرکت‌ها، صفحه‌ای جدید باز می‌شود که ریز گردش به ازای هر شرکت را نمایش می‌دهد تا دلایل مغایرت بررسی شود.
چه قابلیتی در گزارش تطبیق حساب‌ها برای ردیابی و اصلاح سریع اسناد وجود دارد و تحت چه شرطی فعال است؟,در ستون شماره عطف، کاربر می‌تواند روی شماره کلیک کرده و سند حسابداری مربوطه را مشاهده و در صورت نیاز اصلاح کند. این قابلیت در صورتی فعال است که کاربر دسترسی مشاهده اسناد حسابداری را داشته باشد.
"از اینکه ""روش تجمیع اطلاعات"" غیرفعال در گزارشات نمایش داده نمی‌شود، چه استنباطی در مورد مدیریت تنظیمات سیستم می‌توان کرد؟",می‌توان استنباط کرد که سیستم به کاربران اجازه می‌دهد تنظیمات مختلفی را تعریف کنند اما فقط موارد فعال و معتبر را در فرآیندهای گزارش‌گیری لحاظ می‌کند تا از بروز خطا و استفاده از تنظیمات منسوخ جلوگیری شود.
با توجه به قابلیت‌های گزارش تطبیق (نمایش لحظه‌ای، drill-down، لینک به سند)، مزیت اصلی تجاری آن برای یک هلدینگ چیست؟,مزیت اصلی، کاهش چشمگیر زمان و هزینه لازم برای فرآیند مغایرت‌گیری پایان دوره، افزایش دقت اطلاعات مالی، و توانایی شناسایی و رفع سریع اختلافات حساب‌های درون گروهی است که به بهبود کنترل‌های داخلی و شفافیت مالی در سطح گروه منجر می‌شود.
سه هدف اصلی از به کارگیری ساختار حساب ها در حسابداری کدامند؟,سازماندهی اطلاعات مالی، تسهیل ثبت رویدادهای مالی و تهیه گزارش‌های دقیق مالی.
سه سطح اصلی در ساختار حساب ها را نام ببرید.,گروه حساب، حساب‌ کل، و حساب‌ معین.
بالاترین سطح در ساختار حساب ها کدام است و شامل چه مواردی می‌شود؟,"بالاترین سطح، ""گروه حساب"" است که دسته‌های کلی مانند دارایی‌ها، بدهی‌ها، حقوق مالکانه، درآمدها و هزینه‌ها را شامل می‌شود."
تهیه گزارشات اصلی مالی و دفاتر قانونی بر اساس کدام سطح از حساب‌ها انجام می‌شود؟,"دسته بندی اصلی حساب ها برای تهیه گزارشات و دفاتر قانونی بر اساس سطح ""حساب‌ کل"" انجام می شود."
کدام سطح از ساختار حساب ها به عنوان سطح عملیاتی برای ثبت اسناد حسابداری شناخته می‌شود؟,"سطح ""حساب‌ معین""، سطح عملیاتی ساختار حساب ها برای ثبت اسناد حسابداری می باشد."
"رابطه سلسله مراتبی بین گروه حساب ""دارایی‌های جاری""، حساب کل ""دریافتنی ها"" و حساب معین مربوطه را شرح دهید.","""دارایی‌های جاری"" یک گروه حساب است. ""دریافتنی ها"" یک حساب کل و زیرمجموعه‌ای از آن گروه حساب است. حساب‌های معین مربوطه نیز جزئیات بیشتری از حساب کل دریافتنی‌ها ارائه می‌دهند."
"کاربرد ""حساب های تفصیل"" در ساختار حسابداری چیست؟",حساب های تفصیل برای ارائه اطلاعات مالی با جزییات و تفصیل بیشتر، فراتر از سه سطح اصلی ساختار حساب ها، مورد استفاده قرار می گیرند.
چگونه می توان با استفاده از حساب تفصیل، جزئیات بدهی شرکت به تفکیک اشخاص را نمایش داد؟,"می‌توان از ""طرف های تجاری"" به عنوان تفصیل حساب‌های پرداختنی استفاده کرد تا جزئیات دقیقتری از میزان بدهی شرکت به تفکیک طرف های تجاری آن ارائه شود."
چه عواملی در تعیین ساختار حساب های مناسب برای یک کسب و کار موثر هستند؟,اندازه و پیچیدگی کسب و کار، نوع صنعت و فعالیت و نیازهای گزارشگری.
"از توصیف ساختار حساب ها به صورت ""درختواره ای و چند سطحی"" چه استنباطی در مورد نحوه ارائه جزئیات مالی می توان داشت؟",این توصیف نشان می‌دهد که هر سطح از ساختار، جزئیات بیشتری را در مورد ماهیت رویدادها و معاملات نسبت به سطح بالاتر خود ارائه می‌دهد و اطلاعات از کلی به جزئی طبقه‌بندی می‌شوند.
"حساب‌های ""دائم"" چه ویژگی دارند و به چه نام دیگری شناخته می‌شوند؟",حساب‌هایی هستند که مانده‌ی آن‌ها به سال مالی بعد منتقل می‌شود و به آنها حساب‌های ترازنامه‌ای نیز می‌گویند.
کدام دسته‌ها از حساب‌ها جزء حساب‌های دائمی به شمار می‌روند؟,تمام حساب‌های دارایی، بدهی و حقوق مالکانه.
تفاوت اصلی بین حساب‌های دائم و موقت در پایان سال مالی چیست؟,مانده‌ی حساب‌های دائم به سال مالی بعد منتقل می‌شود، در حالی که مانده‌ی حساب‌های موقت در پایان سال مالی بسته شده و منتقل نمی‌گردد.
"حساب‌های ""موقت"" شامل چه حساب‌هایی هستند و به چه نام دیگری شهرت دارند؟",شامل تمام حساب‌های درآمد و هزینه هستند و به آنها حساب‌های سود و زیانی نیز گفته می‌شود.
"حساب‌های ""انتظامی"" برای ثبت چه نوع اطلاعاتی به کار می‌روند؟",برای ثبت و نگهداری اسناد و رویدادهایی مانند دریافت و پرداخت تضامین و ضمانت نامه‌ها، تعهدات مالی و بدهی‌های احتمالی.
هدف از بکارگیری حساب‌های انتظامی که فاقد ماهیت هستند چیست؟,ایجاد شفافیت بیشتر برای رویدادهای مالی مانند تضامین و تعهدات.
نحوه ارائه و افشای حساب‌های انتظامی در گزارش‌های مالی یک شرکت چگونه است؟,این حساب‌ها در صورت‌های مالی اساسی ارائه نمی‌شوند و نهایتاً در یادداشت‌های همراه صورت‌های مالی افشا می‌گردند.
